latitude,longitude,create_time_incident,incident_type_id,datetime
39.1321350000598,-84.479718,2026-05-24T23:50:57.000,SICK - 26A8 PAIN,2026-05-24 23:50:57
39.1186470000598,-84.520954,2026-05-24T23:51:18.000,=EMS1 - ALS1 RESPONSE,2026-05-24 23:51:18
39.2038250000597,-84.468168,2026-05-24T23:57:00.000,FALL - 17B4,2026-05-24 23:57:00
39.1126360000598,-84.518139,2026-05-25T00:35:01.000,PERDWN - 32D1 UNKNOWN,2026-05-25 00:35:01
39.1301960000598,-84.597793,2026-05-25T00:55:42.000,ARREST - 9E1 NOT BREATHING,2026-05-25 00:55:42
39.1270990000597,-84.523764,2026-05-25T01:18:03.000,BREATH - 6D2,2026-05-25 01:18:03
39.1908540000597,-84.512075,2026-05-25T01:30:28.000,CHESTPN - 10D2 DIFF SPEAKING,2026-05-25 01:30:28
39.1927110000597,-84.480619,2026-05-25T01:43:13.000,ASSLTI - (C) =,2026-05-25 01:43:13
39.1302930000598,-84.511383,2026-05-25T01:46:34.000,ASSLTI - (C) =,2026-05-25 01:46:34
39.1932620000597,-84.480188,2026-05-25T01:49:41.000,EMS,2026-05-25 01:49:41
39.0992380000598,-84.52608,2026-05-25T01:51:30.000,ABDOM - 1A1,2026-05-25 01:51:30
39.1551900000597,-84.409806,2026-05-25T02:03:53.000,PERDWN - 32D1 UNKNOWN,2026-05-25 02:03:53
39.1941990000597,-84.479682,2026-05-25T02:04:58.000,=ASSLTI - (C),2026-05-25 02:04:58
39.0984580000598,-84.52559,2026-05-25T02:08:24.000,EMS,2026-05-25 02:08:24
39.1041890000598,-84.560927,2026-05-25T02:34:36.000,PERDWN - 32B2 MEDICAL ALARM,2026-05-25 02:34:36
39.1457970000597,-84.54063,2026-05-25T02:49:54.000,=OD - (C),2026-05-25 02:49:54
39.1640510000597,-84.522428,2026-05-25T02:53:11.000,=EMS - (C),2026-05-25 02:53:11
39.1079490000598,-84.510379,2026-05-25T03:34:55.000,FALL - 17A2,2026-05-25 03:34:55
39.1087110000597,-84.562334,2026-05-25T03:48:24.000,=EMS - (C),2026-05-25 03:48:24
39.1040490000598,-84.560977,2026-05-25T03:49:34.000,STROKE - 28C1 NOT ALERT,2026-05-25 03:49:34
39.0997080000598,-84.5268,2026-05-25T04:11:53.000,BREATH - 6D1O NOT ALERT,2026-05-25 04:11:53
39.1773560000597,-84.478028,2026-05-25T04:26:39.000,SEIZURE - 12A1,2026-05-25 04:26:39
39.1223620000598,-84.579996,2026-05-25T05:09:42.000,"SEIZURE - 12C1 FOCAL, NOT AERT",2026-05-25 05:09:42
39.1388410000598,-84.454737,2026-05-25T05:23:09.000,FALL - 17A2,2026-05-25 05:23:09
39.1230980000597,-84.544246,2026-05-25T05:27:30.000,DOMINJ - (C) =,2026-05-25 05:27:30
39.1370130000598,-84.460005,2026-05-25T05:28:58.000,FAINT - 31D3,2026-05-25 05:28:58
39.1184090000597,-84.580915,2026-05-25T05:38:37.000,BLEED - 21B1 DANGEROUS,2026-05-25 05:38:37
39.1455210000597,-84.495613,2026-05-25T06:20:56.000,BLEED - 21D5 ABNORMAL BREATH,2026-05-25 06:20:56
39.1592960000597,-84.421607,2026-05-25T08:01:15.000,EMS - (C) =,2026-05-25 08:01:15
39.1128460000598,-84.5766,2026-05-25T08:03:12.000,DIABETIC - 13C2,2026-05-25 08:03:12
39.1042720000597,-84.52957,2026-05-25T09:05:46.000,EMS,2026-05-25 09:05:46
39.1312710000598,-84.46566,2026-05-25T09:09:02.000,SICK - 26A1,2026-05-25 09:09:02
39.1235070000597,-84.574497,2026-05-25T09:14:52.000,SICK - 26A11 VOMITING,2026-05-25 09:14:52
39.1620030000597,-84.406996,2026-05-25T09:18:33.000,STROKE - 28C1 NOT ALERT,2026-05-25 09:18:33
39.0970510000598,-84.518156,2026-05-25T09:42:53.000,EMS,2026-05-25 09:42:53
39.1413490000598,-84.582212,2026-05-25T09:45:13.000,PERDWN - 32D1 UNKNOWN,2026-05-25 09:45:13
39.1434140000597,-84.500862,2026-05-25T09:45:44.000,FAINT - 31C2,2026-05-25 09:45:44
39.2141400000597,-84.488014,2026-05-25T10:02:16.000,SICK - 26C1 ALTERED LOC,2026-05-25 10:02:16
39.1467510000597,-84.495373,2026-05-25T10:02:36.000,BLEED - 21B4 BLOOD THINNERS,2026-05-25 10:02:36
39.1075500000598,-84.517129,2026-05-25T10:05:16.000,EMS,2026-05-25 10:05:16
39.1455620000597,-84.424522,2026-05-25T10:10:45.000,PERDWN - 32D1 UNKNOWN,2026-05-25 10:10:45
39.1286060000597,-84.42858,2026-05-25T10:11:10.000,EMS,2026-05-25 10:11:10
39.1291910000597,-84.705724,2026-05-25T10:16:18.000,STROKE - 28C4 SIDE WEAKNESS,2026-05-25 10:16:18
39.1137200000598,-84.528248,2026-05-25T10:18:52.000,SICK - 26A1,2026-05-25 10:18:52
39.1198640000598,-84.693613,2026-05-25T10:29:17.000,SICK - 26C1 ALTERED LOC,2026-05-25 10:29:17
39.1536850000597,-84.579229,2026-05-25T11:03:02.000,SICK - 26A11 VOMITING,2026-05-25 11:03:02
39.1163240000598,-84.515871,2026-05-25T11:16:32.000,=EMS1 - ALS1 RESPONSE,2026-05-25 11:16:32
39.1634390000597,-84.547586,2026-05-25T11:31:07.000,FALL - 17C1 FAINTING,2026-05-25 11:31:07
39.1378550000597,-84.534343,2026-05-25T11:31:54.000,PERDWN - 32D1 UNKNOWN,2026-05-25 11:31:54
39.1474730000597,-84.611521,2026-05-25T11:33:10.000,ABDOM - 1D1 NOT ALERT,2026-05-25 11:33:10
39.1957910000597,-84.548049,2026-05-25T11:34:19.000,LIFT - 17A4,2026-05-25 11:34:19
39.1028620000598,-84.530067,2026-05-25T11:34:24.000,PERDWN - 32D1 UNKNOWN,2026-05-25 11:34:24
39.1459110000597,-84.495403,2026-05-25T11:54:16.000,SICK - 26A1,2026-05-25 11:54:16
39.1020810000597,-84.506296,2026-05-25T12:04:40.000,EMS,2026-05-25 12:04:40
39.1744430000597,-84.48106,2026-05-25T12:06:21.000,STROKE - 28C12,2026-05-25 12:06:21
39.1058710000597,-84.580843,2026-05-25T12:07:30.000,FALL - 17D5 SOB,2026-05-25 12:07:30
39.1967850000597,-84.565534,2026-05-25T12:11:52.000,EMS,2026-05-25 12:11:52
39.1017510000597,-84.506806,2026-05-25T12:24:43.000,EMS,2026-05-25 12:24:43
39.1008460000598,-84.508495,2026-05-25T12:25:57.000,=EMS1 - ALS1 RESPONSE,2026-05-25 12:25:57
39.1355360000598,-84.508028,2026-05-25T12:32:09.000,FALL - 17A2,2026-05-25 12:32:09
39.0647900000598,-84.428027,2026-05-25T12:39:34.000,SEIZURE - 12D2 MULTIPLE,2026-05-25 12:39:34
39.1049290000598,-84.561227,2026-05-25T12:44:04.000,PERDWN - 32B2 MEDICAL ALARM,2026-05-25 12:44:04
39.1474510000597,-84.489813,2026-05-25T12:46:46.000,BLEED - 21B1 DANGEROUS,2026-05-25 12:46:46
39.1180960000597,-84.518167,2026-05-25T12:58:16.000,BREATH - 6C1E EMPHYSEMA,2026-05-25 12:58:16
39.1114900000598,-84.519233,2026-05-25T13:06:49.000,FALL - 17B1,2026-05-25 13:06:49
39.1044460000597,-84.387246,2026-05-25T13:08:55.000,FALL - 17B4,2026-05-25 13:08:55
39.1455130000598,-84.468547,2026-05-25T13:15:46.000,PERDWN - 32B2 MEDICAL ALARM,2026-05-25 13:15:46
39.1728970000597,-84.431781,2026-05-25T13:19:34.000,FALL - 17B1,2026-05-25 13:19:34
39.1895840000597,-84.457263,2026-05-25T13:23:45.000,SEIZURE - 12D4,2026-05-25 13:23:45
39.1866810000597,-84.510684,2026-05-25T13:25:48.000,FAINT - 31D4 NOT ALERT,2026-05-25 13:25:48
39.1082860000598,-84.529681,2026-05-25T13:27:13.000,DOMINJ - (C) =,2026-05-25 13:27:13
39.1259500000598,-84.598372,2026-05-25T13:27:33.000,FAINT - 31D4 NOT ALERT,2026-05-25 13:27:33
39.2061850000597,-84.4588,2026-05-25T13:32:37.000,PERDWN - 32D1 UNKNOWN,2026-05-25 13:32:37
39.1994340000597,-84.548688,2026-05-25T13:33:42.000,CHESTPN - 10D2 DIFF SPEAKING,2026-05-25 13:33:42
39.1401360000597,-84.476238,2026-05-25T13:34:45.000,OD - (C)(V) 23B1V,2026-05-25 13:34:45
39.1661700000597,-84.551926,2026-05-25T13:57:06.000,FALL - 17B4,2026-05-25 13:57:06
39.1204290000597,-84.566161,2026-05-25T13:58:41.000,SICK - 26A8 PAIN,2026-05-25 13:58:41
39.1442460000598,-84.414368,2026-05-25T14:02:11.000,FAINT - 31C1 ABNORMAL BREATH,2026-05-25 14:02:11
39.1238700000597,-84.523704,2026-05-25T14:02:55.000,FALL - 17B3 STAIRS,2026-05-25 14:02:55
39.1438800000598,-84.559548,2026-05-25T14:10:32.000,ASSLTI - (C) =,2026-05-25 14:10:32
39.0628330000598,-84.422295,2026-05-25T14:13:36.000,CHESTPN - 10D2 DIFF SPEAKING,2026-05-25 14:13:36
39.1362160000597,-84.616318,2026-05-25T14:17:38.000,BREATH - 6D1E NOT ALERT,2026-05-25 14:17:38
39.1516950000598,-84.438682,2026-05-25T14:33:53.000,FALL - 17B1,2026-05-25 14:33:53
39.0813620000598,-84.589129,2026-05-25T14:40:29.000,BURN - 7A1 MINOR,2026-05-25 14:40:29
39.1451220000598,-84.48997,2026-05-25T14:41:12.000,PERDWN - 32B1 PT MOV/TALK,2026-05-25 14:41:12
39.2062550000597,-84.462232,2026-05-25T14:45:01.000,DIABETIC - 13A1,2026-05-25 14:45:01
39.1075220000598,-84.563563,2026-05-25T14:48:31.000,FAINT - 31D4 NOT ALERT,2026-05-25 14:48:31
39.1534620000597,-84.485951,2026-05-25T14:49:25.000,CHESTPN - 10D4 CLAMMY,2026-05-25 14:49:25
39.1069190000598,-84.509899,2026-05-25T15:02:15.000,PERDWN - 32D1 UNKNOWN,2026-05-25 15:02:15
39.1341460000598,-84.461583,2026-05-25T15:02:29.000,CHESTPN - 10D2 DIFF SPEAKING,2026-05-25 15:02:29
39.1143800000598,-84.528518,2026-05-25T15:03:40.000,ABDOM - 1A1,2026-05-25 15:03:40
39.1459770000597,-84.431289,2026-05-25T15:11:06.000,=EMS1 - ALS1 RESPONSE,2026-05-25 15:11:06
39.1319060000598,-84.610249,2026-05-25T15:15:50.000,SICK - 26A8 PAIN,2026-05-25 15:15:50
39.1526900000598,-84.56367,2026-05-25T15:16:47.000,PERDWN - 32B2 MEDICAL ALARM,2026-05-25 15:16:47
39.1968330000597,-84.549619,2026-05-25T15:17:46.000,SICK - 26C1 ALTERED LOC,2026-05-25 15:17:46
39.1528900000598,-84.56329,2026-05-25T15:20:02.000,311 TRANSFER FOR EMS,2026-05-25 15:20:02
39.1752320000597,-84.462521,2026-05-25T15:53:22.000,STROKE - 28C1F CLEAR EVIDENCE,2026-05-25 15:53:22
39.1016710000597,-84.507096,2026-05-25T15:56:15.000,EMS,2026-05-25 15:56:15
39.1532220000597,-84.485761,2026-05-25T15:58:18.000,CHESTPN - 10D2 DIFF SPEAKING,2026-05-25 15:58:18
39.2067070000597,-84.458907,2026-05-25T16:00:25.000,=EMS - (C),2026-05-25 16:00:25
39.1729410000597,-84.429841,2026-05-25T16:10:22.000,SICK - 26A1,2026-05-25 16:10:22
39.1803210000597,-84.520385,2026-05-25T16:10:27.000,SICK - 26A1,2026-05-25 16:10:27
39.1362050000597,-84.47823,2026-05-25T16:15:33.000,CHESTPN - 10D5 CARDIAC HX,2026-05-25 16:15:33
39.1305060000598,-84.598133,2026-05-25T16:19:38.000,SICK - 26C2 ABNORMAL BREATH,2026-05-25 16:19:38
39.1565260000597,-84.552721,2026-05-25T16:22:02.000,BREATH - 6D1 NOT ALERT,2026-05-25 16:22:02
39.1553560000597,-84.553371,2026-05-25T16:29:01.000,PERDWN - 32B2 MEDICAL ALARM,2026-05-25 16:29:01
39.1569290000597,-84.5263,2026-05-25T16:38:25.000,BREATH - 6D2E EMPHYSEMA,2026-05-25 16:38:25
39.1081110000598,-84.516389,2026-05-25T16:39:38.000,BREATH - 6D2A ASTHMA,2026-05-25 16:39:38
39.2090970000597,-84.469489,2026-05-25T16:42:50.000,CHESTPN - 10D1 NOT ALERT,2026-05-25 16:42:50
39.1613890000597,-84.541472,2026-05-25T16:47:46.000,EMS,2026-05-25 16:47:46
39.1064110000597,-84.507427,2026-05-25T17:07:28.000,FAINT - 31D4 NOT ALERT,2026-05-25 17:07:28
39.1424420000597,-84.58427,2026-05-25T17:12:22.000,BREATH - 6C1,2026-05-25 17:12:22
39.1317600000597,-84.588468,2026-05-25T17:12:30.000,PERDWN - 32D1 UNKNOWN,2026-05-25 17:12:30
39.2156000000597,-84.488524,2026-05-25T17:13:18.000,FALL - 17B1,2026-05-25 17:13:18
39.1604410000597,-84.539858,2026-05-25T17:22:37.000,STROKE - 28C1F CLEAR EVIDENCE,2026-05-25 17:22:37
39.1270850000597,-84.502617,2026-05-25T17:29:55.000,PERDWN - 32B1 PT MOV/TALK,2026-05-25 17:29:55
39.1470610000597,-84.494763,2026-05-25T17:33:23.000,BLEED - 21C1 THRU TUBES,2026-05-25 17:33:23
39.1025560000597,-84.506375,2026-05-25T17:35:10.000,=EMS1 - ALS1 RESPONSE,2026-05-25 17:35:10
39.1314530000597,-84.589052,2026-05-25T17:53:31.000,FAINT - 31D4 NOT ALERT,2026-05-25 17:53:31
39.1019230000598,-84.50805,2026-05-25T17:57:20.000,EMS,2026-05-25 17:57:20
39.0887970000598,-84.389269,2026-05-25T17:57:40.000,CHESTPN - 10C3,2026-05-25 17:57:40
39.1267000000598,-84.489945,2026-05-25T18:01:07.000,EMS,2026-05-25 18:01:07
39.1909140000597,-84.475668,2026-05-25T18:06:31.000,PERDWN - 32D1 UNKNOWN,2026-05-25 18:06:31
39.1201870000598,-84.524952,2026-05-25T18:07:04.000,=EMS1 - ALS1 RESPONSE,2026-05-25 18:07:04
39.1176730000598,-84.532172,2026-05-25T18:21:42.000,SICK - 26C2 ABNORMAL BREATH,2026-05-25 18:21:42
39.1064590000598,-84.571683,2026-05-25T18:23:57.000,SICK - 26C2 ABNORMAL BREATH,2026-05-25 18:23:57
39.1018720000598,-84.528725,2026-05-25T18:24:15.000,=EMS1 - ALS1 RESPONSE,2026-05-25 18:24:15
39.1986190000597,-84.546782,2026-05-25T18:30:38.000,EMS,2026-05-25 18:30:38
39.1902470000597,-84.466812,2026-05-25T18:40:48.000,INVEST - 69D5F BURNED FOOD,2026-05-25 18:40:48
39.1755320000598,-84.480008,2026-05-25T18:43:14.000,BLEED - 21B2 SERIOUS,2026-05-25 18:43:14
39.1452230000598,-84.568215,2026-05-25T18:50:27.000,FAINT - 31D1 AGONAL BREATHING,2026-05-25 18:50:27
39.1525790000597,-84.484181,2026-05-25T18:51:07.000,SICK - 26A5 GEN WEAKNESS,2026-05-25 18:51:07
39.1116610000598,-84.577423,2026-05-25T18:53:02.000,SICK - 26A8 PAIN,2026-05-25 18:53:02
39.1969960000597,-84.546736,2026-05-25T19:03:16.000,EMS,2026-05-25 19:03:16
39.1966780000597,-84.534447,2026-05-25T19:04:43.000,FAINT - 31D3,2026-05-25 19:04:43
39.1307900000597,-84.588528,2026-05-25T19:05:08.000,PERDWN - 32D1 UNKNOWN,2026-05-25 19:05:08
39.1569890000597,-84.52484,2026-05-25T19:05:53.000,STROKE - 28C1 NOT ALERT,2026-05-25 19:05:53
39.1999960000597,-84.480822,2026-05-25T19:13:37.000,EMS,2026-05-25 19:13:37
39.1056210000597,-84.580303,2026-05-25T19:17:32.000,STROKE - 28C5F CLEAR EVIDENCE,2026-05-25 19:17:32
39.1482140000597,-84.500423,2026-05-25T19:24:24.000,SICK - 26C1 ALTERED LOC,2026-05-25 19:24:24
39.1488280000597,-84.563764,2026-05-25T19:24:52.000,BREATH - 6D2E EMPHYSEMA,2026-05-25 19:24:52
39.1618450000597,-84.427648,2026-05-25T19:29:57.000,PERDWN - 32D1 UNKNOWN,2026-05-25 19:29:57
39.1438150000598,-84.588551,2026-05-25T19:33:49.000,EMS,2026-05-25 19:33:49
39.1371680000597,-84.457451,2026-05-25T19:48:37.000,FALL - 17A2,2026-05-25 19:48:37
39.1303700000597,-84.587438,2026-05-25T20:08:48.000,=PERDWN,2026-05-25 20:08:48
39.1331800000598,-84.462751,2026-05-25T20:15:05.000,FALL - 17A2,2026-05-25 20:15:05
39.1834240000597,-84.41991,2026-05-25T20:22:30.000,FALL - 17D4 NOT ALERT,2026-05-25 20:22:30
39.1148310000598,-84.52883,2026-05-25T20:28:11.000,LIFT - 17A4,2026-05-25 20:28:11
39.1363170000597,-84.485628,2026-05-25T20:33:57.000,CHESTPN - 10C1 ABNORMAL BREATH,2026-05-25 20:33:57
39.2055420000597,-84.553995,2026-05-25T20:40:33.000,BLEED - 21D3 NOT ALERT,2026-05-25 20:40:33
39.2043390000597,-84.544836,2026-05-25T20:43:04.000,DOMINJ - (C) =,2026-05-25 20:43:04
39.1764390000597,-84.469524,2026-05-25T20:48:33.000,BREATH - 6C1,2026-05-25 20:48:33
39.1399810000597,-84.452165,2026-05-25T20:59:51.000,INVEST - 69D5O ODOR OF SMOKE,2026-05-25 20:59:51
39.1952010000597,-84.547999,2026-05-25T21:07:44.000,LIFT - 17A4,2026-05-25 21:07:44
39.1051330000598,-84.561427,2026-05-25T21:17:12.000,FAINT - 31C2,2026-05-25 21:17:12
39.1361300000597,-84.525854,2026-05-25T21:23:12.000,BREATH - 6D2,2026-05-25 21:23:12
39.1496390000597,-84.53114,2026-05-25T21:27:26.000,CHESTPN - 10A1,2026-05-25 21:27:26
39.1121850000598,-84.519345,2026-05-25T21:28:55.000,OD - (C) 23C8I INTENTIONAL,2026-05-25 21:28:55
39.1051990000598,-84.561467,2026-05-25T21:34:37.000,CHESTPN - 10C1 ABNORMAL BREATH,2026-05-25 21:34:37
39.2034320000597,-84.563198,2026-05-25T21:37:53.000,ABDOM - 1A1,2026-05-25 21:37:53
39.1605460000597,-84.382118,2026-05-25T21:38:13.000,EMS,2026-05-25 21:38:13
39.1360510000597,-84.467599,2026-05-25T21:40:21.000,OD - (C) 23C8I INTENTIONAL,2026-05-25 21:40:21
39.2153590000597,-84.531783,2026-05-25T21:40:58.000,FAINT - 31C1 ABNORMAL BREATH,2026-05-25 21:40:58
39.1188520000598,-84.559123,2026-05-25T21:45:27.000,FALL - 17B1,2026-05-25 21:45:27
39.2020150000597,-84.514007,2026-05-25T21:47:18.000,OD - 23C8A ACCIDENTAL,2026-05-25 21:47:18
39.1527250000598,-84.568418,2026-05-25T21:53:14.000,SICK - 26A1,2026-05-25 21:53:14
39.1384050000597,-84.602635,2026-05-25T22:01:18.000,SICK - 26C1 ALTERED LOC,2026-05-25 22:01:18
39.1217510000598,-84.491202,2026-05-25T22:02:35.000,ABDOM - 1A1,2026-05-25 22:02:35
39.1344860000597,-84.419611,2026-05-25T22:05:16.000,SICK - 26D1 NOT ALERT,2026-05-25 22:05:16
39.1838130000597,-84.420678,2026-05-25T22:15:05.000,BLEED - 21C1 THRU TUBES,2026-05-25 22:15:05
39.1713200000597,-84.519412,2026-05-25T22:18:45.000,PREG - 24D2 HEAD VISIBLE,2026-05-25 22:18:45
39.1374350000598,-84.613547,2026-05-25T22:26:38.000,PERDWN - 32B2 MEDICAL ALARM,2026-05-25 22:26:38
39.1604650000597,-84.391288,2026-05-25T22:28:55.000,BREATH - 6C1O,2026-05-25 22:28:55
39.1624390000597,-84.541592,2026-05-25T22:39:17.000,SICK - 26C1 ALTERED LOC,2026-05-25 22:39:17
39.1944350000597,-84.459494,2026-05-25T22:40:24.000,ASSLTI - (C) =,2026-05-25 22:40:24
39.1827300000597,-84.512347,2026-05-25T22:42:22.000,FAINT - 31E1 INEFF BREATHING,2026-05-25 22:42:22
39.1017970000598,-84.512548,2026-05-25T23:07:16.000,=EMS - (C),2026-05-25 23:07:16
39.1316930000597,-84.500195,2026-05-25T23:07:50.000,BLEED - 21D5 ABNORMAL BREATH,2026-05-25 23:07:50
39.1488470000598,-84.489705,2026-05-25T23:13:41.000,ASSLTI - (C)(W) =,2026-05-25 23:13:41
39.1137600000598,-84.576148,2026-05-25T23:19:30.000,=EMS - (C),2026-05-25 23:19:30
39.1162550000597,-84.514884,2026-05-25T23:32:51.000,SICK - 26D1 NOT ALERT,2026-05-25 23:32:51
39.2008800000597,-84.464492,2026-05-25T23:36:25.000,CHESTPN - 10C3,2026-05-25 23:36:25
39.1297760000598,-84.599533,2026-05-25T23:37:59.000,SICK - 26D1 NOT ALERT,2026-05-25 23:37:59
39.1080430000598,-84.582888,2026-05-25T23:54:40.000,SICK - 26C2 ABNORMAL BREATH,2026-05-25 23:54:40
39.1658290000597,-84.550335,2026-05-26T00:03:36.000,SICK - 26C2 ABNORMAL BREATH,2026-05-26 00:03:36
39.1394910000598,-84.455947,2026-05-26T00:09:32.000,SICK - 26A2 ABNORMAL BP,2026-05-26 00:09:32
39.1324390000597,-84.488758,2026-05-26T00:34:49.000,LIFT - 17A4,2026-05-26 00:34:49
39.1129670000598,-84.592644,2026-05-26T00:49:36.000,BREATH - 6E1 INEFFECT BREATH,2026-05-26 00:49:36
39.1054330000598,-84.511545,2026-05-26T01:06:12.000,CHESTPN - 10C3,2026-05-26 01:06:12
39.1614530000597,-84.406666,2026-05-26T01:06:18.000,BREATH - 6D1E NOT ALERT,2026-05-26 01:06:18
39.1268200000597,-84.554239,2026-05-26T01:08:00.000,DOMINJ - (C) =,2026-05-26 01:08:00
39.1256090000598,-84.490293,2026-05-26T01:11:04.000,BREATH - 6C1A ASTHMA,2026-05-26 01:11:04
39.1353650000597,-84.614593,2026-05-26T01:26:08.000,FAINT - 31C3 ABDOMINAL PAIN,2026-05-26 01:26:08
39.1073630000598,-84.530847,2026-05-26T01:31:46.000,EMS,2026-05-26 01:31:46
39.1963150000597,-84.546222,2026-05-26T01:47:27.000,CHESTPN - 10D4 CLAMMY,2026-05-26 01:47:27
39.1149000000598,-84.517616,2026-05-26T02:10:23.000,=OD - (C),2026-05-26 02:10:23
39.1453240000598,-84.500659,2026-05-26T02:25:32.000,BREATH - 6D2,2026-05-26 02:25:32
39.1131910000597,-84.517075,2026-05-26T02:31:37.000,"OD - (C) 23E1A ARREST, ACC",2026-05-26 02:31:37
39.1659660000597,-84.541499,2026-05-26T02:33:03.000,=EMS2 - ALS2 RESPONSE,2026-05-26 02:33:03
39.1177500000597,-84.415304,2026-05-26T03:09:27.000,FALL - 17B1,2026-05-26 03:09:27
39.2020790000597,-84.535779,2026-05-26T03:45:31.000,SICK - 26C2 ABNORMAL BREATH,2026-05-26 03:45:31
39.1553360000597,-84.558619,2026-05-26T03:56:11.000,SICK - 26A11 VOMITING,2026-05-26 03:56:11
39.1511650000597,-84.489598,2026-05-26T04:05:02.000,STROKE - 28C4F CLEAR EVIDENCE,2026-05-26 04:05:02
39.1179150000598,-84.606897,2026-05-26T04:12:53.000,ABDOM - 1A1,2026-05-26 04:12:53
39.1434890000597,-84.520176,2026-05-26T04:25:07.000,DIABETIC - 13A1,2026-05-26 04:25:07
39.1323500000598,-84.486887,2026-05-26T04:25:55.000,BREATH - 6D1 NOT ALERT,2026-05-26 04:25:55
39.1571800000597,-84.472411,2026-05-26T04:50:02.000,CHESTPN - 10A1,2026-05-26 04:50:02
39.1522290000597,-84.384958,2026-05-26T05:03:33.000,ABDOM - 1A1,2026-05-26 05:03:33
39.1632350000597,-84.54947,2026-05-26T05:22:49.000,LIFT - 17A4,2026-05-26 05:22:49
39.1617730000597,-84.536225,2026-05-26T05:24:50.000,SICK - 26D1 NOT ALERT,2026-05-26 05:24:50
39.1440850000598,-84.55777,2026-05-26T06:11:14.000,OD - (C) 23C1I INTENTIONAL,2026-05-26 06:11:14
39.2001270000597,-84.515448,2026-05-26T06:41:45.000,BLEED - 21A1,2026-05-26 06:41:45
39.1899230000597,-84.414797,2026-05-26T06:45:35.000,LIFT - 17A4,2026-05-26 06:45:35
39.1241370000597,-84.576117,2026-05-26T06:49:27.000,SICK - 26C2 ABNORMAL BREATH,2026-05-26 06:49:27
39.1442680000597,-84.494139,2026-05-26T06:57:13.000,PERDWN - 32D1 UNKNOWN,2026-05-26 06:57:13
39.1502530000598,-84.391475,2026-05-26T07:10:32.000,SICK - 26A5 GEN WEAKNESS,2026-05-26 07:10:32
39.1351210000597,-84.476885,2026-05-26T07:18:48.000,BREATH - 6D2O,2026-05-26 07:18:48
39.1410390000597,-84.535701,2026-05-26T07:19:25.000,SEIZURE - 12D4,2026-05-26 07:19:25
39.1050450000598,-84.553924,2026-05-26T07:19:38.000,DIABETIC - 13C2,2026-05-26 07:19:38
39.1179020000598,-84.535294,2026-05-26T07:46:57.000,STROKE - 28C1 NOT ALERT,2026-05-26 07:46:57
39.1773590000597,-84.425214,2026-05-26T07:47:39.000,FALL - 17A2,2026-05-26 07:47:39
39.1349120000597,-84.505364,2026-05-26T07:54:07.000,BREATH - 6D2O,2026-05-26 07:54:07
39.1330550000597,-84.574951,2026-05-26T08:08:49.000,ASSLTI - (C) =,2026-05-26 08:08:49
39.1447340000598,-84.500759,2026-05-26T08:12:55.000,BREATH - 6D4A ASTHMA,2026-05-26 08:12:55
39.1900120000597,-84.574039,2026-05-26T08:23:59.000,CHESTPN - 10D4 CLAMMY,2026-05-26 08:23:59
39.1329610000597,-84.531272,2026-05-26T08:26:12.000,ABDOM - 1C4,2026-05-26 08:26:12
39.1314550000597,-84.587914,2026-05-26T08:45:58.000,CHESTPN - 10D1 NOT ALERT,2026-05-26 08:45:58
39.1311150000597,-84.586494,2026-05-26T08:46:38.000,FAINT - 31D4 NOT ALERT,2026-05-26 08:46:38
39.1962750000597,-84.546722,2026-05-26T09:01:24.000,CHESTPN - 10D4 CLAMMY,2026-05-26 09:01:24
39.1373820000597,-84.547637,2026-05-26T09:03:03.000,PERDWN - 32D1 UNKNOWN,2026-05-26 09:03:03
39.1810980000597,-84.414358,2026-05-26T09:03:12.000,CHESTPN - 10C1 ABNORMAL BREATH,2026-05-26 09:03:12
39.0862110000598,-84.572655,2026-05-26T09:10:40.000,BREATH - 6D2,2026-05-26 09:10:40
39.1363220000597,-84.505094,2026-05-26T09:28:46.000,CHESTPN - 10C3,2026-05-26 09:28:46
39.1320400000597,-84.612172,2026-05-26T09:31:45.000,EMS,2026-05-26 09:31:45
39.1276880000597,-84.488191,2026-05-26T09:55:46.000,SICK - 26C2 ABNORMAL BREATH,2026-05-26 09:55:46
39.1119630000598,-84.566861,2026-05-26T10:03:38.000,FALL - 17A3 NON RECENT,2026-05-26 10:03:38
39.1619200000597,-84.403252,2026-05-26T10:13:08.000,FAINT - 31D2 ABNORMAL BREATH,2026-05-26 10:13:08
39.1885790000597,-84.462837,2026-05-26T10:15:17.000,PERDWN - 32D1 UNKNOWN,2026-05-26 10:15:17
39.1510300000597,-84.483041,2026-05-26T10:28:23.000,ARREST - 9E1 NOT BREATHING,2026-05-26 10:28:23
39.1955320000597,-84.533621,2026-05-26T10:33:59.000,FAINT - 31A3,2026-05-26 10:33:59
39.1174410000597,-84.524908,2026-05-26T10:39:30.000,DIABETIC - 13C1 NOT ALERT,2026-05-26 10:39:30
39.1552060000597,-84.553591,2026-05-26T10:39:32.000,EMS,2026-05-26 10:39:32
39.1995450000597,-84.458286,2026-05-26T10:40:24.000,BREATH - 6D2A ASTHMA,2026-05-26 10:40:24
39.1056940000598,-84.681786,2026-05-26T10:49:37.000,BLEED - 21D5 ABNORMAL BREATH,2026-05-26 10:49:37
39.1072590000598,-84.580908,2026-05-26T10:57:53.000,BREATH - 6C1,2026-05-26 10:57:53
39.1524430000598,-84.408881,2026-05-26T10:58:49.000,SICK - 26O11 DIARRHEA,2026-05-26 10:58:49
39.2174660000597,-84.485197,2026-05-26T10:59:20.000,SICK - 26C2 ABNORMAL BREATH,2026-05-26 10:59:20
39.1150200000598,-84.517204,2026-05-26T11:00:05.000,SEIZURE - 12A2,2026-05-26 11:00:05
39.1341540000597,-84.49784,2026-05-26T11:02:49.000,PERDWN - 32D1 UNKNOWN,2026-05-26 11:02:49
39.1220290000598,-84.514742,2026-05-26T11:12:13.000,"PREG - 24D4C BLEED, PRETERM",2026-05-26 11:12:13
39.1933420000597,-84.571959,2026-05-26T11:26:31.000,FALL - 17B4,2026-05-26 11:26:31
39.1132880000598,-84.610008,2026-05-26T11:29:57.000,BREATH - 6C1,2026-05-26 11:29:57
39.1595100000597,-84.474651,2026-05-26T11:30:07.000,=EMS - (C),2026-05-26 11:30:07
39.1762820000597,-84.438146,2026-05-26T11:34:02.000,LIFT - 53A2,2026-05-26 11:34:02
39.2012360000597,-84.545419,2026-05-26T11:38:29.000,CHESTPN - 10D4 CLAMMY,2026-05-26 11:38:29
39.1457190000598,-84.578141,2026-05-26T12:00:54.000,BLEED - 21C1 THRU TUBES,2026-05-26 12:00:54
39.1106940000598,-84.519411,2026-05-26T12:01:32.000,BREATH - 6D1E NOT ALERT,2026-05-26 12:01:32
39.1058860000598,-84.51444,2026-05-26T12:04:01.000,FAINT - 31D1 AGONAL BREATHING,2026-05-26 12:04:01
39.1254980000598,-84.474069,2026-05-26T12:07:56.000,DIABETIC - 13C1 NOT ALERT,2026-05-26 12:07:56
39.1135150000598,-84.517026,2026-05-26T12:25:06.000,OD - (C) 23D2A ACCIDENTAL,2026-05-26 12:25:06
39.1154720000598,-84.531138,2026-05-26T12:29:26.000,LIFT - 17A4,2026-05-26 12:29:26
39.1417010000597,-84.439035,2026-05-26T12:37:18.000,CHESTPN - 10C1 ABNORMAL BREATH,2026-05-26 12:37:18
39.1171240000597,-84.691136,2026-05-26T12:38:21.000,CHESTPN - 10C1 ABNORMAL BREATH,2026-05-26 12:38:21
39.1328240000597,-84.488581,2026-05-26T12:45:53.000,=EMS - (C),2026-05-26 12:45:53
39.1203940000598,-84.485422,2026-05-26T12:50:11.000,STROKE - 28C1 NOT ALERT,2026-05-26 12:50:11
39.1045650000598,-84.568501,2026-05-26T12:56:40.000,SICK - 26O7 CONSTIPATION,2026-05-26 12:56:40
39.1935030000597,-84.481204,2026-05-26T13:03:32.000,BLEED - 21B1 DANGEROUS,2026-05-26 13:03:32
39.1780000000597,-84.547418,2026-05-26T13:03:34.000,EMS,2026-05-26 13:03:34
39.1060970000598,-84.511486,2026-05-26T13:05:38.000,=EMS1 - ALS1 RESPONSE,2026-05-26 13:05:38
39.1106240000597,-84.599157,2026-05-26T13:13:28.000,CHESTPN - 10C3,2026-05-26 13:13:28
39.2009040000597,-84.547248,2026-05-26T13:25:56.000,CHESTPN - 10D5 CARDIAC HX,2026-05-26 13:25:56
39.1123290000598,-84.503403,2026-05-26T13:26:20.000,=EMS1 - ALS1 RESPONSE,2026-05-26 13:26:20
39.1756570000597,-84.54953,2026-05-26T13:35:31.000,SICK - 26C2 ABNORMAL BREATH,2026-05-26 13:35:31
39.1491850000597,-84.568989,2026-05-26T13:36:39.000,ABDOM - 1A1,2026-05-26 13:36:39
39.1890030000597,-84.490077,2026-05-26T13:41:37.000,ASSLTI - (C) =,2026-05-26 13:41:37
39.1345270000597,-84.568566,2026-05-26T13:45:16.000,SICK - 26O28 INFECTION,2026-05-26 13:45:16
39.1166870000597,-84.515453,2026-05-26T13:46:24.000,CHESTPN - 10D2 DIFF SPEAKING,2026-05-26 13:46:24
39.1061180000598,-84.565794,2026-05-26T13:53:45.000,CHESTPN - 10C1 ABNORMAL BREATH,2026-05-26 13:53:45
39.1140350000598,-84.517756,2026-05-26T13:58:29.000,"OD - (C) 23D1A ARREST, ACC",2026-05-26 13:58:29
39.1651080000597,-84.514217,2026-05-26T14:26:49.000,FAINT - 31D4 NOT ALERT,2026-05-26 14:26:49
39.2122670000597,-84.469278,2026-05-26T14:33:22.000,FALL - 17B1,2026-05-26 14:33:22
39.1464680000597,-84.405163,2026-05-26T14:39:19.000,SICK - 26A8 PAIN,2026-05-26 14:39:19
39.1140370000598,-84.516099,2026-05-26T15:01:18.000,=EMS1 - ALS1 RESPONSE,2026-05-26 15:01:18
39.1496850000597,-84.535111,2026-05-26T15:21:03.000,CHESTPN - 10D2 DIFF SPEAKING,2026-05-26 15:21:03
39.1980680000597,-84.459126,2026-05-26T15:24:18.000,=EMS1 - ALS1 RESPONSE,2026-05-26 15:24:18
39.1496860000597,-84.538287,2026-05-26T15:29:21.000,=EMS2 - ALS2 RESPONSE,2026-05-26 15:29:21
39.2048590000597,-84.452428,2026-05-26T15:30:29.000,BLEED - 21D5 ABNORMAL BREATH,2026-05-26 15:30:29
39.1272990000598,-84.600562,2026-05-26T15:37:12.000,=ASSLTI - (C),2026-05-26 15:37:12
39.1371430000597,-84.509373,2026-05-26T16:11:40.000,EMS,2026-05-26 16:11:40
39.1297740000598,-84.522564,2026-05-26T16:16:22.000,FAINT - 31A3,2026-05-26 16:16:22
39.1113020000598,-84.573687,2026-05-26T16:19:23.000,CHESTPN - 10D4 CLAMMY,2026-05-26 16:19:23
39.1071100000598,-84.50801,2026-05-26T16:23:32.000,SICK - 26D1 NOT ALERT,2026-05-26 16:23:32
39.1736730000597,-84.475045,2026-05-26T16:25:10.000,SICK - 26B1,2026-05-26 16:25:10
39.1623930000598,-84.421627,2026-05-26T16:46:55.000,SICK - 26A8 PAIN,2026-05-26 16:46:55
39.1635720000597,-84.384749,2026-05-26T16:58:03.000,SICK - 26D1 NOT ALERT,2026-05-26 16:58:03
39.0980980000598,-84.52721,2026-05-26T16:59:50.000,BREATH - 6D1 NOT ALERT,2026-05-26 16:59:50
39.1516230000597,-84.487644,2026-05-26T17:16:20.000,ARREST - 9E1 NOT BREATHING,2026-05-26 17:16:20
39.1166870000598,-84.518445,2026-05-26T17:19:11.000,=EMS1 - ALS1 RESPONSE,2026-05-26 17:19:11
39.2046850000597,-84.470118,2026-05-26T17:33:43.000,FALL - 17B4,2026-05-26 17:33:43
39.1409600000597,-84.486998,2026-05-26T17:34:23.000,CHESTPN - 10C3,2026-05-26 17:34:23
39.1095340000598,-84.517354,2026-05-26T17:39:03.000,=EMS - (C),2026-05-26 17:39:03
39.1524250000597,-84.485681,2026-05-26T17:47:35.000,FALL - 17D5 SOB,2026-05-26 17:47:35
39.1353140000597,-84.49651,2026-05-26T17:49:40.000,PERDWN - 32D1 UNKNOWN,2026-05-26 17:49:40
39.1820140000597,-84.51216,2026-05-26T18:06:38.000,SICK - 26O9 CUT RING,2026-05-26 18:06:38
39.1567270000597,-84.381728,2026-05-26T18:24:57.000,ABDOM - 1A1,2026-05-26 18:24:57
39.1123150000598,-84.52735,2026-05-26T18:26:55.000,=EMS - (C),2026-05-26 18:26:55
39.1429730000598,-84.519752,2026-05-26T19:08:56.000,SICK - 26C2 ABNORMAL BREATH,2026-05-26 19:08:56
39.1299610000597,-84.489207,2026-05-26T19:12:50.000,"BLEED - 21B2T SERIOUS, TRAUMA",2026-05-26 19:12:50
39.0947450000598,-84.575521,2026-05-26T19:14:31.000,CHESTPN - 10D2 DIFF SPEAKING,2026-05-26 19:14:31
39.1456870000597,-84.576855,2026-05-26T19:28:52.000,BREATH - 6D1 NOT ALERT,2026-05-26 19:28:52
39.1442650000597,-84.550993,2026-05-26T19:29:36.000,BREATH - 6D2A ASTHMA,2026-05-26 19:29:36
39.1275430000598,-84.561018,2026-05-26T19:33:39.000,SICK - 26A10 UNWELL,2026-05-26 19:33:39
39.1061510000598,-84.514207,2026-05-26T19:51:51.000,FAINT - 31D4 NOT ALERT,2026-05-26 19:51:51
39.1902340000597,-84.545169,2026-05-26T20:02:37.000,CHESTPN - 10D2 DIFF SPEAKING,2026-05-26 20:02:37
39.1096240000598,-84.529116,2026-05-26T20:03:58.000,SEIZURE - 12C4,2026-05-26 20:03:58
39.1360930000598,-84.470117,2026-05-26T20:48:52.000,FAINT - 31A1,2026-05-26 20:48:52
39.1522690000597,-84.533778,2026-05-26T21:12:21.000,BREATH - 6C1E EMPHYSEMA,2026-05-26 21:12:21
39.1228290000598,-84.514369,2026-05-26T21:31:07.000,EMS,2026-05-26 21:31:07
39.1480750000597,-84.495172,2026-05-26T21:33:53.000,SICK - 26C2 ABNORMAL BREATH,2026-05-26 21:33:53
39.1501970000597,-84.589567,2026-05-26T21:57:57.000,FALL - 17D4 NOT ALERT,2026-05-26 21:57:57
39.1317140000597,-84.604213,2026-05-26T21:58:05.000,FAINT - 31D2 ABNORMAL BREATH,2026-05-26 21:58:05
39.1554660000597,-84.574859,2026-05-26T22:03:50.000,EMS,2026-05-26 22:03:50
39.1511890000597,-84.379051,2026-05-26T22:09:59.000,FALL - 17D3 UNCONSIOUS,2026-05-26 22:09:59
39.1250870000597,-84.574697,2026-05-26T22:15:27.000,SICK - 26C2 ABNORMAL BREATH,2026-05-26 22:15:27
39.1440110000597,-84.493283,2026-05-26T22:22:13.000,PERDWN - 32B2 MEDICAL ALARM,2026-05-26 22:22:13
39.1049130000598,-84.511805,2026-05-26T22:25:43.000,CHESTPN - 10A1,2026-05-26 22:25:43
39.1050890000598,-84.561427,2026-05-26T22:35:44.000,EMS,2026-05-26 22:35:44
39.1579160000598,-84.501019,2026-05-26T22:44:07.000,FALL - 17B4,2026-05-26 22:44:07
39.1220550000597,-84.424785,2026-05-26T22:49:30.000,LIFT - 17A4,2026-05-26 22:49:30
39.1468110000597,-84.494403,2026-05-26T22:56:03.000,BREATH - 6D1 NOT ALERT,2026-05-26 22:56:03
39.1326320000597,-84.47639,2026-05-26T22:59:44.000,SICK - 26A2 ABNORMAL BP,2026-05-26 22:59:44
39.1521150000597,-84.549202,2026-05-26T23:03:26.000,CHESTPN - 10D1 NOT ALERT,2026-05-26 23:03:26
39.1476190000597,-84.572367,2026-05-26T23:27:09.000,FALL - 17B1,2026-05-26 23:27:09
39.1740580000597,-84.431892,2026-05-26T23:29:31.000,BLEED - 21D4 DANGEROUS BLEED,2026-05-26 23:29:31
39.1171600000597,-84.5161,2026-05-26T23:49:28.000,ASSLTI - (C)(W) =,2026-05-26 23:49:28
39.1269360000598,-84.508864,2026-05-27T00:07:55.000,SICK - 26A8 PAIN,2026-05-27 00:07:55
39.1124770000598,-84.51432,2026-05-27T00:32:29.000,CHESTPN - 10D1 NOT ALERT,2026-05-27 00:32:29
39.1464140000597,-84.610915,2026-05-27T00:35:56.000,CHESTPN - 10C3,2026-05-27 00:35:56
39.1272290000598,-84.521438,2026-05-27T00:42:46.000,OD - (C) 23C8I INTENTIONAL,2026-05-27 00:42:46
39.1988780000597,-84.565423,2026-05-27T00:42:56.000,PERDWN - 32B2 MEDICAL ALARM,2026-05-27 00:42:56
39.1362550000597,-84.509431,2026-05-27T00:58:22.000,CHESTPN - 10D4 CLAMMY,2026-05-27 00:58:22
39.1453460000597,-84.468929,2026-05-27T01:08:39.000,=PERDWN,2026-05-27 01:08:39
39.1353440000597,-84.499801,2026-05-27T01:18:59.000,CHESTPN - 10D5 CARDIAC HX,2026-05-27 01:18:59
39.1598440000597,-84.418674,2026-05-27T01:28:48.000,"BLEED - 21B2T SERIOUS, TRAUMA",2026-05-27 01:28:48
39.1154260000598,-84.522734,2026-05-27T01:29:21.000,ABDOM - 1A1,2026-05-27 01:29:21
39.1080900000597,-84.511872,2026-05-27T01:58:54.000,EMS - (C) =,2026-05-27 01:58:54
39.1111890000598,-84.571697,2026-05-27T02:04:05.000,=EMS1 - ALS1 RESPONSE,2026-05-27 02:04:05
39.1072090000598,-84.511639,2026-05-27T02:08:49.000,CHESTPN - 10C1 ABNORMAL BREATH,2026-05-27 02:08:49
39.1918970000597,-84.513063,2026-05-27T02:30:34.000,ASSLTI - (C) =,2026-05-27 02:30:34
39.1428310000597,-84.440255,2026-05-27T02:31:23.000,FAINT - 31D4 NOT ALERT,2026-05-27 02:31:23
39.1737430000597,-84.441527,2026-05-27T02:33:14.000,BREATH - 6C1,2026-05-27 02:33:14
39.1567730000597,-84.389937,2026-05-27T03:16:23.000,=PERDWN - MEDICAL ALARM,2026-05-27 03:16:23
39.1523820000597,-84.486074,2026-05-27T03:32:19.000,BREATH - 6D2,2026-05-27 03:32:19
39.1445670000597,-84.469047,2026-05-27T03:45:20.000,SICK - 26C2 ABNORMAL BREATH,2026-05-27 03:45:20
39.1461520000597,-84.423837,2026-05-27T03:45:33.000,BREATH - 6D4O CLAMMY,2026-05-27 03:45:33
39.1122840000598,-84.515705,2026-05-27T03:46:37.000,=EMS2 - ALS2 RESPONSE,2026-05-27 03:46:37
39.0828880000598,-84.584481,2026-05-27T03:54:56.000,FALL - 17B1,2026-05-27 03:54:56
39.1092360000598,-84.51006,2026-05-27T03:57:38.000,=EMS - (C),2026-05-27 03:57:38
39.1080080000598,-84.510503,2026-05-27T04:04:38.000,EMS,2026-05-27 04:04:38
39.1981160000597,-84.532103,2026-05-27T04:44:58.000,BREATH - 6D2,2026-05-27 04:44:58
39.1138950000598,-84.531342,2026-05-27T04:46:08.000,BREATH - 6D4A ASTHMA,2026-05-27 04:46:08
39.1059550000598,-84.509965,2026-05-27T05:01:22.000,=EMS1 - ALS1 RESPONSE,2026-05-27 05:01:22
39.2014990000597,-84.458502,2026-05-27T05:16:31.000,LIFT - 17A4,2026-05-27 05:16:31
39.1509370000597,-84.554263,2026-05-27T05:29:20.000,BREATH - 6D4 CLAMMY,2026-05-27 05:29:20
39.1169440000598,-84.516012,2026-05-27T05:50:39.000,=EMS - (C),2026-05-27 05:50:39
39.1065100000598,-84.511581,2026-05-27T06:09:32.000,PERDWN - 32D1 UNKNOWN,2026-05-27 06:09:32
39.1582200000597,-84.425119,2026-05-27T06:33:47.000,PERDWN - 32D1 UNKNOWN,2026-05-27 06:33:47
39.1591600000597,-84.425069,2026-05-27T06:34:54.000,PERDWN - 32D1 UNKNOWN,2026-05-27 06:34:54
39.2165670000597,-84.486229,2026-05-27T06:47:47.000,FALL - 17A2,2026-05-27 06:47:47
39.1442670000597,-84.468387,2026-05-27T06:52:14.000,SICK - 26C1 ALTERED LOC,2026-05-27 06:52:14
39.1534090000597,-84.503687,2026-05-27T07:19:21.000,BREATH - 6D2A ASTHMA,2026-05-27 07:19:21
39.1345830000597,-84.50194,2026-05-27T07:23:13.000,PERDWN - 32D1 UNKNOWN,2026-05-27 07:23:13
39.2058600000597,-84.528928,2026-05-27T07:23:15.000,SICK - 26C2 ABNORMAL BREATH,2026-05-27 07:23:15
39.0992280000598,-84.52614,2026-05-27T07:32:55.000,BREATH - 6C1A ASTHMA,2026-05-27 07:32:55
39.1525880000597,-84.605525,2026-05-27T07:41:39.000,SICK - 26A10 UNWELL,2026-05-27 07:41:39
39.1473940000597,-84.500243,2026-05-27T07:42:44.000,CHESTPN - 10D5 CARDIAC HX,2026-05-27 07:42:44
39.1510100000597,-84.568364,2026-05-27T07:52:17.000,PREG - 24C4 ABDOMINAL PAIN,2026-05-27 07:52:17
39.1020520000598,-84.511276,2026-05-27T08:03:49.000,=EMS1 - ALS1 RESPONSE,2026-05-27 08:03:49
39.1412020000597,-84.616983,2026-05-27T08:12:46.000,SICK - 26C2 ABNORMAL BREATH,2026-05-27 08:12:46
39.1304290000597,-84.554275,2026-05-27T08:18:37.000,SICK - 26D1 NOT ALERT,2026-05-27 08:18:37
39.1526090000597,-84.533768,2026-05-27T08:19:22.000,BREATH - 6D1 NOT ALERT,2026-05-27 08:19:22
39.1041880000598,-84.495851,2026-05-27T08:27:55.000,FALL - 17A2,2026-05-27 08:27:55
39.0930890000598,-84.644929,2026-05-27T08:35:04.000,PERDWN - 32B1 PT MOV/TALK,2026-05-27 08:35:04
39.1241770000598,-84.553376,2026-05-27T08:50:22.000,LIFT - 17A4,2026-05-27 08:50:22
39.1502250000597,-84.489188,2026-05-27T08:51:56.000,ABDOM - 1D1 NOT ALERT,2026-05-27 08:51:56
39.1114740000598,-84.516685,2026-05-27T08:56:21.000,SEIZURE - 12D2 MULTIPLE,2026-05-27 08:56:21
39.1916390000597,-84.571713,2026-05-27T09:04:23.000,EMS,2026-05-27 09:04:23
39.1842140000597,-84.456716,2026-05-27T09:06:06.000,DIABETIC - 13D1 UNCONSCIOUS,2026-05-27 09:06:06
39.1468370000597,-84.535028,2026-05-27T09:08:36.000,OD - (C) 23D2A ACCIDENTAL,2026-05-27 09:08:36
39.2008300000597,-84.54826,2026-05-27T09:19:00.000,SICK - 26A10 UNWELL,2026-05-27 09:19:00
39.1511190000597,-84.532318,2026-05-27T09:29:27.000,EMS,2026-05-27 09:29:27
39.0876750000598,-84.569942,2026-05-27T09:53:08.000,CHESTPN - 10D2 DIFF SPEAKING,2026-05-27 09:53:08
39.1096690000598,-84.562357,2026-05-27T10:08:25.000,FALL - 17A2,2026-05-27 10:08:25
39.1329800000598,-84.572653,2026-05-27T10:13:43.000,SICK - 26C1 ALTERED LOC,2026-05-27 10:13:43
39.1069890000598,-84.510129,2026-05-27T10:18:47.000,=EMS1 - ALS1 RESPONSE,2026-05-27 10:18:47
39.1544990000597,-84.549746,2026-05-27T10:19:12.000,BREATH - 6D2E EMPHYSEMA,2026-05-27 10:19:12
39.2150080000597,-84.483562,2026-05-27T10:26:06.000,CHESTPN - 10D5 CARDIAC HX,2026-05-27 10:26:06
39.1307360000598,-84.598613,2026-05-27T10:31:19.000,ABDOM - 1C5,2026-05-27 10:31:19
39.1287700000597,-84.54607,2026-05-27T10:32:53.000,SEIZURE - 12D2 MULTIPLE,2026-05-27 10:32:53
39.1533000000597,-84.488342,2026-05-27T10:51:30.000,DIABETIC - 13C3,2026-05-27 10:51:30
39.1535480000597,-84.577798,2026-05-27T10:53:14.000,FALL - 17A3 NON RECENT,2026-05-27 10:53:14
39.1528830000598,-84.409291,2026-05-27T11:14:51.000,SICK - 26A8 PAIN,2026-05-27 11:14:51
39.1509580000597,-84.483442,2026-05-27T11:23:11.000,SICK - 26A8 PAIN,2026-05-27 11:23:11
39.1531730000598,-84.409971,2026-05-27T11:28:39.000,=EMS2 - ALS2 RESPONSE,2026-05-27 11:28:39
39.1326900000597,-84.60084,2026-05-27T11:37:17.000,SICK - 26C1 ALTERED LOC,2026-05-27 11:37:17
39.1564940000597,-84.49275,2026-05-27T11:40:41.000,BREATH - 6D2,2026-05-27 11:40:41
39.1327490000597,-84.488568,2026-05-27T11:45:30.000,LIFT - 17A4,2026-05-27 11:45:30
39.1738170000597,-84.431501,2026-05-27T11:49:57.000,SICK - 26A8 PAIN,2026-05-27 11:49:57
39.1485500000597,-84.596821,2026-05-27T11:52:36.000,OD - (C) 23O1 ACCIDENTAL,2026-05-27 11:52:36
39.2053050000597,-84.468025,2026-05-27T11:59:59.000,FALL - 17A2,2026-05-27 11:59:59
39.2022560000597,-84.458447,2026-05-27T12:00:23.000,EMS,2026-05-27 12:00:23
39.1365350000597,-84.53788,2026-05-27T12:06:28.000,PERDWN - 32B2 MEDICAL ALARM,2026-05-27 12:06:28
39.1192820000597,-84.575167,2026-05-27T12:07:25.000,CHESTPN - 10D2 DIFF SPEAKING,2026-05-27 12:07:25
39.0951350000598,-84.379456,2026-05-27T12:08:20.000,BREATH - 6D4 CLAMMY,2026-05-27 12:08:20
39.1672850000597,-84.387755,2026-05-27T12:08:47.000,=EMS2 - ALS2 RESPONSE,2026-05-27 12:08:47
39.1674870000597,-84.388486,2026-05-27T12:17:33.000,FALL - 17B1,2026-05-27 12:17:33
39.1146910000598,-84.52782,2026-05-27T12:32:00.000,LIFT - 53A2,2026-05-27 12:32:00
39.1326570000597,-84.529985,2026-05-27T12:44:23.000,DOMINJ - (C) =,2026-05-27 12:44:23
39.1492980000597,-84.601841,2026-05-27T12:50:48.000,FAINT - 31C1 ABNORMAL BREATH,2026-05-27 12:50:48
39.0990230000598,-84.505429,2026-05-27T12:52:55.000,CHESTPN - 10C1 ABNORMAL BREATH,2026-05-27 12:52:55
39.1404920000597,-84.492517,2026-05-27T12:54:48.000,CHESTPN - 10C3,2026-05-27 12:54:48
39.1307760000598,-84.599033,2026-05-27T13:01:24.000,BREATH - 6C1O,2026-05-27 13:01:24
39.1911620000597,-84.461209,2026-05-27T13:08:34.000,FAINT - 31D4 NOT ALERT,2026-05-27 13:08:34
39.1368920000597,-84.536465,2026-05-27T13:09:09.000,OUTDR - 67A2 ILLEGAL BURN,2026-05-27 13:09:09
39.1324270000597,-84.48877,2026-05-27T13:18:26.000,FALL - 17D4 NOT ALERT,2026-05-27 13:18:26
39.1451370000597,-84.576735,2026-05-27T13:19:05.000,SICK - 26B1,2026-05-27 13:19:05
39.1364640000597,-84.60515,2026-05-27T13:22:14.000,PERDWN - 32D1 UNKNOWN,2026-05-27 13:22:14
39.1026140000598,-84.507258,2026-05-27T13:22:33.000,FALL - 17A2,2026-05-27 13:22:33
39.1060510000598,-84.510109,2026-05-27T13:23:01.000,OD - (C) 23C8I INTENTIONAL,2026-05-27 13:23:01
39.1729170000597,-84.431701,2026-05-27T13:26:08.000,FALL - 17B4,2026-05-27 13:26:08
39.2127280000597,-84.481832,2026-05-27T13:34:42.000,SICK - 26D1 NOT ALERT,2026-05-27 13:34:42
39.1185790000598,-84.585579,2026-05-27T13:35:00.000,=EMS1 - ALS1 RESPONSE,2026-05-27 13:35:00
39.1997470000597,-84.477708,2026-05-27T13:37:14.000,BREATH - 6D4A ASTHMA,2026-05-27 13:37:14
39.1066820000598,-84.527825,2026-05-27T13:40:14.000,=EMS - (C),2026-05-27 13:40:14
39.0932570000598,-84.516584,2026-05-27T13:42:02.000,BREATH - 6C1A ASTHMA,2026-05-27 13:42:02
39.0931270000598,-84.515474,2026-05-27T13:43:17.000,BREATH - 6C1A ASTHMA,2026-05-27 13:43:17
39.1022340000598,-84.506808,2026-05-27T13:55:25.000,FALL - 17A2,2026-05-27 13:55:25
39.1416890000598,-84.586594,2026-05-27T13:55:53.000,SICK - 26A4 FEVER,2026-05-27 13:55:53
39.1094360000597,-84.50533,2026-05-27T13:59:27.000,SEIZURE - 12B1,2026-05-27 13:59:27
39.1411530000597,-84.620162,2026-05-27T14:09:10.000,SICK - 26O5 URINARY,2026-05-27 14:09:10
39.1235940000598,-84.507797,2026-05-27T14:12:48.000,BREATH - 6D2,2026-05-27 14:12:48
39.1744170000597,-84.430371,2026-05-27T14:17:50.000,SICK - 26C2 ABNORMAL BREATH,2026-05-27 14:17:50
39.1528390000597,-84.483871,2026-05-27T14:18:00.000,SICK - 26A5 GEN WEAKNESS,2026-05-27 14:18:00
39.1054610000598,-84.598045,2026-05-27T14:19:17.000,OD - (C) 23D2 UNCONSIOUS,2026-05-27 14:19:17
39.1541460000597,-84.603822,2026-05-27T14:21:17.000,"OD - (C) 23E1A ARREST, ACC",2026-05-27 14:21:17
39.1517900000597,-84.4844,2026-05-27T14:22:44.000,SICK - 26A8 PAIN,2026-05-27 14:22:44
39.1391410000597,-84.526902,2026-05-27T14:34:10.000,"PREG - 24D5C HI RISK, PRETERM",2026-05-27 14:34:10
39.1148990000598,-84.531319,2026-05-27T14:34:28.000,=EMS2 - ALS2 RESPONSE,2026-05-27 14:34:28
39.1184660000597,-84.516777,2026-05-27T14:37:58.000,BREATH - 6D4E EMPHYSEMA,2026-05-27 14:37:58
39.1074690000598,-84.511801,2026-05-27T14:42:42.000,EMS,2026-05-27 14:42:42
39.1149020000598,-84.584039,2026-05-27T14:44:19.000,BREATH - 6C1E EMPHYSEMA,2026-05-27 14:44:19
39.1132600000598,-84.515333,2026-05-27T14:44:46.000,FAINT - 31C1 ABNORMAL BREATH,2026-05-27 14:44:46
39.1899850000597,-84.46686,2026-05-27T14:53:28.000,SICK - 26D1 NOT ALERT,2026-05-27 14:53:28
39.1516150000597,-84.586745,2026-05-27T14:59:24.000,BREATH - 6D2,2026-05-27 14:59:24
39.1984240000597,-84.543167,2026-05-27T15:03:51.000,EMS,2026-05-27 15:03:51
39.1171440000597,-84.576676,2026-05-27T15:04:21.000,SICK - 26C1 ALTERED LOC,2026-05-27 15:04:21
39.1893200000597,-84.513762,2026-05-27T15:12:50.000,EMS,2026-05-27 15:12:50
39.1057640000597,-84.515127,2026-05-27T15:17:22.000,=EMS1 - ALS1 RESPONSE,2026-05-27 15:17:22
39.1251240000598,-84.501301,2026-05-27T15:22:01.000,SICK - 26C1 ALTERED LOC,2026-05-27 15:22:01
39.1105690000597,-84.526673,2026-05-27T15:28:37.000,SEIZURE - 12C3 DIABETIC,2026-05-27 15:28:37
39.1919020000597,-84.456528,2026-05-27T15:30:37.000,ABDOM - 1A1,2026-05-27 15:30:37
39.1320580000597,-84.593576,2026-05-27T15:48:10.000,BREATH - 6D2A ASTHMA,2026-05-27 15:48:10
39.1019530000598,-84.561345,2026-05-27T16:15:39.000,DOMINJ - (C) =,2026-05-27 16:15:39
39.1141260000598,-84.575022,2026-05-27T16:21:45.000,FAINT - 31D3,2026-05-27 16:21:45
39.1101900000597,-84.563273,2026-05-27T16:28:56.000,EMS,2026-05-27 16:28:56
39.1069950000597,-84.589229,2026-05-27T16:33:24.000,ASSLTI - (C)(W) =,2026-05-27 16:33:24
39.1423120000598,-84.491445,2026-05-27T16:40:25.000,SICK - 26A8 PAIN,2026-05-27 16:40:25
39.1380980000598,-84.532905,2026-05-27T16:42:37.000,PERDWN - 32D1 UNKNOWN,2026-05-27 16:42:37
39.1075290000598,-84.580708,2026-05-27T16:46:20.000,FALL - 17A3 NON RECENT,2026-05-27 16:46:20
39.1871690000597,-84.513476,2026-05-27T16:56:33.000,BREATH - 6D2,2026-05-27 16:56:33
39.1474330000597,-84.442866,2026-05-27T16:59:55.000,PERDWN - 32D1 UNKNOWN,2026-05-27 16:59:55
39.2156190000597,-84.480847,2026-05-27T17:17:42.000,"BLEED - 21B2T SERIOUS, TRAUMA",2026-05-27 17:17:42
39.1514830000598,-84.408281,2026-05-27T17:22:52.000,LIFT - 53A2,2026-05-27 17:22:52
39.1996260000597,-84.522587,2026-05-27T17:23:47.000,BREATH - 6D2E EMPHYSEMA,2026-05-27 17:23:47
39.1381390000598,-84.533466,2026-05-27T17:30:46.000,PERDWN - 32D1 UNKNOWN,2026-05-27 17:30:46
39.1101030000598,-84.572077,2026-05-27T17:32:13.000,FAINT - 31A1,2026-05-27 17:32:13
39.0804640000598,-84.393018,2026-05-27T17:40:23.000,BREATH - 6D2,2026-05-27 17:40:23
39.1535610000597,-84.43221,2026-05-27T17:41:45.000,BLEED - 21B1 DANGEROUS,2026-05-27 17:41:45
39.1362420000597,-84.537257,2026-05-27T17:42:11.000,OD - 23C8A ACCIDENTAL,2026-05-27 17:42:11
39.2007270000597,-84.515108,2026-05-27T18:14:07.000,PERDWN - 32B1 PT MOV/TALK,2026-05-27 18:14:07
39.1635420000597,-84.389181,2026-05-27T18:14:08.000,EMS,2026-05-27 18:14:08
39.0978580000598,-84.52619,2026-05-27T18:19:23.000,STROKE - 28C1F CLEAR EVIDENCE,2026-05-27 18:19:23
39.1536580000597,-84.38664,2026-05-27T18:26:06.000,=EMS2 - ALS2 RESPONSE,2026-05-27 18:26:06
39.1597380000597,-84.60164,2026-05-27T18:32:18.000,ASSLTI - (C) =,2026-05-27 18:32:18
39.1295550000597,-84.603381,2026-05-27T18:35:46.000,ASSLTI - (C) =,2026-05-27 18:35:46
39.1503200000597,-84.39972,2026-05-27T18:46:11.000,FALL - 17B1,2026-05-27 18:46:11
39.1527480000597,-84.501167,2026-05-27T19:08:07.000,SICK - 26C2 ABNORMAL BREATH,2026-05-27 19:08:07
39.1371250000597,-84.534712,2026-05-27T19:18:53.000,=PERDWN,2026-05-27 19:18:53
39.1361180000597,-84.486971,2026-05-27T19:22:48.000,"PREG - 24D3C IMMINENT, PRETERM",2026-05-27 19:22:48
39.1647620000597,-84.389761,2026-05-27T19:24:47.000,=EMS - (C),2026-05-27 19:24:47
39.1463600000597,-84.49337,2026-05-27T19:30:42.000,EMS,2026-05-27 19:30:42
39.1563370000597,-84.550012,2026-05-27T19:31:58.000,PERDWN - 32D1 UNKNOWN,2026-05-27 19:31:58
39.2028130000597,-84.456211,2026-05-27T19:32:06.000,BLEED - 21D4 DANGEROUS BLEED,2026-05-27 19:32:06
39.1092250000598,-84.517434,2026-05-27T19:40:40.000,=OD - (C),2026-05-27 19:40:40
39.1102860000598,-84.518361,2026-05-27T19:41:30.000,PERDWN - 32D1 UNKNOWN,2026-05-27 19:41:30
39.1128270000598,-84.515291,2026-05-27T19:51:47.000,SEIZURE - 12D4,2026-05-27 19:51:47
39.1755680000597,-84.441191,2026-05-27T19:56:50.000,EMS,2026-05-27 19:56:50
39.1570060000597,-84.553111,2026-05-27T20:00:12.000,PERDWN - 32B2 MEDICAL ALARM,2026-05-27 20:00:12
39.0779710000598,-84.605877,2026-05-27T20:13:04.000,BREATH - 6D2O,2026-05-27 20:13:04
39.1487750000597,-84.493872,2026-05-27T20:22:45.000,STROKE - 28C1 NOT ALERT,2026-05-27 20:22:45
39.1479780000597,-84.437701,2026-05-27T20:30:31.000,EMS,2026-05-27 20:30:31
39.1053130000598,-84.512725,2026-05-27T21:01:26.000,BREATH - 6D4A ASTHMA,2026-05-27 21:01:26
39.1343440000597,-84.55812,2026-05-27T21:01:54.000,SICK - 26A1,2026-05-27 21:01:54
39.1060010000598,-84.508379,2026-05-27T21:05:09.000,EMS,2026-05-27 21:05:09
39.1532540000597,-84.586555,2026-05-27T21:11:52.000,CHESTPN - 10D2 DIFF SPEAKING,2026-05-27 21:11:52
39.1073310000598,-84.508199,2026-05-27T21:27:52.000,=EMS - (C),2026-05-27 21:27:52
39.0973150000598,-84.557623,2026-05-27T21:30:13.000,FAINT - 31D4 NOT ALERT,2026-05-27 21:30:13
39.1527210000598,-84.559766,2026-05-27T21:44:08.000,BLEED - 21A1,2026-05-27 21:44:08
39.1084810000598,-84.590572,2026-05-27T21:45:07.000,ARREST - 9E1 NOT BREATHING,2026-05-27 21:45:07
39.1441180000598,-84.442567,2026-05-27T22:16:56.000,CHESTPN - 10D2 DIFF SPEAKING,2026-05-27 22:16:56
39.1122310000597,-84.515363,2026-05-27T22:28:15.000,BREATH - 6D4 CLAMMY,2026-05-27 22:28:15
39.1037210000598,-84.51562,2026-05-27T22:48:50.000,SICK - 26A1,2026-05-27 22:48:50
39.1463370000597,-84.430438,2026-05-27T22:49:22.000,SICK - 26A8 PAIN,2026-05-27 22:49:22
39.1308960000598,-84.599363,2026-05-27T22:56:12.000,FAINT - 31D4 NOT ALERT,2026-05-27 22:56:12
39.1521890000597,-84.532788,2026-05-27T23:15:23.000,BLEED - 21A1,2026-05-27 23:15:23
39.1247130000598,-84.502147,2026-05-27T23:19:56.000,FAINT - 31D4 NOT ALERT,2026-05-27 23:19:56
39.1729390000597,-84.541538,2026-05-27T23:25:14.000,CHESTPN - 10D5 CARDIAC HX,2026-05-27 23:25:14
39.1431340000598,-84.451469,2026-05-27T23:38:39.000,ABDOM - 1C6,2026-05-27 23:38:39
39.1409770000597,-84.405277,2026-05-27T23:46:24.000,FALL - 17A2,2026-05-27 23:46:24
39.1609360000597,-84.40275,2026-05-27T23:57:02.000,SICK - 26A4 FEVER,2026-05-27 23:57:02
39.1185560000598,-84.600527,2026-05-28T00:08:25.000,BLEED - 21A1,2026-05-28 00:08:25
39.1313260000598,-84.598113,2026-05-28T00:29:16.000,DIABETIC - 13A1,2026-05-28 00:29:16
39.1308580000597,-84.555569,2026-05-28T01:02:58.000,ASSLTI - (C) =,2026-05-28 01:02:58
39.1293220000598,-84.555558,2026-05-28T01:43:58.000,SEIZURE - 12A2,2026-05-28 01:43:58
39.1159940000597,-84.523044,2026-05-28T01:51:45.000,SICK - 26A8 PAIN,2026-05-28 01:51:45
39.1178440000598,-84.551109,2026-05-28T01:56:24.000,FAINT - 31C1 ABNORMAL BREATH,2026-05-28 01:56:24
39.1526650000597,-84.502539,2026-05-28T02:08:50.000,SICK - 26O27 TOOTHACHE,2026-05-28 02:08:50
39.1240370000598,-84.570223,2026-05-28T02:13:22.000,DOMINJ - (C) =,2026-05-28 02:13:22
39.1426820000598,-84.492145,2026-05-28T02:18:56.000,BREATH - 6D2A ASTHMA,2026-05-28 02:18:56
39.1110040000598,-84.507832,2026-05-28T02:26:47.000,CHESTPN - 10A1,2026-05-28 02:26:47
39.1073480000598,-84.581904,2026-05-28T03:10:15.000,SICK - 26A1,2026-05-28 03:10:15
39.1121570000598,-84.576755,2026-05-28T03:19:34.000,BREATH - 6C1,2026-05-28 03:19:34
39.2157580000597,-84.470845,2026-05-28T03:32:53.000,SICK - 26A10 UNWELL,2026-05-28 03:32:53
39.1901960000597,-84.517723,2026-05-28T04:07:16.000,DOMINJ - (C) =,2026-05-28 04:07:16
39.1251680000598,-84.475259,2026-05-28T04:07:54.000,DIABETIC - 13C3,2026-05-28 04:07:54
39.1175720000597,-84.582851,2026-05-28T04:20:15.000,BLEED - 21D5 ABNORMAL BREATH,2026-05-28 04:20:15
39.2159440000597,-84.480924,2026-05-28T04:21:33.000,SICK - 26A8 PAIN,2026-05-28 04:21:33
39.1533900000597,-84.60174,2026-05-28T04:47:34.000,FALL - 17B1,2026-05-28 04:47:34
39.2037070000597,-84.542868,2026-05-28T05:05:06.000,"PREG - 24D4C BLEED, PRETERM",2026-05-28 05:05:06
39.1849390000597,-84.561809,2026-05-28T05:11:13.000,EYEPRB - 16A1 MODERATE,2026-05-28 05:11:13
39.1189020000598,-84.440679,2026-05-28T05:22:33.000,CHESTPN - 10C3,2026-05-28 05:22:33
39.1050130000598,-84.512465,2026-05-28T05:24:29.000,CHESTPN - 10D5 CARDIAC HX,2026-05-28 05:24:29
39.1605930000597,-84.408176,2026-05-28T05:50:03.000,ARREST - 9E1 NOT BREATHING,2026-05-28 05:50:03
39.1037360000597,-84.515856,2026-05-28T06:03:53.000,FALL - 17A3 NON RECENT,2026-05-28 06:03:53
39.1388130000597,-84.532861,2026-05-28T06:18:41.000,PERDWN - 32D1 UNKNOWN,2026-05-28 06:18:41
39.1671090000597,-84.550668,2026-05-28T06:18:43.000,ABDOM - 1C5,2026-05-28 06:18:43
39.1355230000597,-84.605083,2026-05-28T06:20:07.000,ALRGY - 2C1 DIFF BREATHING,2026-05-28 06:20:07
39.0937500000598,-84.386067,2026-05-28T06:20:14.000,SICK - 26C2 ABNORMAL BREATH,2026-05-28 06:20:14
39.1583100000597,-84.425289,2026-05-28T06:20:19.000,PERDWN - 32D1 UNKNOWN,2026-05-28 06:20:19
39.1681950000597,-84.388645,2026-05-28T06:27:54.000,SICK - 26D1 NOT ALERT,2026-05-28 06:27:54
39.1107310000598,-84.504234,2026-05-28T06:35:06.000,BREATH - 6D2A ASTHMA,2026-05-28 06:35:06
39.1825830000597,-84.510203,2026-05-28T06:51:44.000,SICK - 26A8 PAIN,2026-05-28 06:51:44
39.1564190000597,-84.52588,2026-05-28T07:17:38.000,BREATH - 6D4A ASTHMA,2026-05-28 07:17:38
39.1729090000597,-84.467801,2026-05-28T07:32:18.000,SICK - 26C2 ABNORMAL BREATH,2026-05-28 07:32:18
39.1406920000598,-84.476859,2026-05-28T07:44:27.000,BREATH - 6D2,2026-05-28 07:44:27
39.1437500000597,-84.593342,2026-05-28T07:45:55.000,CHESTPN - 10D5 CARDIAC HX,2026-05-28 07:45:55
39.0930180000598,-84.574718,2026-05-28T08:02:18.000,PERDWN - 32D1 UNKNOWN,2026-05-28 08:02:18
39.1166320000597,-84.582801,2026-05-28T08:04:10.000,"TRAP - 22C1 NON-MVA, INJURIES",2026-05-28 08:04:10
39.1130070000598,-84.516849,2026-05-28T08:12:58.000,CHESTPN - 10C3,2026-05-28 08:12:58
39.1919780000597,-84.517028,2026-05-28T08:15:28.000,BREATH - 6D2A ASTHMA,2026-05-28 08:15:28
39.1778310000597,-84.510609,2026-05-28T08:25:04.000,SICK - 26A11 VOMITING,2026-05-28 08:25:04
39.1346770000597,-84.511619,2026-05-28T08:27:08.000,FAINT - 31D4 NOT ALERT,2026-05-28 08:27:08
39.1539300000597,-84.595457,2026-05-28T08:29:41.000,FALL - 17D4 NOT ALERT,2026-05-28 08:29:41
39.1755580000597,-84.415295,2026-05-28T08:30:55.000,FALL - 17D4 NOT ALERT,2026-05-28 08:30:55
39.1855250000597,-84.419825,2026-05-28T08:55:01.000,CHESTPN - 10D4 CLAMMY,2026-05-28 08:55:01
39.0947140000598,-84.383992,2026-05-28T09:01:32.000,LIFT - 17A4,2026-05-28 09:01:32
39.1674950000597,-84.387135,2026-05-28T09:05:10.000,BREATH - 6D1 NOT ALERT,2026-05-28 09:05:10
39.1507910000597,-84.378223,2026-05-28T09:09:26.000,FAINT - 31A1,2026-05-28 09:09:26
39.1535860000597,-84.412165,2026-05-28T09:19:14.000,PERDWN - 32D1 UNKNOWN,2026-05-28 09:19:14
39.1302830000598,-84.479598,2026-05-28T09:19:18.000,EMS,2026-05-28 09:19:18
39.2026590000597,-84.556839,2026-05-28T09:37:01.000,BREATH - 6D1E NOT ALERT,2026-05-28 09:37:01
39.1887660000597,-84.457855,2026-05-28T09:47:41.000,FALL - 17B1,2026-05-28 09:47:41
39.2008100000597,-84.474861,2026-05-28T09:54:32.000,PERDWN - 32D1 UNKNOWN,2026-05-28 09:54:32
39.1441880000597,-84.556907,2026-05-28T09:58:20.000,FALL - 17B3 STAIRS,2026-05-28 09:58:20
39.1465920000597,-84.424642,2026-05-28T10:13:13.000,SICK - 26A11 VOMITING,2026-05-28 10:13:13
39.1370080000597,-84.499229,2026-05-28T10:14:59.000,=EMS2 - ALS2 RESPONSE,2026-05-28 10:14:59
39.1066280000598,-84.518325,2026-05-28T10:22:36.000,ABDOM - 1C3,2026-05-28 10:22:36
39.1136440000598,-84.562832,2026-05-28T10:25:34.000,EMS,2026-05-28 10:25:34
39.1576970000598,-84.503961,2026-05-28T10:26:47.000,FALL - 17B4,2026-05-28 10:26:47
39.1143040000598,-84.562212,2026-05-28T10:27:42.000,FAINT - 31D3,2026-05-28 10:27:42
39.1537790000598,-84.601653,2026-05-28T10:39:45.000,BREATH - 6D1O NOT ALERT,2026-05-28 10:39:45
39.1048190000598,-84.513453,2026-05-28T10:42:35.000,PERDWN - 32B1 PT MOV/TALK,2026-05-28 10:42:35
39.1169940000597,-84.694247,2026-05-28T10:46:51.000,BREATH - 6D1O NOT ALERT,2026-05-28 10:46:51
39.1648380000597,-84.515307,2026-05-28T10:58:38.000,CHESTPN - 10D2 DIFF SPEAKING,2026-05-28 10:58:38
39.1535290000597,-84.437157,2026-05-28T11:04:43.000,PERDWN - 32D1 UNKNOWN,2026-05-28 11:04:43
39.1524890000597,-84.437747,2026-05-28T11:05:47.000,FAINT - 31D2 ABNORMAL BREATH,2026-05-28 11:05:47
39.1129060000597,-84.569861,2026-05-28T11:08:42.000,=EMS1 - ALS1 RESPONSE,2026-05-28 11:08:42
39.1224590000598,-84.515953,2026-05-28T11:18:27.000,ABDOM - 1A1,2026-05-28 11:18:27
39.1322550000598,-84.481975,2026-05-28T11:20:41.000,SICK - 26D1 NOT ALERT,2026-05-28 11:20:41
39.1419010000597,-84.519903,2026-05-28T11:36:27.000,PERDWN - 32D1 UNKNOWN,2026-05-28 11:36:27
39.1845620000597,-84.563692,2026-05-28T11:47:54.000,SICK - 26C2 ABNORMAL BREATH,2026-05-28 11:47:54
39.1500760000597,-84.51588,2026-05-28T11:57:49.000,BREATH - 6D1A NOT ALERT,2026-05-28 11:57:49
39.1548400000597,-84.403441,2026-05-28T12:06:25.000,STROKE - 28C1 NOT ALERT,2026-05-28 12:06:25
39.1038630000598,-84.507183,2026-05-28T12:08:50.000,PERDWN - 32D1 UNKNOWN,2026-05-28 12:08:50
39.1145810000598,-84.580192,2026-05-28T12:11:04.000,=EMS1 - ALS1 RESPONSE,2026-05-28 12:11:04
39.1042530000598,-84.505953,2026-05-28T12:11:24.000,FAINT - 31D4 NOT ALERT,2026-05-28 12:11:24
39.1269650000597,-84.501567,2026-05-28T12:15:45.000,FAINT - 31C1 ABNORMAL BREATH,2026-05-28 12:15:45
39.2035060000597,-84.459307,2026-05-28T12:15:50.000,ABDOM - 1A1,2026-05-28 12:15:50
39.1157140000598,-84.514601,2026-05-28T12:18:12.000,ASSLTI - (C) =,2026-05-28 12:18:12
39.1077910000598,-84.529675,2026-05-28T12:19:27.000,PREG - 24D5 HIGH RISK,2026-05-28 12:19:27
39.1433190000598,-84.621983,2026-05-28T12:20:03.000,ABDOM - 1A1,2026-05-28 12:20:03
39.1491350000597,-84.493862,2026-05-28T12:20:16.000,"BLEED - 21B2T SERIOUS, TRAUMA",2026-05-28 12:20:16
39.1106350000598,-84.564957,2026-05-28T12:20:17.000,PERDWN - 32D1 UNKNOWN,2026-05-28 12:20:17
39.1678740000597,-84.468559,2026-05-28T12:22:01.000,CHESTPN - 10C3,2026-05-28 12:22:01
39.1468330000597,-84.616732,2026-05-28T12:22:22.000,PERDWN - 32B2 MEDICAL ALARM,2026-05-28 12:22:22
39.1055810000598,-84.517361,2026-05-28T12:37:37.000,SEIZURE - 12A2,2026-05-28 12:37:37
39.1383350000597,-84.53668,2026-05-28T12:39:15.000,PERDWN - 32D1 UNKNOWN,2026-05-28 12:39:15
39.1509400000597,-84.599181,2026-05-28T12:40:40.000,SEIZURE - 12D4,2026-05-28 12:40:40
39.1333850000597,-84.486571,2026-05-28T12:43:41.000,BLEED - 21D5 ABNORMAL BREATH,2026-05-28 12:43:41
39.2112720000597,-84.475942,2026-05-28T12:51:43.000,CHESTPN - 10D2 DIFF SPEAKING,2026-05-28 12:51:43
39.1468370000597,-84.429408,2026-05-28T12:54:15.000,EMS,2026-05-28 12:54:15
39.1102800000598,-84.588941,2026-05-28T12:57:08.000,BLEED - 21A1,2026-05-28 12:57:08
39.1311710000597,-84.610722,2026-05-28T12:57:20.000,EMS,2026-05-28 12:57:20
39.1018970000598,-84.506681,2026-05-28T13:06:06.000,"BLEED - 21B2T SERIOUS, TRAUMA",2026-05-28 13:06:06
39.1951660000597,-84.534273,2026-05-28T13:08:05.000,SICK - 26A8 PAIN,2026-05-28 13:08:05
39.1405720000597,-84.530799,2026-05-28T13:15:17.000,BREATH - 6D2,2026-05-28 13:15:17
39.1348350000598,-84.500865,2026-05-28T13:20:14.000,FAINT - 31D3,2026-05-28 13:20:14
39.1675690000597,-84.550498,2026-05-28T13:22:35.000,BLEED - 21D4 DANGEROUS BLEED,2026-05-28 13:22:35
39.1912890000597,-84.460261,2026-05-28T13:33:30.000,CHESTPN - 10C1 ABNORMAL BREATH,2026-05-28 13:33:30
39.1290700000597,-84.608557,2026-05-28T13:38:42.000,STROKE - 28C7 VISION PROBLEMS,2026-05-28 13:38:42
39.1630330000597,-84.398671,2026-05-28T13:39:13.000,FAINT - 31C2,2026-05-28 13:39:13
39.1705380000597,-84.468272,2026-05-28T13:45:50.000,=EMS - (C),2026-05-28 13:45:50
39.1494060000597,-84.536531,2026-05-28T13:48:46.000,EMS,2026-05-28 13:48:46
39.1650110000597,-84.53915,2026-05-28T14:02:04.000,ASSLTI - (C) =,2026-05-28 14:02:04
39.1984050000597,-84.457695,2026-05-28T14:04:53.000,PERDWN - 32B1 PT MOV/TALK,2026-05-28 14:04:53
39.1661140000597,-84.473884,2026-05-28T14:09:47.000,SICK - 26D1 NOT ALERT,2026-05-28 14:09:47
39.1432520000597,-84.474379,2026-05-28T14:16:02.000,PREG - 24C4 ABDOMINAL PAIN,2026-05-28 14:16:02
39.1489020000597,-84.553362,2026-05-28T14:26:40.000,STROKE - 28C1F CLEAR EVIDENCE,2026-05-28 14:26:40
39.1112340000598,-84.68968,2026-05-28T14:28:05.000,ABDOM - 1A1,2026-05-28 14:28:05
39.1126400000598,-84.60326,2026-05-28T14:29:48.000,CHESTPN - 10A1,2026-05-28 14:29:48
39.1664910000597,-84.481263,2026-05-28T14:30:30.000,STROKE - 28C2 ABNORMAL BREATH,2026-05-28 14:30:30
39.1457330000597,-84.581361,2026-05-28T14:31:02.000,SICK - 26C2 ABNORMAL BREATH,2026-05-28 14:31:02
39.1476920000597,-84.423357,2026-05-28T14:34:35.000,SICK - 26A1,2026-05-28 14:34:35
39.1888800000597,-84.46731,2026-05-28T14:34:36.000,FALL - 17A1 DEFORMITY,2026-05-28 14:34:36
39.1234270000597,-84.574997,2026-05-28T14:35:05.000,=EMS - (C),2026-05-28 14:35:05
39.1013330000598,-84.557205,2026-05-28T14:35:59.000,LIFT - 17A4,2026-05-28 14:35:59
39.1903080000597,-84.459965,2026-05-28T15:06:45.000,BREATH - 6D2E EMPHYSEMA,2026-05-28 15:06:45
39.1774850000598,-84.525086,2026-05-28T15:19:28.000,FAINT - 31C2,2026-05-28 15:19:28
39.1129100000598,-84.527779,2026-05-28T15:26:45.000,"OD - (C) 23C1A NOT ALERT, ACC",2026-05-28 15:26:45
39.1104080000598,-84.577547,2026-05-28T15:35:40.000,CHESTPN - 10C1 ABNORMAL BREATH,2026-05-28 15:35:40
39.1270230000598,-84.560938,2026-05-28T15:55:28.000,BLEED - 21D4 DANGEROUS BLEED,2026-05-28 15:55:28
39.1973920000597,-84.465612,2026-05-28T16:16:56.000,BLEED - 21D5 ABNORMAL BREATH,2026-05-28 16:16:56
39.1490390000597,-84.408526,2026-05-28T16:20:16.000,FALL - 17B1,2026-05-28 16:20:16
39.1093880000598,-84.49107,2026-05-28T16:23:27.000,=OD - (C),2026-05-28 16:23:27
39.1144710000598,-84.52824,2026-05-28T16:24:10.000,LIFT - 17A4,2026-05-28 16:24:10
39.1102480000598,-84.49184,2026-05-28T16:25:25.000,EMS,2026-05-28 16:25:25
39.2034990000597,-84.576565,2026-05-28T16:29:29.000,CHESTPN - 10D5 CARDIAC HX,2026-05-28 16:29:29
39.1573860000597,-84.503285,2026-05-28T16:38:07.000,FAINT - 31D3,2026-05-28 16:38:07
39.1078870000598,-84.529536,2026-05-28T16:39:24.000,DIABETIC - 13C1 NOT ALERT,2026-05-28 16:39:24
39.1954530000597,-84.545292,2026-05-28T16:40:09.000,PERDWN - 32D1 UNKNOWN,2026-05-28 16:40:09
39.1415650000597,-84.465126,2026-05-28T16:43:19.000,SICK - 26A1,2026-05-28 16:43:19
39.1502820000597,-84.508368,2026-05-28T16:46:49.000,CHESTPN - 10A1,2026-05-28 16:46:49
39.1839830000597,-84.421408,2026-05-28T16:51:58.000,BLEED - 21D5 ABNORMAL BREATH,2026-05-28 16:51:58
39.1103260000597,-84.526806,2026-05-28T17:12:34.000,LIFT - 17A4,2026-05-28 17:12:34
39.1930920000597,-84.480538,2026-05-28T17:16:04.000,SICK - 26D1 NOT ALERT,2026-05-28 17:16:04
39.1045460000597,-84.515746,2026-05-28T17:16:28.000,FALL - 17A3 NON RECENT,2026-05-28 17:16:28
39.1305160000598,-84.598443,2026-05-28T17:25:09.000,FALL - 17B1,2026-05-28 17:25:09
39.1174120000598,-84.694035,2026-05-28T17:33:16.000,BLEED - 21B2 SERIOUS,2026-05-28 17:33:16
39.1365950000598,-84.533305,2026-05-28T17:52:23.000,PERDWN - 32B1 PT MOV/TALK,2026-05-28 17:52:23
39.1132440000597,-84.527345,2026-05-28T17:59:36.000,=ASSLTI - (C),2026-05-28 17:59:36
39.1132340000597,-84.525525,2026-05-28T18:00:25.000,=DOMINJ - (C),2026-05-28 18:00:25
39.1162600000598,-84.575914,2026-05-28T18:03:37.000,"PREG - 24D5C HI RISK, PRETERM",2026-05-28 18:03:37
39.1290020000597,-84.488347,2026-05-28T18:04:06.000,SICK - 26A8 PAIN,2026-05-28 18:04:06
39.1179880000598,-84.520817,2026-05-28T18:04:46.000,SICK - 26D1 NOT ALERT,2026-05-28 18:04:46
39.1083880000598,-84.529494,2026-05-28T18:44:20.000,DOMINJ - (C) =,2026-05-28 18:44:20
39.1560380000597,-84.559788,2026-05-28T18:45:31.000,SICK - 26A5 GEN WEAKNESS,2026-05-28 18:45:31
39.1073480000598,-84.528974,2026-05-28T19:07:17.000,=EMS1 - ALS1 RESPONSE,2026-05-28 19:07:17
39.1887930000597,-84.467826,2026-05-28T19:13:17.000,SICK - 26C2 ABNORMAL BREATH,2026-05-28 19:13:17
39.1543970000597,-84.422404,2026-05-28T19:20:21.000,EMS,2026-05-28 19:20:21
39.0752930000598,-84.623231,2026-05-28T19:24:38.000,FALL - 17C1 FAINTING,2026-05-28 19:24:38
39.1054280000598,-84.520807,2026-05-28T19:43:57.000,SICK - 26A8 PAIN,2026-05-28 19:43:57
39.1600260000597,-84.420484,2026-05-28T19:54:11.000,CHESTPN - 10D4 CLAMMY,2026-05-28 19:54:11
39.1797540000597,-84.55846,2026-05-28T20:02:44.000,FAINT - 31C2,2026-05-28 20:02:44
39.1772170000597,-84.462375,2026-05-28T20:05:05.000,BREATH - 6D2,2026-05-28 20:05:05
39.0996480000597,-84.594386,2026-05-28T20:05:35.000,PERDWN - 32D1 UNKNOWN,2026-05-28 20:05:35
39.1128490000597,-84.52098,2026-05-28T20:07:14.000,PERDWN - 32D1 UNKNOWN,2026-05-28 20:07:14
39.1785500000597,-84.509732,2026-05-28T20:20:30.000,ASSLTI - (C) =,2026-05-28 20:20:30
39.1331800000598,-84.532372,2026-05-28T20:21:33.000,DOMINJ - (C) =,2026-05-28 20:21:33
39.1149550000598,-84.517154,2026-05-28T20:27:55.000,EMS,2026-05-28 20:27:55
39.1137150000598,-84.517454,2026-05-28T20:29:02.000,BREATH - 6C1,2026-05-28 20:29:02
39.1268400000597,-84.486895,2026-05-28T20:31:34.000,OD - (C) 23B1I INTENTIONAL,2026-05-28 20:31:34
39.1129870000598,-84.52647,2026-05-28T20:42:26.000,CHESTPN - 10D4 CLAMMY,2026-05-28 20:42:26
39.1054090000598,-84.561647,2026-05-28T20:47:46.000,PERDWN - 32B2 MEDICAL ALARM,2026-05-28 20:47:46
39.1076700000598,-84.565496,2026-05-28T20:57:54.000,CHESTPN - 10D2 DIFF SPEAKING,2026-05-28 20:57:54
39.1674160000597,-84.547668,2026-05-28T21:05:11.000,FAINT - 31C2,2026-05-28 21:05:11
39.1453860000597,-84.518943,2026-05-28T21:11:05.000,FALL - 17B4,2026-05-28 21:11:05
39.1261630000597,-84.426992,2026-05-28T21:13:58.000,FALL - 17B1,2026-05-28 21:13:58
39.1958540000597,-84.45989,2026-05-28T21:14:04.000,FAINT - 31D4 NOT ALERT,2026-05-28 21:14:04
39.1893520000597,-84.514217,2026-05-28T21:15:17.000,FALL - 17A2,2026-05-28 21:15:17
39.1444120000597,-84.4638,2026-05-28T21:20:27.000,SICK - 26A1,2026-05-28 21:20:27
39.1152280000598,-84.436458,2026-05-28T21:23:28.000,311 TRANSFER FOR EMS,2026-05-28 21:23:28
39.1258100000597,-84.483582,2026-05-28T21:26:04.000,SICK - 26C1 ALTERED LOC,2026-05-28 21:26:04
39.1297780000598,-84.605203,2026-05-28T21:31:01.000,FALL - 17A2,2026-05-28 21:31:01
39.1586530000597,-84.407798,2026-05-28T21:57:46.000,BREATH - 6D1 NOT ALERT,2026-05-28 21:57:46
39.1312900000597,-84.509279,2026-05-28T22:50:35.000,ASSLTI - (C) =,2026-05-28 22:50:35
39.1270430000597,-84.517983,2026-05-28T22:52:36.000,ASSLTI - (C) =,2026-05-28 22:52:36
39.1013210000598,-84.513035,2026-05-28T23:09:01.000,EMS - (C) =,2026-05-28 23:09:01
39.1595040000597,-84.47328,2026-05-28T23:47:30.000,=EMS1 - ALS1 RESPONSE,2026-05-28 23:47:30
39.1407980000597,-84.440522,2026-05-28T23:54:30.000,SICK - 26D1 NOT ALERT,2026-05-28 23:54:30
39.1566630000597,-84.389307,2026-05-28T23:55:51.000,SICK - 26C1 ALTERED LOC,2026-05-28 23:55:51
39.1997090000597,-84.462717,2026-05-29T00:05:01.000,CHESTPN - 10D2 DIFF SPEAKING,2026-05-29 00:05:01
39.1223970000598,-84.598295,2026-05-29T00:12:48.000,PERDWN - 32B2 MEDICAL ALARM,2026-05-29 00:12:48
39.1258680000597,-84.547969,2026-05-29T00:14:03.000,SICK - 26A8 PAIN,2026-05-29 00:14:03
39.1701080000597,-84.468444,2026-05-29T00:21:26.000,=EMS1 - ALS1 RESPONSE,2026-05-29 00:21:26
39.1437500000598,-84.559148,2026-05-29T00:40:54.000,BLEED - 21D5 ABNORMAL BREATH,2026-05-29 00:40:54
39.1233580000598,-84.490512,2026-05-29T00:41:45.000,=EMS1 - ALS1 RESPONSE,2026-05-29 00:41:45
39.1297860000598,-84.599213,2026-05-29T01:22:23.000,BREATH - 6D1 NOT ALERT,2026-05-29 01:22:23
39.1809320000597,-84.511804,2026-05-29T01:36:58.000,=EMS1 - ALS1 RESPONSE,2026-05-29 01:36:58
39.1138310000598,-84.52835,2026-05-29T01:42:39.000,BREATH - 6D1 NOT ALERT,2026-05-29 01:42:39
39.1874120000597,-84.510127,2026-05-29T02:03:38.000,FALL - 17B1,2026-05-29 02:03:38
39.1048530000597,-84.513384,2026-05-29T02:23:30.000,EMS,2026-05-29 02:23:30
39.1078570000597,-84.684719,2026-05-29T02:47:41.000,BLEED - 21D5 ABNORMAL BREATH,2026-05-29 02:47:41
39.1454380000597,-84.497863,2026-05-29T03:16:47.000,SICK - 26A11 VOMITING,2026-05-29 03:16:47
39.1051840000598,-84.515398,2026-05-29T03:23:48.000,=EMS2 - ALS2 RESPONSE,2026-05-29 03:23:48
39.1164100000598,-84.564304,2026-05-29T03:52:49.000,EMS,2026-05-29 03:52:49
39.1268770000598,-84.488781,2026-05-29T04:17:06.000,SICK - 26C2 ABNORMAL BREATH,2026-05-29 04:17:06
39.1466560000597,-84.467689,2026-05-29T04:17:31.000,CHESTPN - 10D2 DIFF SPEAKING,2026-05-29 04:17:31
39.1142710000598,-84.5297,2026-05-29T04:57:03.000,DOMINJ - (C) =,2026-05-29 04:57:03
39.1149270000598,-84.552779,2026-05-29T05:11:07.000,SEIZURE - 12C3 DIABETIC,2026-05-29 05:11:07
39.1142440000598,-84.553323,2026-05-29T06:27:03.000,SICK - 26A1,2026-05-29 06:27:03
39.1513830000598,-84.409271,2026-05-29T07:45:49.000,ASSLTI - (C)(W) =,2026-05-29 07:45:49
39.1488500000597,-84.427733,2026-05-29T08:04:01.000,FAINT - 31C1 ABNORMAL BREATH,2026-05-29 08:04:01
39.1407510000597,-84.476174,2026-05-29T08:06:19.000,SICK - 26A8 PAIN,2026-05-29 08:06:19
39.1419210000597,-84.498802,2026-05-29T08:11:54.000,=EMS1 - ALS1 RESPONSE,2026-05-29 08:11:54
39.1357310000597,-84.504642,2026-05-29T08:22:19.000,DIABETIC - 13C1 NOT ALERT,2026-05-29 08:22:19
39.1081390000598,-84.579365,2026-05-29T08:39:42.000,STROKE - 28C5 FACIAL DROOP,2026-05-29 08:39:42
39.1475690000597,-84.612848,2026-05-29T09:08:23.000,SICK - 26O9 CUT RING,2026-05-29 09:08:23
39.1948510000597,-84.548999,2026-05-29T09:10:43.000,FALL - 17B4,2026-05-29 09:10:43
39.1142940000598,-84.551823,2026-05-29T09:11:55.000,SICK - 26A8 PAIN,2026-05-29 09:11:55
39.1291530000598,-84.479878,2026-05-29T09:25:29.000,SICK - 26A8 PAIN,2026-05-29 09:25:29
39.1125370000598,-84.434418,2026-05-29T09:32:22.000,FAINT - 31D4 NOT ALERT,2026-05-29 09:32:22
39.1340280000598,-84.504712,2026-05-29T09:38:31.000,311 TRANSFER FOR EMS,2026-05-29 09:38:31
39.1251390000597,-84.57994,2026-05-29T09:41:11.000,SEIZURE - 12D2 MULTIPLE,2026-05-29 09:41:11
39.1348440000597,-84.49745,2026-05-29T09:42:18.000,PERDWN - 32B1 PT MOV/TALK,2026-05-29 09:42:18
39.1569370000597,-84.380578,2026-05-29T09:42:24.000,FALL - 17B4,2026-05-29 09:42:24
39.1744610000597,-84.469169,2026-05-29T10:16:11.000,SICK - 26A8 PAIN,2026-05-29 10:16:11
39.1132390000598,-84.591176,2026-05-29T10:18:44.000,PERDWN - 32D1 UNKNOWN,2026-05-29 10:18:44
39.1806020000597,-84.511004,2026-05-29T10:20:19.000,BREATH - 6C1E EMPHYSEMA,2026-05-29 10:20:19
39.1924550000597,-84.537067,2026-05-29T10:21:17.000,FALL - 17B4,2026-05-29 10:21:17
39.1344900000597,-84.527044,2026-05-29T10:27:03.000,SICK - 26C1 ALTERED LOC,2026-05-29 10:27:03
39.1259580000597,-84.552153,2026-05-29T10:27:58.000,SICK - 26C2 ABNORMAL BREATH,2026-05-29 10:27:58
39.1572820000597,-84.558107,2026-05-29T10:38:21.000,CHESTPN - 10C1 ABNORMAL BREATH,2026-05-29 10:38:21
39.1137340000598,-84.571861,2026-05-29T10:43:03.000,SICK - 26D1 NOT ALERT,2026-05-29 10:43:03
39.2096360000597,-84.557572,2026-05-29T11:04:40.000,SICK - 26C2 ABNORMAL BREATH,2026-05-29 11:04:40
39.1390130000597,-84.580017,2026-05-29T11:11:04.000,SICK - 26A8 PAIN,2026-05-29 11:11:04
39.1397730000597,-84.578967,2026-05-29T11:22:26.000,SICK - 26C2 ABNORMAL BREATH,2026-05-29 11:22:26
39.1125180000598,-84.513922,2026-05-29T11:25:45.000,CHESTPN - 10D4 CLAMMY,2026-05-29 11:25:45
39.1794460000597,-84.560583,2026-05-29T11:36:39.000,SEIZURE - 12D2 MULTIPLE,2026-05-29 11:36:39
39.1241200000598,-84.595316,2026-05-29T11:38:47.000,CHESTPN - 10D2 DIFF SPEAKING,2026-05-29 11:38:47
39.1453870000597,-84.506468,2026-05-29T11:39:31.000,FAINT - 31C2,2026-05-29 11:39:31
39.1350940000597,-84.49611,2026-05-29T11:41:20.000,OD - 23C8A ACCIDENTAL,2026-05-29 11:41:20
39.2017670000597,-84.549704,2026-05-29T11:56:22.000,ARREST - 9E1 NOT BREATHING,2026-05-29 11:56:22
39.1428500000597,-84.496646,2026-05-29T11:58:50.000,SICK - 26A8 PAIN,2026-05-29 11:58:50
39.1439440000597,-84.500254,2026-05-29T12:05:58.000,SEIZURE - 12D2 MULTIPLE,2026-05-29 12:05:58
39.1040560000598,-84.588377,2026-05-29T12:10:23.000,SICK - 26A11 VOMITING,2026-05-29 12:10:23
39.1354520000597,-84.505474,2026-05-29T12:18:39.000,SICK - 26C1 ALTERED LOC,2026-05-29 12:18:39
39.1413520000598,-84.492205,2026-05-29T12:20:20.000,SICK - 26A1,2026-05-29 12:20:20
39.1381180000598,-84.533125,2026-05-29T12:20:57.000,PERDWN - 32D1 UNKNOWN,2026-05-29 12:20:57
39.1471750000597,-84.427255,2026-05-29T12:48:55.000,SICK - 26D1 NOT ALERT,2026-05-29 12:48:55
39.1456520000597,-84.497415,2026-05-29T12:53:43.000,BLEED - 21D5 ABNORMAL BREATH,2026-05-29 12:53:43
39.1052190000598,-84.560377,2026-05-29T12:57:30.000,LIFT - 17A4,2026-05-29 12:57:30
39.1159540000598,-84.517934,2026-05-29T13:07:44.000,=PERDWN,2026-05-29 13:07:44
39.1105850000598,-84.512456,2026-05-29T13:12:56.000,SEIZURE - 12B1,2026-05-29 13:12:56
39.1297060000598,-84.598753,2026-05-29T13:14:44.000,FAINT - 31D4 NOT ALERT,2026-05-29 13:14:44
39.1139740000597,-84.593588,2026-05-29T13:16:38.000,CHESTPN - 10D4 CLAMMY,2026-05-29 13:16:38
39.1744200000597,-84.546613,2026-05-29T13:20:04.000,EMS,2026-05-29 13:20:04
39.1069300000598,-84.50826,2026-05-29T13:28:32.000,=EMS2 - ALS2 RESPONSE,2026-05-29 13:28:32
39.1739110000597,-84.429671,2026-05-29T13:32:22.000,SEIZURE - 12D4,2026-05-29 13:32:22
39.0822100000598,-84.391299,2026-05-29T13:34:19.000,CHESTPN - 10D4 CLAMMY,2026-05-29 13:34:19
39.1055830000598,-84.512865,2026-05-29T13:43:52.000,CHESTPN - 10D5 CARDIAC HX,2026-05-29 13:43:52
39.1274580000597,-84.488281,2026-05-29T13:50:34.000,PERDWN - 32B2 MEDICAL ALARM,2026-05-29 13:50:34
39.1778280000597,-84.476966,2026-05-29T13:51:42.000,DIABETIC - 13C1 NOT ALERT,2026-05-29 13:51:42
39.1049900000598,-84.510501,2026-05-29T14:01:22.000,FALL - 17D4 NOT ALERT,2026-05-29 14:01:22
39.1348360000598,-84.51443,2026-05-29T14:16:07.000,CHESTPN - 10C3,2026-05-29 14:16:07
39.1264680000597,-84.489321,2026-05-29T14:16:19.000,SICK - 26C2 ABNORMAL BREATH,2026-05-29 14:16:19
39.1007960000598,-84.537287,2026-05-29T14:22:17.000,SEIZURE - 12A1,2026-05-29 14:22:17
39.1206210000598,-84.499754,2026-05-29T14:33:06.000,FALL - 17B1,2026-05-29 14:33:06
39.2160970000597,-84.486269,2026-05-29T15:16:14.000,FALL - 17A2,2026-05-29 15:16:14
39.1212010000598,-84.523123,2026-05-29T15:47:27.000,HEADACHE - 18C2 ABNORM BREATH,2026-05-29 15:47:27
39.1306260000598,-84.610552,2026-05-29T15:47:36.000,FAINT - 31D3,2026-05-29 15:47:36
39.1422180000597,-84.591561,2026-05-29T15:58:28.000,ABDOM - 1A1,2026-05-29 15:58:28
39.1734970000597,-84.430721,2026-05-29T16:03:03.000,BREATH - 6C1O,2026-05-29 16:03:03
39.1213200000598,-84.530753,2026-05-29T16:10:33.000,FALL - 17D4 NOT ALERT,2026-05-29 16:10:33
39.2012490000597,-84.458672,2026-05-29T16:17:19.000,BREATH - 6D1E NOT ALERT,2026-05-29 16:17:19
39.1113110000598,-84.503408,2026-05-29T16:17:54.000,PERDWN - 32B2 MEDICAL ALARM,2026-05-29 16:17:54
39.1071490000598,-84.512891,2026-05-29T16:19:34.000,PERDWN - 32D1 UNKNOWN,2026-05-29 16:19:34
39.0974660000597,-84.508115,2026-05-29T16:32:40.000,=EMS - (C),2026-05-29 16:32:40
39.1285910000597,-84.47463,2026-05-29T16:42:56.000,EMS,2026-05-29 16:42:56
39.1937660000597,-84.412399,2026-05-29T16:44:53.000,BREATH - 6D4 CLAMMY,2026-05-29 16:44:53
39.1630310000597,-84.404127,2026-05-29T16:50:15.000,BREATH - 6C1,2026-05-29 16:50:15
39.1423660000597,-84.491887,2026-05-29T16:52:28.000,SEIZURE - 12C4,2026-05-29 16:52:28
39.1356410000597,-84.504222,2026-05-29T16:54:15.000,CHESTPN - 10C3,2026-05-29 16:54:15
39.1574200000597,-84.479036,2026-05-29T16:55:40.000,FALL - 17D4 NOT ALERT,2026-05-29 16:55:40
39.1071530000598,-84.526612,2026-05-29T16:59:05.000,=EMS1 - ALS1 RESPONSE,2026-05-29 16:59:05
39.1876850000597,-84.545882,2026-05-29T17:06:59.000,FALL - 17D4 NOT ALERT,2026-05-29 17:06:59
39.1208660000598,-84.494262,2026-05-29T17:16:02.000,=EMS2 - ALS2 RESPONSE,2026-05-29 17:16:02
39.1444700000597,-84.459648,2026-05-29T17:31:19.000,SICK - 26A8 PAIN,2026-05-29 17:31:19
39.1428460000598,-84.416137,2026-05-29T17:39:13.000,FALL - 17B1,2026-05-29 17:39:13
39.1161740000598,-84.581023,2026-05-29T17:47:54.000,"OD - (C) 23C1A NOT ALERT, ACC",2026-05-29 17:47:54
39.1091460000598,-84.564876,2026-05-29T17:57:13.000,FALL - 17B4,2026-05-29 17:57:13
39.1910520000597,-84.460469,2026-05-29T18:13:01.000,PERDWN - 32B2 MEDICAL ALARM,2026-05-29 18:13:01
39.2146450000597,-84.531794,2026-05-29T18:21:15.000,FAINT - 31C1 ABNORMAL BREATH,2026-05-29 18:21:15
39.1916260000597,-84.568929,2026-05-29T18:26:50.000,FAINT - 31D4 NOT ALERT,2026-05-29 18:26:50
39.1343880000597,-84.531601,2026-05-29T18:42:24.000,SICK - 26A8 PAIN,2026-05-29 18:42:24
39.1031190000598,-84.495691,2026-05-29T18:49:06.000,FALL - 17B1,2026-05-29 18:49:06
39.1440770000597,-84.621892,2026-05-29T19:02:04.000,PERDWN - 32B1 PT MOV/TALK,2026-05-29 19:02:04
39.1591030000597,-84.409378,2026-05-29T19:07:48.000,FALL - 17B1,2026-05-29 19:07:48
39.1409720000598,-84.491345,2026-05-29T19:10:37.000,PERDWN - 32B2 MEDICAL ALARM,2026-05-29 19:10:37
39.1830250000597,-84.412583,2026-05-29T19:18:14.000,SICK - 26A4 FEVER,2026-05-29 19:18:14
39.1346760000597,-84.570013,2026-05-29T19:19:45.000,CHESTPN - 10D2 DIFF SPEAKING,2026-05-29 19:19:45
39.1229970000598,-84.595993,2026-05-29T19:36:10.000,BREATH - 6D2,2026-05-29 19:36:10
39.1418540000597,-84.468756,2026-05-29T19:36:28.000,SEIZURE - 12C4,2026-05-29 19:36:28
39.1133470000598,-84.516169,2026-05-29T19:37:47.000,SICK - 26C1 ALTERED LOC,2026-05-29 19:37:47
39.1658570000597,-84.511612,2026-05-29T19:39:31.000,PERDWN - 32D1 UNKNOWN,2026-05-29 19:39:31
39.1318060000597,-84.586919,2026-05-29T19:50:34.000,CHESTPN - 10D1 NOT ALERT,2026-05-29 19:50:34
39.1277120000597,-84.708481,2026-05-29T19:56:53.000,SICK - 26A11 VOMITING,2026-05-29 19:56:53
39.1448920000597,-84.409993,2026-05-29T20:00:16.000,BREATH - 6D1O NOT ALERT,2026-05-29 20:00:16
39.1623990000597,-84.541202,2026-05-29T20:18:36.000,DIABETIC - 13A1,2026-05-29 20:18:36
39.1303160000598,-84.454056,2026-05-29T20:28:31.000,LIFT - 17A4,2026-05-29 20:28:31
39.1256990000597,-84.512956,2026-05-29T20:38:10.000,ARREST - 9E1 NOT BREATHING,2026-05-29 20:38:10
39.0823690000598,-84.381895,2026-05-29T21:01:52.000,EMS,2026-05-29 21:01:52
39.1404010000597,-84.513132,2026-05-29T21:13:48.000,SICK - 26C1 ALTERED LOC,2026-05-29 21:13:48
39.2155760000597,-84.530806,2026-05-29T21:25:06.000,FAINT - 31A2,2026-05-29 21:25:06
39.2166820000597,-84.531266,2026-05-29T21:30:52.000,SICK - 26O3 BUMPS,2026-05-29 21:30:52
39.1879960000597,-84.468666,2026-05-29T21:32:15.000,SICK - 26A4 FEVER,2026-05-29 21:32:15
39.2133970000597,-84.534852,2026-05-29T21:36:25.000,BLEED - 21B1 DANGEROUS,2026-05-29 21:36:25
39.1254150000597,-84.502297,2026-05-29T21:38:28.000,BREATH - 6D4A ASTHMA,2026-05-29 21:38:28
39.1488330000597,-84.48679,2026-05-29T21:42:15.000,"PREG - 24D3C IMMINENT, PRETERM",2026-05-29 21:42:15
39.1939720000597,-84.479838,2026-05-29T21:43:19.000,ARREST - 9E1 NOT BREATHING,2026-05-29 21:43:19
39.1305610000597,-84.509587,2026-05-29T21:46:19.000,ASSLTI - (C) =,2026-05-29 21:46:19
39.1226700000598,-84.503423,2026-05-29T21:46:32.000,OUTDR - 67A2 ILLEGAL BURN,2026-05-29 21:46:32
39.1332760000597,-84.594354,2026-05-29T21:47:35.000,BREATH - 6D2,2026-05-29 21:47:35
39.1489050000597,-84.553857,2026-05-29T21:52:14.000,STROKE - 28C2F CLEAR EVIDENCE,2026-05-29 21:52:14
39.1348650000598,-84.501845,2026-05-29T21:53:20.000,BLEED - 21B1 DANGEROUS,2026-05-29 21:53:20
39.1524350000597,-84.603753,2026-05-29T22:06:11.000,STROKE - 28C5F CLEAR EVIDENCE,2026-05-29 22:06:11
39.1187720000598,-84.693935,2026-05-29T22:10:28.000,FALL - 17B4,2026-05-29 22:10:28
39.1132140000597,-84.509438,2026-05-29T22:15:02.000,EMS - (C) =,2026-05-29 22:15:02
39.1317910000598,-84.536014,2026-05-29T22:17:07.000,SEIZURE - 12D2 MULTIPLE,2026-05-29 22:17:07
39.1612030000597,-84.407236,2026-05-29T22:22:37.000,CHESTPN - 10D2 DIFF SPEAKING,2026-05-29 22:22:37
39.1302530000598,-84.573079,2026-05-29T22:41:01.000,BREATH - 6D4 CLAMMY,2026-05-29 22:41:01
39.1051960000598,-84.567318,2026-05-29T22:57:04.000,BREATH - 6D2A ASTHMA,2026-05-29 22:57:04
39.2017810000597,-84.579006,2026-05-29T22:59:44.000,FALL - 17B1,2026-05-29 22:59:44
39.2038280000597,-84.576604,2026-05-29T23:05:52.000,PREG - 24D3 IMMINENT,2026-05-29 23:05:52
39.1441470000597,-84.623142,2026-05-29T23:11:33.000,PERDWN - 32D1 UNKNOWN,2026-05-29 23:11:33
39.1109320000598,-84.684903,2026-05-29T23:11:56.000,PREG - 24D3 IMMINENT,2026-05-29 23:11:56
39.1098060000598,-84.515669,2026-05-29T23:22:55.000,"BLEED - 21B2T SERIOUS, TRAUMA",2026-05-29 23:22:55
39.1526800000597,-84.411393,2026-05-29T23:39:08.000,EMS - (C) =,2026-05-29 23:39:08
39.1057530000597,-84.50756,2026-05-29T23:40:15.000,SICK - 26A11 VOMITING,2026-05-29 23:40:15
39.1935870000597,-84.465872,2026-05-29T23:51:46.000,INVEST - 69E6F BURNED FOOD,2026-05-29 23:51:46
39.1026820000598,-84.5093,2026-05-29T23:55:01.000,EMS,2026-05-29 23:55:01
39.1019520000598,-84.50906,2026-05-29T23:59:28.000,FALL - 17D4 NOT ALERT,2026-05-29 23:59:28
39.1403470000598,-84.530337,2026-05-30T00:39:08.000,BREATH - 6D2A ASTHMA,2026-05-30 00:39:08
39.1435200000598,-84.559098,2026-05-30T00:39:32.000,"OD - (C) 23C1A NOT ALERT, ACC",2026-05-30 00:39:32
39.1165540000598,-84.527013,2026-05-30T00:57:24.000,ASSLTI - (C)(W) =,2026-05-30 00:57:24
39.1223230000598,-84.412089,2026-05-30T01:11:01.000,SEIZURE - 12A1,2026-05-30 01:11:01
39.1312760000598,-84.598163,2026-05-30T01:19:33.000,BREATH - 6C1E EMPHYSEMA,2026-05-30 01:19:33
39.0979020000598,-84.509776,2026-05-30T01:35:05.000,PERDWN - 32D1 UNKNOWN,2026-05-30 01:35:05
39.1374220000597,-84.536587,2026-05-30T01:36:07.000,ABDOM - 1C4,2026-05-30 01:36:07
39.1077230000598,-84.530407,2026-05-30T01:41:28.000,BREATH - 6D2A ASTHMA,2026-05-30 01:41:28
39.0971410000598,-84.50921,2026-05-30T01:56:46.000,=EMS1 - ALS1 RESPONSE,2026-05-30 01:56:46
39.0982610000598,-84.510589,2026-05-30T02:14:20.000,=EMS1 - ALS1 RESPONSE,2026-05-30 02:14:20
39.2144300000597,-84.487664,2026-05-30T02:29:52.000,FALL - 17B1,2026-05-30 02:29:52
39.1779660000597,-84.437723,2026-05-30T02:48:15.000,BREATH - 6D1E NOT ALERT,2026-05-30 02:48:15
39.1236820000598,-84.571351,2026-05-30T02:54:48.000,SICK - 26C2 ABNORMAL BREATH,2026-05-30 02:54:48
39.1520260000597,-84.596021,2026-05-30T03:31:03.000,SICK - 26A8 PAIN,2026-05-30 03:31:03
39.1497270000597,-84.56597,2026-05-30T03:31:48.000,EMS,2026-05-30 03:31:48
39.1451190000597,-84.540651,2026-05-30T03:32:50.000,EMS - (C) =,2026-05-30 03:32:50
39.1764120000597,-84.531812,2026-05-30T03:54:28.000,EMS,2026-05-30 03:54:28
39.1333820000597,-84.595294,2026-05-30T03:55:31.000,PERDWN - 32D1 UNKNOWN,2026-05-30 03:55:31
39.1338170000597,-84.496987,2026-05-30T04:00:21.000,=EMS2 - ALS2 RESPONSE,2026-05-30 04:00:21
39.1908760000597,-84.492355,2026-05-30T04:02:56.000,=EMS1 - ALS1 RESPONSE,2026-05-30 04:02:56
39.1119580000598,-84.573808,2026-05-30T04:22:44.000,BREATH - 6D4A ASTHMA,2026-05-30 04:22:44
39.1760420000597,-84.532282,2026-05-30T04:31:17.000,=EMS1 - ALS1 RESPONSE,2026-05-30 04:31:17
39.1082230000598,-84.529777,2026-05-30T04:37:39.000,BREATH - 6D2A ASTHMA,2026-05-30 04:37:39
39.1096380000598,-84.514933,2026-05-30T04:56:17.000,ARREST - 9E1 NOT BREATHING,2026-05-30 04:56:17
39.1370250000597,-84.529417,2026-05-30T05:07:03.000,DIABETIC - 13C1 NOT ALERT,2026-05-30 05:07:03
39.1404730000597,-84.594022,2026-05-30T05:09:39.000,SICK - 26A3 VERTIGO,2026-05-30 05:09:39
39.1477940000597,-84.501383,2026-05-30T05:31:31.000,HEARTPRB - 19C4 CARDIAC HX,2026-05-30 05:31:31
39.2080210000597,-84.466391,2026-05-30T05:45:26.000,BREATH - 6D2E EMPHYSEMA,2026-05-30 05:45:26
39.1135700000598,-84.528418,2026-05-30T06:09:23.000,PERDWN - 32D1 UNKNOWN,2026-05-30 06:09:23
39.1089590000598,-84.579188,2026-05-30T06:24:17.000,HEARTPRB - 19C2 ABNORM BREATH,2026-05-30 06:24:17
39.1351270000597,-84.572081,2026-05-30T06:28:31.000,ABDOM - 1A1,2026-05-30 06:28:31
39.1421140000598,-84.532386,2026-05-30T06:35:34.000,OD - (C) 23D2A ACCIDENTAL,2026-05-30 06:35:34
39.1898930000597,-84.413777,2026-05-30T06:35:48.000,SICK - 26A7 IMMOBILE,2026-05-30 06:35:48
39.1392710000597,-84.51375,2026-05-30T06:46:26.000,BREATH - 6D2,2026-05-30 06:46:26
39.1523720000597,-84.485454,2026-05-30T06:55:10.000,BREATH - 6C1E EMPHYSEMA,2026-05-30 06:55:10
39.1216010000598,-84.552352,2026-05-30T07:13:01.000,PERDWN - 32D1 UNKNOWN,2026-05-30 07:13:01
39.1425090000597,-84.582991,2026-05-30T07:38:59.000,LIFT - 17A4,2026-05-30 07:38:59
39.1964790000597,-84.546054,2026-05-30T07:45:10.000,FALL - 17D5 SOB,2026-05-30 07:45:10
39.1430870000597,-84.407296,2026-05-30T07:47:17.000,CHESTPN - 10D1 NOT ALERT,2026-05-30 07:47:17
39.0868490000598,-84.390187,2026-05-30T07:48:10.000,=PERDWN - MEDICAL ALARM,2026-05-30 07:48:10
39.1131810000598,-84.51796,2026-05-30T08:00:01.000,SICK - 26A8 PAIN,2026-05-30 08:00:01
39.1395200000597,-84.49579,2026-05-30T08:13:42.000,FALL - 17B1,2026-05-30 08:13:42
39.1177720000598,-84.695645,2026-05-30T08:25:31.000,SICK - 26B1,2026-05-30 08:25:31
39.1472970000597,-84.485814,2026-05-30T08:26:13.000,BREATH - 6D2A ASTHMA,2026-05-30 08:26:13
39.0869890000598,-84.390897,2026-05-30T08:29:29.000,PERDWN - 32B2 MEDICAL ALARM,2026-05-30 08:29:29
39.1498190000597,-84.53208,2026-05-30T08:40:47.000,CHESTPN - 10C3,2026-05-30 08:40:47
39.1055830000598,-84.513115,2026-05-30T08:53:51.000,BREATH - 6D2,2026-05-30 08:53:51
39.1314850000598,-84.478928,2026-05-30T09:03:32.000,SICK - 26A1,2026-05-30 09:03:32
39.1002260000598,-84.56412,2026-05-30T09:19:00.000,STROKE - 28C1F CLEAR EVIDENCE,2026-05-30 09:19:00
39.1312560000598,-84.599233,2026-05-30T09:27:26.000,ABDOM - 1C6,2026-05-30 09:27:26
39.1805790000597,-84.517852,2026-05-30T09:28:03.000,FAINT - 31A3,2026-05-30 09:28:03
39.1259730000598,-84.561158,2026-05-30T09:32:20.000,SICK - 26A8 PAIN,2026-05-30 09:32:20
39.1011440000598,-84.512441,2026-05-30T09:42:08.000,SICK - 26C2 ABNORMAL BREATH,2026-05-30 09:42:08
39.1074390000598,-84.56938,2026-05-30T09:48:50.000,SEIZURE - 12D2 MULTIPLE,2026-05-30 09:48:50
39.1110890000598,-84.568375,2026-05-30T09:49:16.000,FALL - 17D4 NOT ALERT,2026-05-30 09:49:16
39.1516930000597,-84.579143,2026-05-30T10:01:26.000,LIFT - 17A4,2026-05-30 10:01:26
39.1313160000598,-84.598393,2026-05-30T10:16:29.000,SICK - 26A8 PAIN,2026-05-30 10:16:29
39.1983760000597,-84.462438,2026-05-30T10:18:06.000,FALL - 17A1 DEFORMITY,2026-05-30 10:18:06
39.1528680000597,-84.500597,2026-05-30T10:24:29.000,CHESTPN - 10D2 DIFF SPEAKING,2026-05-30 10:24:29
39.2053170000597,-84.457098,2026-05-30T10:28:12.000,PERDWN - 32D1 UNKNOWN,2026-05-30 10:28:12
39.1060130000597,-84.525986,2026-05-30T10:32:16.000,DOMINJ - (C) =,2026-05-30 10:32:16
39.1261630000597,-84.522391,2026-05-30T10:37:01.000,SICK - 26A8 PAIN,2026-05-30 10:37:01
39.1907580000597,-84.459865,2026-05-30T10:57:56.000,PERDWN - 32B2 MEDICAL ALARM,2026-05-30 10:57:56
39.1430570000598,-84.509168,2026-05-30T11:02:52.000,FALL - 17C1 FAINTING,2026-05-30 11:02:52
39.1604420000597,-84.391944,2026-05-30T11:07:43.000,CHESTPN - 10D4 CLAMMY,2026-05-30 11:07:43
39.1088340000598,-84.559091,2026-05-30T11:23:03.000,SICK - 26A8 PAIN,2026-05-30 11:23:03
39.2032930000597,-84.457813,2026-05-30T11:24:03.000,PERDWN - 32D1 UNKNOWN,2026-05-30 11:24:03
39.1057560000598,-84.560773,2026-05-30T11:29:20.000,PERDWN - 32D1 UNKNOWN,2026-05-30 11:29:20
39.1086080000598,-84.508166,2026-05-30T11:29:25.000,=EMS - (C),2026-05-30 11:29:25
39.1662540000597,-84.469549,2026-05-30T11:31:10.000,BREATH - 6D2,2026-05-30 11:31:10
39.1521590000597,-84.532388,2026-05-30T11:32:24.000,BREATH - 6D2,2026-05-30 11:32:24
39.1304660000598,-84.599563,2026-05-30T11:37:30.000,CHESTPN - 10C1 ABNORMAL BREATH,2026-05-30 11:37:30
39.1505120000598,-84.393463,2026-05-30T11:50:20.000,SICK - 26A11 VOMITING,2026-05-30 11:50:20
39.1448580000597,-84.491331,2026-05-30T12:06:18.000,FAINT - 31D4 NOT ALERT,2026-05-30 12:06:18
39.1326370000598,-84.56864,2026-05-30T12:07:00.000,FAINT - 31D4 NOT ALERT,2026-05-30 12:07:00
39.1360620000597,-84.574145,2026-05-30T12:07:55.000,DOMINJ - (C) =,2026-05-30 12:07:55
39.1432770000597,-84.411351,2026-05-30T12:25:53.000,SICK - 26C1 ALTERED LOC,2026-05-30 12:25:53
39.1448650000598,-84.55755,2026-05-30T12:28:07.000,EMS,2026-05-30 12:28:07
39.1236050000598,-84.525783,2026-05-30T12:29:24.000,=ASSLTI - (C),2026-05-30 12:29:24
39.1530270000597,-84.384272,2026-05-30T12:33:57.000,EMS,2026-05-30 12:33:57
39.1606530000597,-84.39901,2026-05-30T12:39:28.000,PERDWN - 32B2 MEDICAL ALARM,2026-05-30 12:39:28
39.1806540000597,-84.430306,2026-05-30T12:45:14.000,SEIZURE - 12C4,2026-05-30 12:45:14
39.1212460000598,-84.491477,2026-05-30T12:46:10.000,ABDOM - 1A1,2026-05-30 12:46:10
39.2035570000597,-84.459164,2026-05-30T12:53:46.000,"OD - (C) 23D1A ARREST, ACC",2026-05-30 12:53:46
39.2030970000597,-84.458134,2026-05-30T12:54:06.000,"OD - (C) 23D1A ARREST, ACC",2026-05-30 12:54:06
39.1535040000597,-84.583111,2026-05-30T12:55:08.000,BREATH - 6D1E NOT ALERT,2026-05-30 12:55:08
39.1377010000598,-84.576488,2026-05-30T12:57:01.000,SICK - 26A11 VOMITING,2026-05-30 12:57:01
39.1556870000597,-84.399841,2026-05-30T12:57:47.000,SICK - 26C2 ABNORMAL BREATH,2026-05-30 12:57:47
39.1303960000598,-84.48829,2026-05-30T13:03:29.000,BREATH - 6C1,2026-05-30 13:03:29
39.1228600000598,-84.499432,2026-05-30T13:07:10.000,STROKE - 28C2 ABNORMAL BREATH,2026-05-30 13:07:10
39.1413690000597,-84.505357,2026-05-30T13:08:45.000,FALL - 17A2,2026-05-30 13:08:45
39.1427740000597,-84.609922,2026-05-30T13:09:51.000,SICK - 26O6 CATHETER,2026-05-30 13:09:51
39.1091300000598,-84.51798,2026-05-30T13:10:47.000,BREATH - 6D2A ASTHMA,2026-05-30 13:10:47
39.1572780000597,-84.477231,2026-05-30T13:18:07.000,PERDWN - 32D1 UNKNOWN,2026-05-30 13:18:07
39.2035310000597,-84.565083,2026-05-30T13:23:22.000,FALL - 17B1,2026-05-30 13:23:22
39.1777910000597,-84.548059,2026-05-30T13:38:45.000,EMS,2026-05-30 13:38:45
39.1426770000598,-84.509338,2026-05-30T13:42:35.000,SICK - 26A11 VOMITING,2026-05-30 13:42:35
39.1656910000597,-84.471192,2026-05-30T13:51:59.000,BREATH - 6D2E EMPHYSEMA,2026-05-30 13:51:59
39.1352030000598,-84.460525,2026-05-30T13:58:45.000,FAINT - 31D3,2026-05-30 13:58:45
39.1860020000597,-84.511951,2026-05-30T14:06:34.000,HEADACHE - 18C4C POSS STROKE,2026-05-30 14:06:34
39.1075380000598,-84.508296,2026-05-30T14:12:52.000,HEARTPRB - 19C4 CARDIAC HX,2026-05-30 14:12:52
39.1247290000597,-84.57846,2026-05-30T14:22:03.000,SICK - 26A8 PAIN,2026-05-30 14:22:03
39.1375220000597,-84.548537,2026-05-30T14:24:15.000,=PERDWN,2026-05-30 14:24:15
39.1348730000598,-84.569914,2026-05-30T14:33:02.000,BREATH - 6D2,2026-05-30 14:33:02
39.1093770000598,-84.572439,2026-05-30T14:33:06.000,=ASSLTI - (C),2026-05-30 14:33:06
39.1176780000598,-84.520537,2026-05-30T14:39:07.000,=EMS1 - ALS1 RESPONSE,2026-05-30 14:39:07
39.1096840000598,-84.517802,2026-05-30T14:45:14.000,DIABETIC - 13C1 NOT ALERT,2026-05-30 14:45:14
39.1949890000597,-84.478928,2026-05-30T14:51:00.000,SEIZURE - 12C4,2026-05-30 14:51:00
39.1175930000598,-84.598075,2026-05-30T14:56:04.000,FALL - 17D4 NOT ALERT,2026-05-30 14:56:04
39.1143040000598,-84.490838,2026-05-30T15:08:10.000,FALL - 17B1,2026-05-30 15:08:10
39.1183040000598,-84.502729,2026-05-30T15:11:55.000,SICK - 26C2 ABNORMAL BREATH,2026-05-30 15:11:55
39.1293310000598,-84.490004,2026-05-30T15:15:29.000,CHESTPN - 10D2 DIFF SPEAKING,2026-05-30 15:15:29
39.0815500000598,-84.632977,2026-05-30T15:17:38.000,EMS,2026-05-30 15:17:38
39.1131350000598,-84.517182,2026-05-30T15:27:54.000,=EMS - (C),2026-05-30 15:27:54
39.1140360000598,-84.571142,2026-05-30T15:29:47.000,EMS - (C) =,2026-05-30 15:29:47
39.1630350000597,-84.43569,2026-05-30T15:33:54.000,EMS,2026-05-30 15:33:54
39.1038270000598,-84.508004,2026-05-30T15:48:36.000,SICK - 26D1 NOT ALERT,2026-05-30 15:48:36
39.1430050000597,-84.521446,2026-05-30T16:00:08.000,FAINT - 31D4 NOT ALERT,2026-05-30 16:00:08
39.1607220000597,-84.397577,2026-05-30T16:05:02.000,FAINT - 31C1 ABNORMAL BREATH,2026-05-30 16:05:02
39.2024870000597,-84.466204,2026-05-30T16:06:50.000,BREATH - 6D2,2026-05-30 16:06:50
39.1426320000598,-84.492735,2026-05-30T16:09:44.000,PERDWN - 32B2 MEDICAL ALARM,2026-05-30 16:09:44
39.2076750000597,-84.453866,2026-05-30T16:10:34.000,BREATH - 6D2O,2026-05-30 16:10:34
39.1425170000597,-84.520911,2026-05-30T16:25:42.000,SICK - 26A11 VOMITING,2026-05-30 16:25:42
39.1720950000597,-84.435805,2026-05-30T16:26:18.000,BREATH - 6D2E EMPHYSEMA,2026-05-30 16:26:18
39.1222870000598,-84.571649,2026-05-30T16:26:40.000,FALL - 17B1,2026-05-30 16:26:40
39.1876050000597,-84.546902,2026-05-30T16:27:19.000,BREATH - 6D1 NOT ALERT,2026-05-30 16:27:19
39.1571050000598,-84.473845,2026-05-30T16:27:52.000,PERDWN - 32B2 MEDICAL ALARM,2026-05-30 16:27:52
39.1335400000598,-84.571193,2026-05-30T16:37:18.000,SICK - 26C1 ALTERED LOC,2026-05-30 16:37:18
39.1861440000597,-84.545226,2026-05-30T16:42:38.000,PERDWN - 32D1 UNKNOWN,2026-05-30 16:42:38
39.1069450000598,-84.509981,2026-05-30T16:44:24.000,FALL - 17B1,2026-05-30 16:44:24
39.1407500000598,-84.492596,2026-05-30T16:51:15.000,311 TRANSFER FOR EMS,2026-05-30 16:51:15
39.1792170000598,-84.543872,2026-05-30T16:59:44.000,PERDWN - 32D1 UNKNOWN,2026-05-30 16:59:44
39.1097860000598,-84.515039,2026-05-30T17:00:48.000,"BLEED - 21D4T DANGEROUS, TRAUM",2026-05-30 17:00:48
39.1177690000598,-84.518815,2026-05-30T17:08:16.000,BLEED - 21B1 DANGEROUS,2026-05-30 17:08:16
39.1579430000597,-84.380674,2026-05-30T17:50:15.000,FALL - 17A1 DEFORMITY,2026-05-30 17:50:15
39.1874650000597,-84.546402,2026-05-30T17:52:54.000,CHESTPN - 10D1 NOT ALERT,2026-05-30 17:52:54
39.2004190000597,-84.519973,2026-05-30T17:54:11.000,BREATH - 6D2A ASTHMA,2026-05-30 17:54:11
39.1079550000598,-84.564988,2026-05-30T18:04:49.000,BREATH - 6D1 NOT ALERT,2026-05-30 18:04:49
39.2053090000597,-84.536749,2026-05-30T18:09:20.000,BREATH - 6D1 NOT ALERT,2026-05-30 18:09:20
39.1627770000597,-84.54497,2026-05-30T18:11:30.000,SEIZURE - 12A3,2026-05-30 18:11:30
39.1310660000598,-84.598843,2026-05-30T18:15:36.000,BREATH - 6D1O NOT ALERT,2026-05-30 18:15:36
39.1064800000598,-84.50883,2026-05-30T18:19:15.000,CHESTPN - 10C1 ABNORMAL BREATH,2026-05-30 18:19:15
39.1041190000598,-84.559947,2026-05-30T18:22:22.000,CHESTPN - 10C3,2026-05-30 18:22:22
39.0994230000598,-84.50919,2026-05-30T18:26:30.000,=EMS - (C),2026-05-30 18:26:30
39.1059190000598,-84.560947,2026-05-30T18:30:20.000,=EMS - (C),2026-05-30 18:30:20
39.1863460000597,-84.51008,2026-05-30T18:31:52.000,EMS,2026-05-30 18:31:52
39.1311020000598,-84.611479,2026-05-30T18:37:48.000,PERDWN - 32D1 UNKNOWN,2026-05-30 18:37:48
39.1285460000597,-84.601568,2026-05-30T18:49:45.000,=ASSLTI - (C),2026-05-30 18:49:45
39.1517810000597,-84.498077,2026-05-30T18:52:37.000,PERDWN - 32B2 MEDICAL ALARM,2026-05-30 18:52:37
39.1251460000597,-84.532669,2026-05-30T18:54:22.000,OD - (C) 23D2A ACCIDENTAL,2026-05-30 18:54:22
39.1380910000597,-84.51319,2026-05-30T18:54:54.000,BREATH - 6C1O,2026-05-30 18:54:54
39.1347140000597,-84.55718,2026-05-30T18:56:32.000,SICK - 26A1,2026-05-30 18:56:32
39.1896830000597,-84.51843,2026-05-30T19:10:30.000,HEARTPRB - 19C2 ABNORM BREATH,2026-05-30 19:10:30
39.1943190000597,-84.48317,2026-05-30T19:13:55.000,DIABETIC - 13C1 NOT ALERT,2026-05-30 19:13:55
39.1984410000597,-84.457286,2026-05-30T19:40:18.000,FALL - 17B4,2026-05-30 19:40:18
39.1132490000598,-84.523685,2026-05-30T19:44:13.000,SICK - 26C2 ABNORMAL BREATH,2026-05-30 19:44:13
39.0994430000598,-84.506711,2026-05-30T19:48:26.000,SICK - 26C2 ABNORMAL BREATH,2026-05-30 19:48:26
39.0920340000598,-84.573645,2026-05-30T19:48:52.000,EMS - (C) =,2026-05-30 19:48:52
39.1528590000597,-84.533858,2026-05-30T19:54:34.000,PERDWN - 32B2 MEDICAL ALARM,2026-05-30 19:54:34
39.1463450000597,-84.488697,2026-05-30T20:05:15.000,PERDWN - 32D1 UNKNOWN,2026-05-30 20:05:15
39.0878180000598,-84.382488,2026-05-30T20:08:01.000,STROKE - 28C10 TIA HX,2026-05-30 20:08:01
39.1774970000597,-84.47652,2026-05-30T20:09:32.000,PERDWN - 32B2 MEDICAL ALARM,2026-05-30 20:09:32
39.1780650000597,-84.472983,2026-05-30T20:35:16.000,STROKE - 28C1F CLEAR EVIDENCE,2026-05-30 20:35:16
39.1237760000598,-84.507845,2026-05-30T20:36:56.000,PERDWN - 32D1 UNKNOWN,2026-05-30 20:36:56
39.1321460000597,-84.614742,2026-05-30T20:44:13.000,BLEED - 21B1 DANGEROUS,2026-05-30 20:44:13
39.1499480000597,-84.440678,2026-05-30T20:46:51.000,OUTDR - 67A2 ILLEGAL BURN,2026-05-30 20:46:51
39.1145900000598,-84.513402,2026-05-30T20:52:07.000,FAINT - 31D2 ABNORMAL BREATH,2026-05-30 20:52:07
39.1761750000597,-84.476205,2026-05-30T20:52:46.000,DOMINJ - (C)(W) =,2026-05-30 20:52:46
39.1973060000597,-84.535677,2026-05-30T20:53:24.000,BREATH - 6D2,2026-05-30 20:53:24
39.1143010000598,-84.52882,2026-05-30T21:01:50.000,BREATH - 6C1A ASTHMA,2026-05-30 21:01:50
39.1310250000597,-84.594548,2026-05-30T21:07:53.000,SICK - 26A2 ABNORMAL BP,2026-05-30 21:07:53
39.1069680000598,-84.528043,2026-05-30T21:15:17.000,BREATH - 6C1E EMPHYSEMA,2026-05-30 21:15:17
39.1438090000597,-84.59377,2026-05-30T21:18:03.000,CHESTPN - 10D4 CLAMMY,2026-05-30 21:18:03
39.1736490000597,-84.478073,2026-05-30T21:18:55.000,EMS,2026-05-30 21:18:55
39.1343870000597,-84.520324,2026-05-30T21:27:01.000,SICK - 26A1,2026-05-30 21:27:01
39.1412320000597,-84.531259,2026-05-30T21:28:06.000,OD - 23C8A ACCIDENTAL,2026-05-30 21:28:06
39.1109450000598,-84.5261,2026-05-30T21:34:06.000,EMS,2026-05-30 21:34:06
39.0897440000598,-84.391155,2026-05-30T21:34:06.000,BREATH - 6D2E EMPHYSEMA,2026-05-30 21:34:06
39.1300260000598,-84.598373,2026-05-30T21:36:45.000,SICK - 26A8 PAIN,2026-05-30 21:36:45
39.1069220000598,-84.526711,2026-05-30T21:47:45.000,EMS,2026-05-30 21:47:45
39.1190660000597,-84.517697,2026-05-30T21:55:09.000,BREATH - 6D2E EMPHYSEMA,2026-05-30 21:55:09
39.1026990000597,-84.519595,2026-05-30T21:57:28.000,EMS,2026-05-30 21:57:28
39.1969270000597,-84.5477,2026-05-30T21:59:16.000,PERDWN - 32B2 MEDICAL ALARM,2026-05-30 21:59:16
39.1424880000598,-84.493539,2026-05-30T21:59:39.000,ABDOM - 1A1,2026-05-30 21:59:39
39.1126450000598,-84.518432,2026-05-30T22:01:06.000,FALL - 17D4 NOT ALERT,2026-05-30 22:01:06
39.1995710000597,-84.456456,2026-05-30T22:02:47.000,PERDWN - 32B2 MEDICAL ALARM,2026-05-30 22:02:47
39.1262350000598,-84.513388,2026-05-30T22:17:53.000,FALL - 17D4 NOT ALERT,2026-05-30 22:17:53
39.1262930000598,-84.560208,2026-05-30T22:42:52.000,CHESTPN - 10C3,2026-05-30 22:42:52
39.1050890000598,-84.516483,2026-05-30T22:43:01.000,EMS,2026-05-30 22:43:01
39.1141180000598,-84.428444,2026-05-30T22:57:46.000,FALL - 17D2 ARREST,2026-05-30 22:57:46
39.1365430000597,-84.506624,2026-05-30T23:04:07.000,PERDWN - 32B3 UNKNOWN,2026-05-30 23:04:07
39.1065120000598,-84.513312,2026-05-30T23:18:36.000,EMS - (C) =,2026-05-30 23:18:36
39.1129060000597,-84.594942,2026-05-30T23:23:04.000,OD - 23C8A ACCIDENTAL,2026-05-30 23:23:04
39.1512830000598,-84.409211,2026-05-30T23:27:35.000,FALL - 17B1,2026-05-30 23:27:35
39.1414020000597,-84.491857,2026-05-30T23:34:40.000,FALL - 17B1,2026-05-30 23:34:40
39.0982010000598,-84.510449,2026-05-30T23:35:05.000,ASSLTI - (C) =,2026-05-30 23:35:05
39.1450490000597,-84.59493,2026-05-30T23:50:57.000,STROKE - 28C5 FACIAL DROOP,2026-05-30 23:50:57
39.1412820000597,-84.493147,2026-05-30T23:53:55.000,BREATH - 6C1,2026-05-30 23:53:55
39.1496800000597,-84.490536,2026-05-31T00:03:13.000,SICK - 26C2 ABNORMAL BREATH,2026-05-31 00:03:13
39.1523650000597,-84.484541,2026-05-31T00:11:57.000,BLEED - 21D5 ABNORMAL BREATH,2026-05-31 00:11:57
39.1737510000597,-84.429181,2026-05-31T00:19:38.000,SEIZURE - 12D4,2026-05-31 00:19:38
39.1056130000598,-84.594482,2026-05-31T00:25:16.000,LIFT - 17A4,2026-05-31 00:25:16
39.1397910000597,-84.558888,2026-05-31T00:50:08.000,CHESTPN - 10D5 CARDIAC HX,2026-05-31 00:50:08
39.1256480000598,-84.603762,2026-05-31T01:04:05.000,PERDWN - 32D1 UNKNOWN,2026-05-31 01:04:05
39.2108170000597,-84.474352,2026-05-31T01:13:37.000,BLEED - 21D5 ABNORMAL BREATH,2026-05-31 01:13:37
39.1125320000598,-84.502153,2026-05-31T01:19:12.000,PERDWN - 32D1 UNKNOWN,2026-05-31 01:19:12
39.1062570000598,-84.511697,2026-05-31T01:34:15.000,FALL - 17A3 NON RECENT,2026-05-31 01:34:15
39.1296100000597,-84.509569,2026-05-31T01:36:35.000,EMS,2026-05-31 01:36:35
39.1943510000597,-84.547979,2026-05-31T01:38:15.000,FALL - 17B1,2026-05-31 01:38:15
39.2068000000597,-84.547162,2026-05-31T01:44:25.000,CHESTPN - 10D4 CLAMMY,2026-05-31 01:44:25
39.1538720000597,-84.439783,2026-05-31T02:07:50.000,PERDWN - 32D1 UNKNOWN,2026-05-31 02:07:50
39.1000440000598,-84.511911,2026-05-31T02:09:20.000,BLEED - 21B1 DANGEROUS,2026-05-31 02:09:20
39.1517000000597,-84.565439,2026-05-31T02:15:33.000,FALL - 17D4 NOT ALERT,2026-05-31 02:15:33
39.1101430000598,-84.509443,2026-05-31T02:29:27.000,EMS - (C) =,2026-05-31 02:29:27
39.1452070000597,-84.487269,2026-05-31T02:37:45.000,SICK - 26A1,2026-05-31 02:37:45
39.1139160000598,-84.574922,2026-05-31T02:50:54.000,BREATH - 6D4 CLAMMY,2026-05-31 02:50:54
39.1499080000597,-84.570696,2026-05-31T03:10:03.000,SICK - 26A11 VOMITING,2026-05-31 03:10:03
39.0975420000598,-84.510496,2026-05-31T03:18:09.000,EMS,2026-05-31 03:18:09
39.1355310000597,-84.604469,2026-05-31T03:23:26.000,CHESTPN - 10D2 DIFF SPEAKING,2026-05-31 03:23:26
39.1566130000597,-84.57723,2026-05-31T03:55:04.000,DOMINJ - (C) =,2026-05-31 03:55:04
39.1087610000598,-84.511189,2026-05-31T04:03:47.000,SICK - 26A8 PAIN,2026-05-31 04:03:47
39.1730170000597,-84.431681,2026-05-31T04:22:42.000,DIABETIC - 13C2,2026-05-31 04:22:42
39.1455880000597,-84.494164,2026-05-31T04:32:59.000,ABDOM - 1C4,2026-05-31 04:32:59
39.1417400000597,-84.539702,2026-05-31T04:59:21.000,CHESTPN - 10D4 CLAMMY,2026-05-31 04:59:21
39.1213000000598,-84.492175,2026-05-31T05:16:50.000,ASSLTI - (C) =,2026-05-31 05:16:50
39.1563810000597,-84.526112,2026-05-31T05:41:04.000,BREATH - 6C1O,2026-05-31 05:41:04
39.1495370000597,-84.494714,2026-05-31T05:49:27.000,FALL - 17B4,2026-05-31 05:49:27
39.2163070000597,-84.486619,2026-05-31T05:58:05.000,FALL - 17A2,2026-05-31 05:58:05
39.1306260000598,-84.598543,2026-05-31T06:02:57.000,FALL - 17B4,2026-05-31 06:02:57
39.1133160000598,-84.50593,2026-05-31T06:15:24.000,=EMS - (C),2026-05-31 06:15:24
39.1144860000598,-84.50688,2026-05-31T06:15:44.000,EMS,2026-05-31 06:15:44
39.1896530000597,-84.414457,2026-05-31T06:25:47.000,LIFT - 53A2,2026-05-31 06:25:47
39.1615230000597,-84.406956,2026-05-31T06:53:40.000,BREATH - 6C1O,2026-05-31 06:53:40
39.1218030000598,-84.567339,2026-05-31T07:22:35.000,CHESTPN - 10C1 ABNORMAL BREATH,2026-05-31 07:22:35
39.1303560000598,-84.599483,2026-05-31T07:24:45.000,SICK - 26C1 ALTERED LOC,2026-05-31 07:24:45
39.1077200000598,-84.512751,2026-05-31T07:30:31.000,=EMS1 - ALS1 RESPONSE,2026-05-31 07:30:31
39.1076200000598,-84.511791,2026-05-31T07:30:36.000,EMS,2026-05-31 07:30:36
39.1287060000597,-84.593748,2026-05-31T07:38:38.000,BREATH - 6D2,2026-05-31 07:38:38
39.1277260000598,-84.706297,2026-05-31T08:04:28.000,=EMS2 - ALS2 RESPONSE,2026-05-31 08:04:28
39.1942630000597,-84.528283,2026-05-31T08:04:43.000,BREATH - 6E1A ASTHMA,2026-05-31 08:04:43
39.1214520000598,-84.526576,2026-05-31T08:25:45.000,FAINT - 31C1 ABNORMAL BREATH,2026-05-31 08:25:45
39.1528130000598,-84.409721,2026-05-31T08:27:21.000,EMS,2026-05-31 08:27:21
39.1578050000598,-84.473775,2026-05-31T08:34:32.000,SICK - 26C2 ABNORMAL BREATH,2026-05-31 08:34:32
39.1099670000598,-84.572861,2026-05-31T09:01:31.000,=PERDWN,2026-05-31 09:01:31
39.1568590000597,-84.52483,2026-05-31T09:11:15.000,SICK - 26C1 ALTERED LOC,2026-05-31 09:11:15
39.1237160000597,-84.60616,2026-05-31T10:06:08.000,DOMINJ - (C) =,2026-05-31 10:06:08
39.1470030000598,-84.494114,2026-05-31T10:06:15.000,OD - (C) 23D3I INTENTIONAL,2026-05-31 10:06:15
39.1855960000597,-84.410109,2026-05-31T10:14:04.000,PERDWN - 32B2 MEDICAL ALARM,2026-05-31 10:14:04
39.1913640000597,-84.456893,2026-05-31T10:16:25.000,CHESTPN - 10C3,2026-05-31 10:16:25
39.0795430000598,-84.379259,2026-05-31T10:24:32.000,ABDOM - 1C3,2026-05-31 10:24:32
39.1230400000598,-84.499982,2026-05-31T10:29:27.000,BREATH - 6C1A ASTHMA,2026-05-31 10:29:27
39.1574520000597,-84.562152,2026-05-31T10:29:41.000,BLEED - 21B2 SERIOUS,2026-05-31 10:29:41
39.1915640000597,-84.567071,2026-05-31T10:34:08.000,CHESTPN - 10C3,2026-05-31 10:34:08
39.1406790000598,-84.583192,2026-05-31T11:05:55.000,FALL - 17B4,2026-05-31 11:05:55
39.1447700000597,-84.576892,2026-05-31T11:10:52.000,BREATH - 6D1A NOT ALERT,2026-05-31 11:10:52
39.1991010000597,-84.456476,2026-05-31T11:21:03.000,BLEED - 21B1 DANGEROUS,2026-05-31 11:21:03
39.1916380000597,-84.45799,2026-05-31T11:26:07.000,SICK - 26C2 ABNORMAL BREATH,2026-05-31 11:26:07
39.1482030000598,-84.553355,2026-05-31T11:35:08.000,BLEED - 21A1,2026-05-31 11:35:08
39.2123870000597,-84.473622,2026-05-31T11:36:36.000,SEIZURE - 12B1,2026-05-31 11:36:36
39.1253750000598,-84.577672,2026-05-31T11:53:56.000,SICK - 26C2 ABNORMAL BREATH,2026-05-31 11:53:56
39.1543230000597,-84.408754,2026-05-31T12:04:35.000,BREATH - 6C1A ASTHMA,2026-05-31 12:04:35
39.1099370000598,-84.525756,2026-05-31T12:13:32.000,STROKE - 28C6F CLEAR EVIDENCE,2026-05-31 12:13:32
39.1162620000597,-84.582801,2026-05-31T12:18:50.000,LIFT - 53A2,2026-05-31 12:18:50
39.1006600000598,-84.433231,2026-05-31T12:29:10.000,FAINT - 31D4 NOT ALERT,2026-05-31 12:29:10
39.1004680000598,-84.502563,2026-05-31T12:41:43.000,FALL - 17D4 NOT ALERT,2026-05-31 12:41:43
39.2141800000597,-84.488494,2026-05-31T12:48:23.000,STROKE - 28C4 SIDE WEAKNESS,2026-05-31 12:48:23
39.1531230000598,-84.409911,2026-05-31T12:59:45.000,SICK - 26C1 ALTERED LOC,2026-05-31 12:59:45
39.2083880000597,-84.468353,2026-05-31T13:08:46.000,SEIZURE - 12D2 MULTIPLE,2026-05-31 13:08:46
39.1609350000597,-84.427148,2026-05-31T13:29:25.000,SEIZURE - 12D4,2026-05-31 13:29:25
39.1612750000597,-84.427108,2026-05-31T13:29:39.000,SEIZURE - 12A2,2026-05-31 13:29:39
39.0986390000598,-84.507583,2026-05-31T13:49:31.000,SICK - 26A10 UNWELL,2026-05-31 13:49:31
39.1070200000598,-84.517879,2026-05-31T13:54:39.000,EMS,2026-05-31 13:54:39
39.1054530000598,-84.513175,2026-05-31T13:55:35.000,CHESTPN - 10D4 CLAMMY,2026-05-31 13:55:35
39.1326930000597,-84.597046,2026-05-31T13:59:16.000,BREATH - 6D2,2026-05-31 13:59:16
39.1657760000597,-84.513003,2026-05-31T14:18:15.000,FAINT - 31C3 ABDOMINAL PAIN,2026-05-31 14:18:15
39.1648060000597,-84.513463,2026-05-31T14:19:49.000,EMS,2026-05-31 14:19:49
39.1088010000597,-84.517039,2026-05-31T14:21:08.000,ABDOM - 1D1 NOT ALERT,2026-05-31 14:21:08
39.1022480000598,-84.519362,2026-05-31T14:34:14.000,=EMS - (C),2026-05-31 14:34:14
39.0982740000598,-84.51813,2026-05-31T14:34:31.000,BLEED - 21D3 NOT ALERT,2026-05-31 14:34:31
39.1017180000598,-84.519062,2026-05-31T14:34:31.000,PERDWN - 32D1 UNKNOWN,2026-05-31 14:34:31
39.0982380000598,-84.508934,2026-05-31T14:43:46.000,=EMS1 - ALS1 RESPONSE,2026-05-31 14:43:46
39.0979690000598,-84.507063,2026-05-31T14:52:52.000,DIABETIC - 13C2,2026-05-31 14:52:52
39.0986110000598,-84.529791,2026-05-31T14:54:33.000,PERDWN - 32D1 UNKNOWN,2026-05-31 14:54:33
39.1680150000597,-84.388445,2026-05-31T14:57:36.000,FALL - 17B4,2026-05-31 14:57:36
39.1488480000597,-84.563334,2026-05-31T15:02:17.000,SICK - 26A8 PAIN,2026-05-31 15:02:17
39.1487660000597,-84.620066,2026-05-31T15:03:58.000,ABDOM - 1C6,2026-05-31 15:03:58
39.0875620000598,-84.385937,2026-05-31T15:06:18.000,FALL - 17A2,2026-05-31 15:06:18
39.1369420000598,-84.614577,2026-05-31T15:20:49.000,PERDWN - 32D1 UNKNOWN,2026-05-31 15:20:49
39.1422230000597,-84.530076,2026-05-31T15:29:51.000,PERDWN - 32D1 UNKNOWN,2026-05-31 15:29:51
39.1152190000597,-84.520971,2026-05-31T15:31:38.000,FAINT - 31D4 NOT ALERT,2026-05-31 15:31:38
39.1702640000597,-84.459353,2026-05-31T15:58:22.000,BREATH - 6C1,2026-05-31 15:58:22
39.2061290000597,-84.452918,2026-05-31T16:00:49.000,SICK - 26A11 VOMITING,2026-05-31 16:00:49
39.1884550000597,-84.545912,2026-05-31T16:04:47.000,BREATH - 6D2,2026-05-31 16:04:47
39.1175760000597,-84.515158,2026-05-31T16:07:26.000,DOMINJ - (C) =,2026-05-31 16:07:26
39.1394060000598,-84.6101,2026-05-31T16:30:18.000,FALL - 17B4,2026-05-31 16:30:18
39.1749200000597,-84.461351,2026-05-31T16:32:02.000,LIFT - 17A4,2026-05-31 16:32:02
39.1179050000598,-84.526928,2026-05-31T16:36:05.000,=EMS - (C),2026-05-31 16:36:05
39.1490000000597,-84.505477,2026-05-31T16:36:09.000,EMS,2026-05-31 16:36:09
39.1508880000597,-84.589403,2026-05-31T16:55:42.000,SICK - 26C2 ABNORMAL BREATH,2026-05-31 16:55:42
39.1417420000598,-84.491925,2026-05-31T17:07:17.000,BREATH - 6D2O,2026-05-31 17:07:17
39.1358230000597,-84.50156,2026-05-31T17:21:04.000,BLEED - 21D3 NOT ALERT,2026-05-31 17:21:04
39.1385780000597,-84.605499,2026-05-31T17:35:36.000,EMS,2026-05-31 17:35:36
39.1345020000598,-84.612704,2026-05-31T17:44:32.000,PERDWN - 32D1 UNKNOWN,2026-05-31 17:44:32
39.1530530000598,-84.408901,2026-05-31T17:52:10.000,LIFT - 53A2,2026-05-31 17:52:10
39.2094840000597,-84.536139,2026-05-31T17:59:07.000,LIFT - 17A4,2026-05-31 17:59:07
39.1500680000597,-84.563694,2026-05-31T17:59:29.000,FALL - 17B4,2026-05-31 17:59:29
39.1336260000597,-84.613246,2026-05-31T17:59:47.000,FALL - 17A3 NON RECENT,2026-05-31 17:59:47
39.0891110000598,-84.389029,2026-05-31T18:01:56.000,OUTDR - 67A2 ILLEGAL BURN,2026-05-31 18:01:56
39.1288710000597,-84.570564,2026-05-31T18:11:33.000,DOMINJ - (C) =,2026-05-31 18:11:33
39.0973520000598,-84.510259,2026-05-31T18:18:13.000,=EMS - (C),2026-05-31 18:18:13
39.1282290000598,-84.600562,2026-05-31T18:21:12.000,EMS,2026-05-31 18:21:12
39.1510700000597,-84.567654,2026-05-31T18:25:02.000,STROKE - 28C4 SIDE WEAKNESS,2026-05-31 18:25:02
39.1416820000598,-84.492435,2026-05-31T18:25:19.000,INVEST - 69D4O ODOR OF SMOKE,2026-05-31 18:25:19
39.1340240000597,-84.499801,2026-05-31T18:35:43.000,EMS,2026-05-31 18:35:43
39.1307130000598,-84.609802,2026-05-31T18:43:56.000,BLEED - 21B2 SERIOUS,2026-05-31 18:43:56
39.1289580000597,-84.484542,2026-05-31T18:48:56.000,CHESTPN - 10D5 CARDIAC HX,2026-05-31 18:48:56
39.1628850000597,-84.427298,2026-05-31T19:06:00.000,PERDWN - 32B2 MEDICAL ALARM,2026-05-31 19:06:00
39.1532230000598,-84.527085,2026-05-31T19:10:06.000,FALL - 17B4,2026-05-31 19:10:06
39.1896650000597,-84.467015,2026-05-31T19:30:23.000,SICK - 26C2 ABNORMAL BREATH,2026-05-31 19:30:23
39.0904770000598,-84.392732,2026-05-31T19:36:38.000,SICK - 26A1,2026-05-31 19:36:38
39.1110140000598,-84.505621,2026-05-31T19:46:12.000,CHESTPN - 10C3,2026-05-31 19:46:12
39.1439270000597,-84.621912,2026-05-31T20:06:05.000,DIABETIC - 13C1 NOT ALERT,2026-05-31 20:06:05
39.1624200000597,-84.549177,2026-05-31T20:24:13.000,PERDWN - 32D1 UNKNOWN,2026-05-31 20:24:13
39.2061190000597,-84.454028,2026-05-31T20:24:13.000,CHESTPN - 10D4 CLAMMY,2026-05-31 20:24:13
39.1605650000597,-84.400333,2026-05-31T20:32:56.000,STROKE - 28C1 NOT ALERT,2026-05-31 20:32:56
39.1132470000598,-84.52663,2026-05-31T20:40:10.000,CHESTPN - 10D4 CLAMMY,2026-05-31 20:40:10
39.1409610000597,-84.559078,2026-05-31T20:47:57.000,BREATH - 6D2,2026-05-31 20:47:57
39.1173530000598,-84.687872,2026-05-31T20:48:42.000,OUTDR - 67A2 ILLEGAL BURN,2026-05-31 20:48:42
39.1159240000597,-84.551292,2026-05-31T20:57:03.000,BREATH - 6D2O,2026-05-31 20:57:03
39.1124860000598,-84.574978,2026-05-31T21:03:13.000,"OD - (C) 23C1A NOT ALERT, ACC",2026-05-31 21:03:13
39.1241380000598,-84.533783,2026-05-31T21:15:56.000,PERDWN - 32B2 MEDICAL ALARM,2026-05-31 21:15:56
39.1597510000597,-84.539838,2026-05-31T21:52:34.000,PERDWN - 32D1 UNKNOWN,2026-05-31 21:52:34
39.1306440000598,-84.52667,2026-05-31T21:53:20.000,SICK - 26A1,2026-05-31 21:53:20
39.1551720000597,-84.401401,2026-05-31T21:55:42.000,SICK - 26D1 NOT ALERT,2026-05-31 21:55:42
39.1942820000597,-84.479428,2026-05-31T22:17:57.000,SICK - 26A8 PAIN,2026-05-31 22:17:57
39.1727770000597,-84.430961,2026-05-31T22:21:46.000,SICK - 26A8 PAIN,2026-05-31 22:21:46
39.1453000000597,-84.458548,2026-05-31T22:22:08.000,BREATH - 6C1,2026-05-31 22:22:08
39.2120680000597,-84.482422,2026-05-31T22:40:45.000,FAINT - 31D3,2026-05-31 22:40:45
39.1468670000597,-84.584156,2026-05-31T22:49:19.000,DOMINJ - (C) =,2026-05-31 22:49:19
39.1595110000597,-84.539278,2026-05-31T22:50:46.000,STROKE - 28C1 NOT ALERT,2026-05-31 22:50:46
39.1344360000597,-84.586506,2026-05-31T23:08:41.000,FAINT - 31D4 NOT ALERT,2026-05-31 23:08:41
39.1671230000597,-84.470361,2026-05-31T23:17:35.000,FAINT - 31D4 NOT ALERT,2026-05-31 23:17:35
39.1629090000597,-84.540742,2026-05-31T23:35:04.000,FALL - 17A2,2026-05-31 23:35:04
39.1278480000597,-84.488541,2026-05-31T23:46:07.000,PERDWN - 32B2 MEDICAL ALARM,2026-05-31 23:46:07
39.1760260000597,-84.475625,2026-06-01T00:06:08.000,STROKE - 28C1F CLEAR EVIDENCE,2026-06-01 00:06:08
39.1340800000598,-84.571723,2026-06-01T00:09:29.000,SICK - 26C2 ABNORMAL BREATH,2026-06-01 00:09:29
39.1518570000597,-84.563147,2026-06-01T00:12:38.000,BREATH - 6C1A ASTHMA,2026-06-01 00:12:38
39.0881040000598,-84.382778,2026-06-01T00:32:07.000,CHESTPN - 10C1 ABNORMAL BREATH,2026-06-01 00:32:07
39.1456910000597,-84.496029,2026-06-01T00:40:27.000,BREATH - 6D1A NOT ALERT,2026-06-01 00:40:27
39.1745160000597,-84.468553,2026-06-01T00:44:15.000,STROKE - 28C2 ABNORMAL BREATH,2026-06-01 00:44:15
39.2146210000597,-84.475653,2026-06-01T00:46:12.000,SICK - 26A8 PAIN,2026-06-01 00:46:12
39.1963620000597,-84.57005,2026-06-01T00:58:55.000,FALL - 17B4,2026-06-01 00:58:55
39.1548710000597,-84.60669,2026-06-01T01:02:06.000,BREATH - 6C1,2026-06-01 01:02:06
39.1833780000597,-84.422573,2026-06-01T01:20:16.000,DOMINJ - (C) =,2026-06-01 01:20:16
39.1275530000598,-84.511328,2026-06-01T01:37:18.000,=EMS - (C),2026-06-01 01:37:18
39.2000230000597,-84.534508,2026-06-01T01:37:49.000,SICK - 26C1 ALTERED LOC,2026-06-01 01:37:49
39.0988300000598,-84.527732,2026-06-01T01:38:25.000,SICK - 26C2 ABNORMAL BREATH,2026-06-01 01:38:25
39.1425840000598,-84.531386,2026-06-01T02:15:14.000,CHESTPN - 10C1 ABNORMAL BREATH,2026-06-01 02:15:14
39.1274610000597,-84.526912,2026-06-01T02:42:23.000,BREATH - 6D1 NOT ALERT,2026-06-01 02:42:23
39.1886050000597,-84.547232,2026-06-01T02:47:15.000,ABDOM - 1A1,2026-06-01 02:47:15
39.1615290000597,-84.541782,2026-06-01T02:49:40.000,ABDOM - 1A1,2026-06-01 02:49:40
39.1906360000597,-84.458119,2026-06-01T02:53:08.000,PERDWN - 32B2 MEDICAL ALARM,2026-06-01 02:53:08
39.1055710000598,-84.555787,2026-06-01T03:13:35.000,SEIZURE - 12D4,2026-06-01 03:13:35
39.1134710000598,-84.572539,2026-06-01T04:12:38.000,SICK - 26C1 ALTERED LOC,2026-06-01 04:12:38
39.1140800000598,-84.511557,2026-06-01T04:14:36.000,ABDOM - 1C5,2026-06-01 04:14:36
39.2035070000597,-84.459258,2026-06-01T04:24:15.000,CHESTPN - 10C1 ABNORMAL BREATH,2026-06-01 04:24:15
39.1883050000597,-84.546072,2026-06-01T04:55:10.000,FALL - 17B1,2026-06-01 04:55:10
39.1545040000597,-84.43877,2026-06-01T04:57:21.000,SEIZURE - 12D4,2026-06-01 04:57:21
39.1614850000597,-84.422434,2026-06-01T05:06:02.000,=EMS1 - ALS1 RESPONSE,2026-06-01 05:06:02
39.1212230000598,-84.567469,2026-06-01T05:38:09.000,BREATH - 6C1,2026-06-01 05:38:09
39.1155470000598,-84.562686,2026-06-01T06:08:53.000,OD - (C) 23B1,2026-06-01 06:08:53
39.1268580000598,-84.595067,2026-06-01T06:51:45.000,PERDWN - 32D1 UNKNOWN,2026-06-01 06:51:45
39.1404380000597,-84.440122,2026-06-01T07:35:30.000,BREATH - 6D4O CLAMMY,2026-06-01 07:35:30
39.1644480000597,-84.420876,2026-06-01T07:38:07.000,FAINT - 31A1,2026-06-01 07:38:07
39.1506170000597,-84.607595,2026-06-01T07:38:15.000,SICK - 26A11 VOMITING,2026-06-01 07:38:15
39.1932880000597,-84.482115,2026-06-01T08:11:47.000,=EMS1 - ALS1 RESPONSE,2026-06-01 08:11:47
39.1261680000597,-84.547779,2026-06-01T08:20:53.000,PERDWN - 32D1 UNKNOWN,2026-06-01 08:20:53
39.1336670000598,-84.557299,2026-06-01T08:23:48.000,SICK - 26A4 FEVER,2026-06-01 08:23:48
39.1171460000598,-84.572825,2026-06-01T08:34:15.000,=EMS1 - ALS1 RESPONSE,2026-06-01 08:34:15
39.1294110000597,-84.571104,2026-06-01T08:35:52.000,DOMINJ - (C) =,2026-06-01 08:35:52
39.1943960000597,-84.484234,2026-06-01T08:36:46.000,DOMINJ - (C) =,2026-06-01 08:36:46
39.1485880000597,-84.563064,2026-06-01T08:37:22.000,PERDWN - 32B2 MEDICAL ALARM,2026-06-01 08:37:22
39.1732880000597,-84.431785,2026-06-01T08:42:39.000,FALL - 17B5 NON-RECENT,2026-06-01 08:42:39
39.2093710000597,-84.532373,2026-06-01T08:45:53.000,SICK - 26C1 ALTERED LOC,2026-06-01 08:45:53
39.1566670000598,-84.518572,2026-06-01T08:51:18.000,SICK - 26A1,2026-06-01 08:51:18
39.2001940000597,-84.480346,2026-06-01T09:02:38.000,BREATH - 6D2,2026-06-01 09:02:38
39.1484890000597,-84.50253,2026-06-01T09:06:17.000,BREATH - 6D2,2026-06-01 09:06:17
39.1009300000598,-84.56665,2026-06-01T09:12:39.000,=DOMINJ - (C),2026-06-01 09:12:39
39.1104780000598,-84.52676,2026-06-01T09:16:50.000,HEARTPRB - 19C2 ABNORM BREATH,2026-06-01 09:16:50
39.1996940000597,-84.548708,2026-06-01T09:17:10.000,BREATH - 6E1A ASTHMA,2026-06-01 09:17:10
39.1486450000597,-84.494992,2026-06-01T09:22:33.000,FALL - 17A3 NON RECENT,2026-06-01 09:22:33
39.1035690000598,-84.599244,2026-06-01T09:39:23.000,SEIZURE - 12D2 MULTIPLE,2026-06-01 09:39:23
39.1449820000598,-84.49126,2026-06-01T09:46:00.000,PERDWN - 32D1 UNKNOWN,2026-06-01 09:46:00
39.0904030000598,-84.430336,2026-06-01T09:48:50.000,FALL - 17A2,2026-06-01 09:48:50
39.1136930000598,-84.584996,2026-06-01T09:51:00.000,BREATH - 6D2E EMPHYSEMA,2026-06-01 09:51:00
39.1352700000597,-84.53152,2026-06-01T09:52:10.000,DOMINJ - (C)(W) =,2026-06-01 09:52:10
39.1064600000598,-84.511931,2026-06-01T09:59:33.000,FAINT - 31E1 INEFF BREATHING,2026-06-01 09:59:33
39.1057310000598,-84.513317,2026-06-01T10:20:03.000,CHESTPN - 10D4 CLAMMY,2026-06-01 10:20:03
39.0868200000598,-84.379936,2026-06-01T10:27:34.000,CHESTPN - 10D4 CLAMMY,2026-06-01 10:27:34
39.1443170000597,-84.519647,2026-06-01T10:27:35.000,FALL - 17D4 NOT ALERT,2026-06-01 10:27:35
39.1796180000597,-84.428142,2026-06-01T10:33:53.000,SICK - 26A7 IMMOBILE,2026-06-01 10:33:53
39.1348860000597,-84.567613,2026-06-01T10:37:55.000,EYEPRB - 16A1 MODERATE,2026-06-01 10:37:55
39.1370380000598,-84.538184,2026-06-01T10:48:21.000,PERDWN - 32D1 UNKNOWN,2026-06-01 10:48:21
39.1241430000597,-84.494188,2026-06-01T10:49:16.000,SICK - 26A3 VERTIGO,2026-06-01 10:49:16
39.1062460000597,-84.387156,2026-06-01T10:59:46.000,FALL - 17B4,2026-06-01 10:59:46
39.1644730000597,-84.471213,2026-06-01T11:03:43.000,=ASSLTI - (C),2026-06-01 11:03:43
39.1446100000598,-84.557928,2026-06-01T11:04:22.000,DIABETIC - 13C3,2026-06-01 11:04:22
39.0918370000598,-84.391622,2026-06-01T11:05:15.000,SEIZURE - 12C4,2026-06-01 11:05:15
39.1726270000597,-84.431901,2026-06-01T11:06:26.000,SICK - 26A10 UNWELL,2026-06-01 11:06:26
39.0800190000598,-84.383575,2026-06-01T11:06:44.000,OUTDR - 67A2 ILLEGAL BURN,2026-06-01 11:06:44
39.2020460000597,-84.51607,2026-06-01T11:16:35.000,FAINT - 31D2 ABNORMAL BREATH,2026-06-01 11:16:35
39.1425990000598,-84.529092,2026-06-01T11:23:32.000,DOMINJ - (C) =,2026-06-01 11:23:32
39.1302460000598,-84.597963,2026-06-01T11:45:00.000,SICK - 26A10 UNWELL,2026-06-01 11:45:00
39.1742970000597,-84.430701,2026-06-01T11:57:04.000,FAINT - 31D4 NOT ALERT,2026-06-01 11:57:04
39.2022590000597,-84.54886,2026-06-01T12:12:34.000,FAINT - 31D2 ABNORMAL BREATH,2026-06-01 12:12:34
39.1256120000598,-84.497963,2026-06-01T12:24:31.000,FAINT - 31C1 ABNORMAL BREATH,2026-06-01 12:24:31
39.2167530000597,-84.487805,2026-06-01T12:41:54.000,FAINT - 31D2 ABNORMAL BREATH,2026-06-01 12:41:54
39.1220990000598,-84.536965,2026-06-01T12:43:05.000,FAINT - 31D2 ABNORMAL BREATH,2026-06-01 12:43:05
39.1207170000597,-84.547776,2026-06-01T12:54:09.000,ARREST - 9E1 NOT BREATHING,2026-06-01 12:54:09
39.1203200000597,-84.531317,2026-06-01T12:59:36.000,CHESTPN - 10D4 CLAMMY,2026-06-01 12:59:36
39.1242070000598,-84.551217,2026-06-01T13:04:46.000,BREATH - 6D2E EMPHYSEMA,2026-06-01 13:04:46
39.1841310000597,-84.562355,2026-06-01T13:04:52.000,STROKE - 28C1 NOT ALERT,2026-06-01 13:04:52
39.1135480000597,-84.574468,2026-06-01T13:07:54.000,OD - (C) 23D2A ACCIDENTAL,2026-06-01 13:07:54
39.1955060000597,-84.412865,2026-06-01T13:11:41.000,PERDWN - 32B2 MEDICAL ALARM,2026-06-01 13:11:41
39.1303960000598,-84.599283,2026-06-01T13:17:02.000,EMS,2026-06-01 13:17:02
39.1616070000597,-84.425134,2026-06-01T13:24:27.000,FALL - 17B4,2026-06-01 13:24:27
39.1624730000598,-84.421727,2026-06-01T13:34:41.000,BREATH - 6D2O,2026-06-01 13:34:41
39.1562560000597,-84.553701,2026-06-01T13:37:53.000,CHESTPN - 10D4 CLAMMY,2026-06-01 13:37:53
39.1023930000598,-84.512558,2026-06-01T13:42:06.000,PERDWN - 32B2 MEDICAL ALARM,2026-06-01 13:42:06
39.1120380000597,-84.574768,2026-06-01T13:45:04.000,PERDWN - 32D1 UNKNOWN,2026-06-01 13:45:04
39.1286260000597,-84.594038,2026-06-01T13:46:26.000,DIABETIC - 13C3,2026-06-01 13:46:26
39.1909630000597,-84.568889,2026-06-01T13:47:50.000,SICK - 26A11 VOMITING,2026-06-01 13:47:50
39.1092170000597,-84.515496,2026-06-01T14:06:27.000,SEIZURE - 12D2 MULTIPLE,2026-06-01 14:06:27
39.2055520000597,-84.455364,2026-06-01T14:10:29.000,FALL - 17B4,2026-06-01 14:10:29
39.1740060000597,-84.468433,2026-06-01T14:13:48.000,FALL - 17B1,2026-06-01 14:13:48
39.1193490000598,-84.578564,2026-06-01T14:31:39.000,PERDWN - 32B1 PT MOV/TALK,2026-06-01 14:31:39
39.1475010000597,-84.610169,2026-06-01T14:33:04.000,BREATH - 6C1A ASTHMA,2026-06-01 14:33:04
39.1539700000597,-84.579164,2026-06-01T14:39:13.000,FALL - 17A2,2026-06-01 14:39:13
39.1360630000597,-84.5008,2026-06-01T14:50:02.000,PERDWN - 32D1 UNKNOWN,2026-06-01 14:50:02
39.1468640000597,-84.429057,2026-06-01T14:50:40.000,FALL - 17D4 NOT ALERT,2026-06-01 14:50:40
39.2020040000597,-84.562936,2026-06-01T14:53:39.000,ABDOM - 1A1,2026-06-01 14:53:39
39.0880100000598,-84.38039,2026-06-01T14:54:31.000,EMS,2026-06-01 14:54:31
39.1054320000598,-84.512897,2026-06-01T15:07:51.000,=EMS1 - ALS1 RESPONSE,2026-06-01 15:07:51
39.1401460000597,-84.597263,2026-06-01T15:18:30.000,EMS,2026-06-01 15:18:30
39.1312210000598,-84.477092,2026-06-01T15:23:21.000,ABDOM - 1C4,2026-06-01 15:23:21
39.1405160000598,-84.487135,2026-06-01T15:26:02.000,PERDWN - 32D1 UNKNOWN,2026-06-01 15:26:02
39.1078450000598,-84.511691,2026-06-01T15:26:52.000,SICK - 26A1,2026-06-01 15:26:52
39.1094380000598,-84.516321,2026-06-01T15:33:25.000,ASSLTI - (C) =,2026-06-01 15:33:25
39.1386260000597,-84.543205,2026-06-01T15:35:35.000,BREATH - 6C1E EMPHYSEMA,2026-06-01 15:35:35
39.1086240000597,-84.526955,2026-06-01T15:42:39.000,FALL - 17B1,2026-06-01 15:42:39
39.1376460000597,-84.535186,2026-06-01T15:42:42.000,PERDWN - 32D1 UNKNOWN,2026-06-01 15:42:42
39.1388160000597,-84.535916,2026-06-01T15:43:07.000,PERDWN - 32D1 UNKNOWN,2026-06-01 15:43:07
39.1374030000597,-84.505018,2026-06-01T15:44:46.000,ASSLTI - (C) =,2026-06-01 15:44:46
39.1585140000598,-84.492034,2026-06-01T15:51:52.000,EMS,2026-06-01 15:51:52
39.1451790000597,-84.489017,2026-06-01T15:54:01.000,SEIZURE - 12C3 DIABETIC,2026-06-01 15:54:01
39.1368720000597,-84.504464,2026-06-01T15:54:11.000,CHESTPN - 10A1,2026-06-01 15:54:11
39.1950420000597,-84.475136,2026-06-01T15:56:02.000,BREATH - 6D1 NOT ALERT,2026-06-01 15:56:02
39.1822540000597,-84.510799,2026-06-01T16:17:16.000,FALL - 17B1,2026-06-01 16:17:16
39.0999520000598,-84.509952,2026-06-01T16:18:37.000,SEIZURE - 12A2,2026-06-01 16:18:37
39.1003520000598,-84.509132,2026-06-01T16:18:56.000,SEIZURE - 12C4,2026-06-01 16:18:56
39.1101820000598,-84.523129,2026-06-01T16:28:54.000,CHESTPN - 10D4 CLAMMY,2026-06-01 16:28:54
39.1332080000597,-84.612173,2026-06-01T16:29:22.000,SICK - 26C2 ABNORMAL BREATH,2026-06-01 16:29:22
39.1167550000598,-84.579724,2026-06-01T16:32:26.000,PERDWN - 32B3 UNKNOWN,2026-06-01 16:32:26
39.1407670000598,-84.530057,2026-06-01T16:50:06.000,BREATH - 6D2,2026-06-01 16:50:06
39.1424040000597,-84.500342,2026-06-01T16:52:09.000,SICK - 26A11 VOMITING,2026-06-01 16:52:09
39.1619240000597,-84.387692,2026-06-01T17:00:24.000,SICK - 26C2 ABNORMAL BREATH,2026-06-01 17:00:24
39.1620530000597,-84.407176,2026-06-01T17:08:00.000,BLEED - 21C2 DIALYSIS FISTULA,2026-06-01 17:08:00
39.1737300000597,-84.43069,2026-06-01T17:21:47.000,SICK - 26A1,2026-06-01 17:21:47
39.1338060000598,-84.511571,2026-06-01T17:27:57.000,FALL - 17B1,2026-06-01 17:27:57
39.1341540000597,-84.49787,2026-06-01T17:51:38.000,PERDWN - 32D1 UNKNOWN,2026-06-01 17:51:38
39.1888900000597,-84.546525,2026-06-01T17:53:24.000,FALL - 17B1,2026-06-01 17:53:24
39.1355940000597,-84.4972,2026-06-01T17:53:55.000,PERDWN - 32D1 UNKNOWN,2026-06-01 17:53:55
39.1205780000598,-84.486279,2026-06-01T17:54:04.000,LIFT - 17A4,2026-06-01 17:54:04
39.1592520000597,-84.597416,2026-06-01T18:00:26.000,SICK - 26A8 PAIN,2026-06-01 18:00:26
39.1051530000598,-84.512145,2026-06-01T18:02:52.000,ABDOM - 1C5,2026-06-01 18:02:52
39.1891080000597,-84.459265,2026-06-01T18:08:42.000,SICK - 26A10 UNWELL,2026-06-01 18:08:42
39.1307360000598,-84.598633,2026-06-01T18:10:59.000,BREATH - 6D2,2026-06-01 18:10:59
39.1909480000597,-84.416932,2026-06-01T18:18:05.000,SICK - 26A8 PAIN,2026-06-01 18:18:05
39.0662450000598,-84.426363,2026-06-01T18:20:04.000,SICK - 26D1 NOT ALERT,2026-06-01 18:20:04
39.1552680000597,-84.39471,2026-06-01T18:31:56.000,OUTDR - 67A2 ILLEGAL BURN,2026-06-01 18:31:56
39.1274220000597,-84.596191,2026-06-01T18:41:47.000,=EMS1 - ALS1 RESPONSE,2026-06-01 18:41:47
39.1102060000598,-84.568757,2026-06-01T18:58:02.000,PERDWN - 32D1 UNKNOWN,2026-06-01 18:58:02
39.1934550000597,-84.484078,2026-06-01T18:59:37.000,FALL - 17B4,2026-06-01 18:59:37
39.1098180000598,-84.516263,2026-06-01T19:08:14.000,ASSLTI - (C) =,2026-06-01 19:08:14
39.1328770000597,-84.496657,2026-06-01T19:13:35.000,=OD - (C),2026-06-01 19:13:35
39.1066660000598,-84.547813,2026-06-01T19:18:12.000,SICK - 26D1 NOT ALERT,2026-06-01 19:18:12
39.1452180000597,-84.493324,2026-06-01T19:34:14.000,ABDOM - 1C7,2026-06-01 19:34:14
39.1098950000598,-84.505747,2026-06-01T19:37:22.000,SICK - 26A5 GEN WEAKNESS,2026-06-01 19:37:22
39.1956900000597,-84.539572,2026-06-01T19:42:00.000,BREATH - 6C1,2026-06-01 19:42:00
39.1433090000597,-84.4099,2026-06-01T19:46:48.000,SEIZURE - 12C4,2026-06-01 19:46:48
39.1020830000598,-84.512778,2026-06-01T19:47:07.000,CHESTPN - 10D4 CLAMMY,2026-06-01 19:47:07
39.0913470000598,-84.392492,2026-06-01T19:48:49.000,SICK - 26C1 ALTERED LOC,2026-06-01 19:48:49
39.1080700000598,-84.597834,2026-06-01T19:53:48.000,"SEIZURE - 12C1 FOCAL, NOT AERT",2026-06-01 19:53:48
39.1256550000597,-84.501507,2026-06-01T20:02:28.000,CHESTPN - 10D4 CLAMMY,2026-06-01 20:02:28
39.1316560000597,-84.48949,2026-06-01T20:07:50.000,=PERDWN,2026-06-01 20:07:50
39.1518700000598,-84.426326,2026-06-01T20:07:51.000,FAINT - 31C1 ABNORMAL BREATH,2026-06-01 20:07:51
39.1932250000597,-84.42097,2026-06-01T20:13:07.000,FAINT - 31C1 ABNORMAL BREATH,2026-06-01 20:13:07
39.1142210000598,-84.52929,2026-06-01T20:16:43.000,EMS,2026-06-01 20:16:43
39.1079210000598,-84.572532,2026-06-01T20:18:52.000,LIFT - 17A4,2026-06-01 20:18:52
39.1033180000598,-84.511682,2026-06-01T20:28:15.000,SEIZURE - 12B1,2026-06-01 20:28:15
39.1792380000597,-84.510283,2026-06-01T20:38:45.000,FAINT - 31D4 NOT ALERT,2026-06-01 20:38:45
39.1217230000597,-84.576217,2026-06-01T20:43:17.000,DOMINJ - (C) =,2026-06-01 20:43:17
39.1377530000598,-84.531124,2026-06-01T20:44:05.000,BREATH - 6D2,2026-06-01 20:44:05
39.1566350000597,-84.39697,2026-06-01T20:47:14.000,BREATH - 6D1 NOT ALERT,2026-06-01 20:47:14
39.1110070000597,-84.583851,2026-06-01T20:54:15.000,CHESTPN - 10D5 CARDIAC HX,2026-06-01 20:54:15
39.1593730000597,-84.537029,2026-06-01T20:56:20.000,EMS,2026-06-01 20:56:20
39.1037640000598,-84.509367,2026-06-01T21:18:15.000,SICK - 26C1 ALTERED LOC,2026-06-01 21:18:15
39.1329890000597,-84.489818,2026-06-01T21:20:42.000,FALL - 17A3 NON RECENT,2026-06-01 21:20:42
39.1887680000597,-84.458205,2026-06-01T21:28:36.000,BREATH - 6C1E EMPHYSEMA,2026-06-01 21:28:36
39.1574470000597,-84.551553,2026-06-01T21:32:01.000,BLEED - 21D3 NOT ALERT,2026-06-01 21:32:01
39.1328290000597,-84.488398,2026-06-01T21:34:20.000,FALL - 17B4,2026-06-01 21:34:20
39.1052380000598,-84.521037,2026-06-01T21:35:37.000,FALL - 17A2,2026-06-01 21:35:37
39.1086590000598,-84.558365,2026-06-01T21:36:23.000,FAINT - 31C2,2026-06-01 21:36:23
39.2075220000597,-84.542095,2026-06-01T21:38:30.000,SICK - 26A8 PAIN,2026-06-01 21:38:30
39.1447580000597,-84.624599,2026-06-01T21:55:14.000,=EMS2 - ALS2 RESPONSE,2026-06-01 21:55:14
39.1377070000597,-84.574794,2026-06-01T22:15:56.000,SICK - 26C2 ABNORMAL BREATH,2026-06-01 22:15:56
39.1494780000597,-84.563234,2026-06-01T22:16:41.000,PERDWN - 32B2 MEDICAL ALARM,2026-06-01 22:16:41
39.1306450000597,-84.595098,2026-06-01T22:22:13.000,CHESTPN - 10C3,2026-06-01 22:22:13
39.1075400000598,-84.50788,2026-06-01T22:26:34.000,SICK - 26B1,2026-06-01 22:26:34
39.1263220000598,-84.603402,2026-06-01T22:27:29.000,DOMINJ - (C) =,2026-06-01 22:27:29
39.2001140000597,-84.547138,2026-06-01T22:35:01.000,BREATH - 6D2,2026-06-01 22:35:01
39.1745220000597,-84.481453,2026-06-01T22:38:39.000,EMS,2026-06-01 22:38:39
39.1135530000598,-84.528006,2026-06-01T22:39:12.000,SEIZURE - 12D2 MULTIPLE,2026-06-01 22:39:12
39.1247610000598,-84.602723,2026-06-01T22:49:42.000,SICK - 26O7 CONSTIPATION,2026-06-01 22:49:42
39.1362840000598,-84.536719,2026-06-01T23:09:55.000,PERDWN - 32B3 UNKNOWN,2026-06-01 23:09:55
39.2042650000597,-84.455069,2026-06-01T23:14:38.000,ABDOM - 1A1,2026-06-01 23:14:38
39.1055410000597,-84.581233,2026-06-01T23:17:00.000,PERDWN - 32B2 MEDICAL ALARM,2026-06-01 23:17:00
39.1314210000598,-84.46565,2026-06-01T23:19:35.000,BREATH - 6D2,2026-06-01 23:19:35
39.1540360000597,-84.577372,2026-06-01T23:24:31.000,DOMINJ - (C) =,2026-06-01 23:24:31
39.1715900000597,-84.460808,2026-06-01T23:27:06.000,FALL - 17B1,2026-06-01 23:27:06
39.1921100000597,-84.546066,2026-06-01T23:47:00.000,DIABETIC - 13A1,2026-06-01 23:47:00
39.1469410000597,-84.494273,2026-06-01T23:49:07.000,SICK - 26A8 PAIN,2026-06-01 23:49:07
39.1306560000598,-84.597893,2026-06-01T23:55:02.000,ARREST - 9E1 NOT BREATHING,2026-06-01 23:55:02
39.1535060000597,-84.577422,2026-06-01T23:56:16.000,=DOMINJ - (C),2026-06-01 23:56:16
39.1388500000597,-84.61964,2026-06-01T23:57:49.000,ABDOM - 1A1,2026-06-01 23:57:49
39.1226470000598,-84.572239,2026-06-02T00:04:42.000,DIABETIC - 13C1 NOT ALERT,2026-06-02 00:04:42
39.1388130000598,-84.553663,2026-06-02T00:27:04.000,SICK - 26A11 VOMITING,2026-06-02 00:27:04
39.1214700000598,-84.522324,2026-06-02T00:31:15.000,BREATH - 6D2,2026-06-02 00:31:15
39.1101370000597,-84.505616,2026-06-02T00:41:30.000,ARREST - 9E1 NOT BREATHING,2026-06-02 00:41:30
39.1421950000598,-84.552368,2026-06-02T00:42:08.000,CHESTPN - 10D2 DIFF SPEAKING,2026-06-02 00:42:08
39.2052150000597,-84.570756,2026-06-02T00:44:01.000,CHESTPN - 10C3,2026-06-02 00:44:01
39.1630720000597,-84.384609,2026-06-02T01:02:25.000,SICK - 26A1,2026-06-02 01:02:25
39.1547860000597,-84.577502,2026-06-02T01:20:37.000,=EMS2 - ALS2 RESPONSE,2026-06-02 01:20:37
39.1290480000598,-84.580457,2026-06-02T01:22:27.000,DIABETIC - 13A1,2026-06-02 01:22:27
39.1624490000597,-84.379933,2026-06-02T01:23:17.000,PERDWN - 32B1 PT MOV/TALK,2026-06-02 01:23:17
39.1107800000598,-84.530171,2026-06-02T01:25:20.000,SICK - 26C1 ALTERED LOC,2026-06-02 01:25:20
39.1145580000598,-84.52042,2026-06-02T01:28:41.000,SEIZURE - 12C3 DIABETIC,2026-06-02 01:28:41
39.2031680000597,-84.555493,2026-06-02T01:30:50.000,SEIZURE - 12D4,2026-06-02 01:30:50
39.1039240000598,-84.559438,2026-06-02T01:50:03.000,CHESTPN - 10A1,2026-06-02 01:50:03
39.1197110000598,-84.479461,2026-06-02T02:06:00.000,SICK - 26D1 NOT ALERT,2026-06-02 02:06:00
39.1459120000597,-84.424962,2026-06-02T02:23:20.000,PERDWN - 32B2 MEDICAL ALARM,2026-06-02 02:23:20
39.1519930000597,-84.487334,2026-06-02T02:25:37.000,BREATH - 6D1A NOT ALERT,2026-06-02 02:25:37
39.1373220000597,-84.599046,2026-06-02T02:34:38.000,BREATH - 6C1,2026-06-02 02:34:38
39.1360340000597,-84.523692,2026-06-02T02:36:48.000,PERDWN - 32B2 MEDICAL ALARM,2026-06-02 02:36:48
39.1353030000598,-84.541765,2026-06-02T03:07:16.000,SICK - 26A8 PAIN,2026-06-02 03:07:16
39.1380250000597,-84.529067,2026-06-02T03:14:09.000,"FUMES - 66C1 SICK, INSIDE",2026-06-02 03:14:09
39.1170680000598,-84.604471,2026-06-02T03:51:29.000,SEIZURE - 12D2 MULTIPLE,2026-06-02 03:51:29
39.0604810000598,-84.420822,2026-06-02T05:24:22.000,PERDWN - 32D1 UNKNOWN,2026-06-02 05:24:22
39.1350390000597,-84.570515,2026-06-02T05:27:47.000,BREATH - 6C1E EMPHYSEMA,2026-06-02 05:27:47
39.1615930000598,-84.421447,2026-06-02T06:27:04.000,LIFT - 17A4,2026-06-02 06:27:04
39.0947940000598,-84.382512,2026-06-02T06:33:04.000,SICK - 26C2 ABNORMAL BREATH,2026-06-02 06:33:04
39.1260920000598,-84.498293,2026-06-02T06:36:22.000,CHESTPN - 10C1 ABNORMAL BREATH,2026-06-02 06:36:22
39.0977980000598,-84.373198,2026-06-02T06:41:44.000,SICK - 26C3 SICKLE CELL,2026-06-02 06:41:44
39.0915070000598,-84.393052,2026-06-02T06:44:45.000,FALL - 17B1,2026-06-02 06:44:45
39.1335790000597,-84.489788,2026-06-02T07:25:41.000,PERDWN - 32B2 MEDICAL ALARM,2026-06-02 07:25:41
39.1834490000597,-84.56517,2026-06-02T07:32:55.000,ABDOM - 1A2,2026-06-02 07:32:55
39.1197170000597,-84.549086,2026-06-02T07:36:28.000,ABDOM - 1A1,2026-06-02 07:36:28
39.1126790000598,-84.513432,2026-06-02T07:49:58.000,ABDOM - 1A1,2026-06-02 07:49:58
39.1488440000597,-84.440902,2026-06-02T08:30:36.000,FALL - 17A2,2026-06-02 08:30:36
39.1144590000598,-84.510151,2026-06-02T08:46:47.000,SEIZURE - 12A4 FOCAL,2026-06-02 08:46:47
39.1356910000597,-84.505562,2026-06-02T09:00:18.000,SICK - 26A3 VERTIGO,2026-06-02 09:00:18
39.1770260000597,-84.459654,2026-06-02T09:03:02.000,PERDWN - 32B2 MEDICAL ALARM,2026-06-02 09:03:02
39.1345710000598,-84.488311,2026-06-02T09:03:35.000,ABDOM - 1A1,2026-06-02 09:03:35
39.1733480000597,-84.407263,2026-06-02T09:33:10.000,BREATH - 6D2,2026-06-02 09:33:10
39.1960700000597,-84.57367,2026-06-02T09:33:36.000,DIABETIC - 13A1,2026-06-02 09:33:36
39.0979980000598,-84.52727,2026-06-02T09:40:12.000,CHESTPN - 10D5 CARDIAC HX,2026-06-02 09:40:12
39.1251900000597,-84.486645,2026-06-02T10:07:11.000,PERDWN - 32B2 MEDICAL ALARM,2026-06-02 10:07:11
39.1520290000597,-84.533608,2026-06-02T10:10:17.000,PERDWN - 32B2 MEDICAL ALARM,2026-06-02 10:10:17
39.1306360000598,-84.610869,2026-06-02T10:37:56.000,FAINT - 31D3,2026-06-02 10:37:56
39.1299960000598,-84.611159,2026-06-02T10:44:58.000,FALL - 17B4,2026-06-02 10:44:58
39.1174310000597,-84.61654,2026-06-02T10:46:21.000,EMS,2026-06-02 10:46:21
39.1125250000597,-84.603414,2026-06-02T10:49:54.000,CHESTPN - 10C1 ABNORMAL BREATH,2026-06-02 10:49:54
39.1050870000598,-84.511536,2026-06-02T10:58:28.000,CHESTPN - 10D5 CARDIAC HX,2026-06-02 10:58:28
39.2170510000597,-84.470619,2026-06-02T11:00:29.000,SICK - 26C2 ABNORMAL BREATH,2026-06-02 11:00:29
39.0994480000598,-84.52639,2026-06-02T11:01:43.000,SICK - 26A2 ABNORMAL BP,2026-06-02 11:01:43
39.1574950000597,-84.424124,2026-06-02T11:03:30.000,BLEED - 21B1 DANGEROUS,2026-06-02 11:03:30
39.1150430000598,-84.572483,2026-06-02T11:05:13.000,BREATH - 6D2,2026-06-02 11:05:13
39.1359010000597,-84.506002,2026-06-02T11:08:43.000,SEIZURE - 12B1,2026-06-02 11:08:43
39.1308590000598,-84.610314,2026-06-02T11:10:52.000,PERDWN - 32D1 UNKNOWN,2026-06-02 11:10:52
39.2165890000597,-84.462324,2026-06-02T11:12:51.000,STROKE - 28C1F CLEAR EVIDENCE,2026-06-02 11:12:51
39.1530490000597,-84.531988,2026-06-02T11:19:05.000,BREATH - 6D2E EMPHYSEMA,2026-06-02 11:19:05
39.1332240000598,-84.486632,2026-06-02T11:20:38.000,SICK - 26A8 PAIN,2026-06-02 11:20:38
39.1917990000597,-84.511717,2026-06-02T11:27:36.000,CHESTPN - 10C1 ABNORMAL BREATH,2026-06-02 11:27:36
39.1290630000598,-84.480238,2026-06-02T11:28:51.000,BREATH - 6C1O,2026-06-02 11:28:51
39.1833770000597,-84.561824,2026-06-02T11:31:43.000,SICK - 26D1 NOT ALERT,2026-06-02 11:31:43
39.1482230000597,-84.618555,2026-06-02T11:44:42.000,SICK - 26C2 ABNORMAL BREATH,2026-06-02 11:44:42
39.1304950000597,-84.510161,2026-06-02T11:50:37.000,BREATH - 6D2A ASTHMA,2026-06-02 11:50:37
39.1288580000597,-84.515184,2026-06-02T11:55:10.000,FALL - 17A2,2026-06-02 11:55:10
39.1062440000598,-84.685625,2026-06-02T12:01:59.000,BLEED - 21A1,2026-06-02 12:01:59
39.1107540000597,-84.515926,2026-06-02T12:11:28.000,OD - 23C8A ACCIDENTAL,2026-06-02 12:11:28
39.1032130000598,-84.511919,2026-06-02T12:13:31.000,FAINT - 31D2 ABNORMAL BREATH,2026-06-02 12:13:31
39.1366600000598,-84.50932,2026-06-02T12:31:13.000,CHESTPN - 10C3,2026-06-02 12:31:13
39.1066300000598,-84.511551,2026-06-02T12:40:30.000,ASSLTI - (C) =,2026-06-02 12:40:30
39.1324360000598,-84.571336,2026-06-02T12:41:07.000,BREATH - 6D2A ASTHMA,2026-06-02 12:41:07
39.1068600000598,-84.50818,2026-06-02T12:52:26.000,SICK - 26A8 PAIN,2026-06-02 12:52:26
39.1147140000598,-84.489608,2026-06-02T13:05:01.000,EMS - (C) =,2026-06-02 13:05:01
39.1370510000597,-84.506092,2026-06-02T13:19:41.000,BLEED - 21B1 DANGEROUS,2026-06-02 13:19:41
39.1593430000597,-84.39883,2026-06-02T13:21:17.000,ABDOM - 1C3,2026-06-02 13:21:17
39.1348580000597,-84.531861,2026-06-02T13:35:01.000,FAINT - 31D4 NOT ALERT,2026-06-02 13:35:01
39.1379380000597,-84.476885,2026-06-02T13:51:47.000,BREATH - 6D2E EMPHYSEMA,2026-06-02 13:51:47
39.1062300000598,-84.50923,2026-06-02T13:54:48.000,PREG - 24D3 IMMINENT,2026-06-02 13:54:48
39.1309260000598,-84.598363,2026-06-02T13:58:25.000,SICK - 26D1 NOT ALERT,2026-06-02 13:58:25
39.1184280000598,-84.520777,2026-06-02T13:59:25.000,BREATH - 6D2O,2026-06-02 13:59:25
39.1135450000598,-84.518342,2026-06-02T14:01:16.000,EMS,2026-06-02 14:01:16
39.1189800000598,-84.576384,2026-06-02T14:02:38.000,BLEED - 21D3 NOT ALERT,2026-06-02 14:02:38
39.1356490000597,-84.504368,2026-06-02T14:29:53.000,FALL - 17D3 UNCONSIOUS,2026-06-02 14:29:53
39.1463280000597,-84.404293,2026-06-02T14:32:54.000,SEIZURE - 12A2,2026-06-02 14:32:54
39.1289490000598,-84.499304,2026-06-02T14:46:42.000,EMS - (C) =,2026-06-02 14:46:42
39.1920820000597,-84.460709,2026-06-02T14:48:31.000,PERDWN - 32B2 MEDICAL ALARM,2026-06-02 14:48:31
39.1303930000597,-84.498945,2026-06-02T14:52:38.000,OD - 23C8A ACCIDENTAL,2026-06-02 14:52:38
39.1509710000597,-84.494433,2026-06-02T15:04:02.000,PERDWN - 32D1 UNKNOWN,2026-06-02 15:04:02
39.1119230000597,-84.51769,2026-06-02T15:07:45.000,EMS,2026-06-02 15:07:45
39.1284880000598,-84.486268,2026-06-02T15:11:59.000,CHESTPN - 10D1 NOT ALERT,2026-06-02 15:11:59
39.1381760000598,-84.600673,2026-06-02T15:21:17.000,EMS,2026-06-02 15:21:17
39.1437300000598,-84.558438,2026-06-02T15:22:25.000,BREATH - 6C1,2026-06-02 15:22:25
39.1457500000597,-84.500142,2026-06-02T15:52:09.000,SEIZURE - 12D4,2026-06-02 15:52:09
39.1114840000598,-84.506561,2026-06-02T16:05:17.000,CHESTPN - 10D2 DIFF SPEAKING,2026-06-02 16:05:17
39.1428800000598,-84.456457,2026-06-02T16:07:49.000,OD - 23C8A ACCIDENTAL,2026-06-02 16:07:49
39.1386520000598,-84.581156,2026-06-02T16:09:50.000,BLEED - 21D4 DANGEROUS BLEED,2026-06-02 16:09:50
39.2004680000597,-84.566923,2026-06-02T16:09:56.000,PERDWN - 32B2 MEDICAL ALARM,2026-06-02 16:09:56
39.1380540000597,-84.578166,2026-06-02T16:23:16.000,SEIZURE - 12B1,2026-06-02 16:23:16
39.1111070000598,-84.598239,2026-06-02T16:39:07.000,FAINT - 31C1 ABNORMAL BREATH,2026-06-02 16:39:07
39.1476390000598,-84.486949,2026-06-02T16:39:36.000,BREATH - 6D1E NOT ALERT,2026-06-02 16:39:36
39.1847500000597,-84.421067,2026-06-02T16:40:59.000,BREATH - 6D4O CLAMMY,2026-06-02 16:40:59
39.2030360000597,-84.459717,2026-06-02T16:49:14.000,FALL - 17B4,2026-06-02 16:49:14
39.1320700000598,-84.502576,2026-06-02T16:55:41.000,CHESTPN - 10A1,2026-06-02 16:55:41
39.1501030000597,-84.552698,2026-06-02T16:56:08.000,CHESTPN - 10D5 CARDIAC HX,2026-06-02 16:56:08
39.1379060000597,-84.617477,2026-06-02T16:58:25.000,CHESTPN - 10C1 ABNORMAL BREATH,2026-06-02 16:58:25
39.1498040000598,-84.516523,2026-06-02T17:12:00.000,PERDWN - 32B1 PT MOV/TALK,2026-06-02 17:12:00
39.1299810000598,-84.608308,2026-06-02T17:13:14.000,SICK - 26C1 ALTERED LOC,2026-06-02 17:13:14
39.1407870000598,-84.618638,2026-06-02T17:27:01.000,SEIZURE - 12A1,2026-06-02 17:27:01
39.1950460000597,-84.565615,2026-06-02T17:36:11.000,=ASSLTI - (C),2026-06-02 17:36:11
39.1137180000597,-84.574628,2026-06-02T17:42:41.000,PERDWN - 32D1 UNKNOWN,2026-06-02 17:42:41
39.1475970000597,-84.514927,2026-06-02T17:48:14.000,LIFT - 53A2,2026-06-02 17:48:14
39.1238500000598,-84.594976,2026-06-02T18:15:11.000,BREATH - 6D1 NOT ALERT,2026-06-02 18:15:11
39.1147760000598,-84.51959,2026-06-02T18:15:14.000,BREATH - 6D1 NOT ALERT,2026-06-02 18:15:14
39.0980700000597,-84.512623,2026-06-02T18:15:18.000,FAINT - 31D2 ABNORMAL BREATH,2026-06-02 18:15:18
39.2004080000597,-84.548087,2026-06-02T18:16:21.000,FALL - 17B1,2026-06-02 18:16:21
39.1787540000597,-84.55968,2026-06-02T18:26:27.000,SEIZURE - 12D2 MULTIPLE,2026-06-02 18:26:27
39.1744770000597,-84.431901,2026-06-02T18:29:39.000,SICK - 26A5 GEN WEAKNESS,2026-06-02 18:29:39
39.1897130000597,-84.468396,2026-06-02T18:29:57.000,DOMINJ - (C) =,2026-06-02 18:29:57
39.2165790000597,-84.48568,2026-06-02T18:44:39.000,STROKE - 28C8 SEVERE HEADACHE,2026-06-02 18:44:39
39.1098660000598,-84.686507,2026-06-02T18:50:28.000,OD - (C) 23C2A ACCIDENTAL,2026-06-02 18:50:28
39.1040060000597,-84.514894,2026-06-02T18:57:38.000,EMS - (C) =,2026-06-02 18:57:38
39.0984560000598,-84.509249,2026-06-02T19:16:23.000,PERDWN - 32D1 UNKNOWN,2026-06-02 19:16:23
39.1429570000597,-84.484946,2026-06-02T19:17:04.000,CHESTPN - 10C3,2026-06-02 19:17:04
39.1283500000598,-84.510146,2026-06-02T19:17:12.000,DIABETIC - 13A1,2026-06-02 19:17:12
39.1869960000597,-84.510103,2026-06-02T19:23:27.000,SICK - 26A11 VOMITING,2026-06-02 19:23:27
39.1465150000597,-84.428982,2026-06-02T19:23:34.000,ABDOM - 1A1,2026-06-02 19:23:34
39.1263450000597,-84.57415,2026-06-02T19:37:55.000,SICK - 26A4 FEVER,2026-06-02 19:37:55
39.1487620000597,-84.491495,2026-06-02T19:40:54.000,SEIZURE - 12A2,2026-06-02 19:40:54
39.1450160000597,-84.424315,2026-06-02T19:58:18.000,PERDWN - 32B1 PT MOV/TALK,2026-06-02 19:58:18
39.1214760000598,-84.601755,2026-06-02T20:02:55.000,FALL - 17D4 NOT ALERT,2026-06-02 20:02:55
39.1264380000597,-84.488851,2026-06-02T20:03:56.000,PERDWN - 32B2 MEDICAL ALARM,2026-06-02 20:03:56
39.1783680000597,-84.464576,2026-06-02T20:10:16.000,PERDWN - 32D1 UNKNOWN,2026-06-02 20:10:16
39.1061010000598,-84.509489,2026-06-02T20:11:03.000,EMS,2026-06-02 20:11:03
39.1266880000597,-84.490061,2026-06-02T20:16:44.000,311 TRANSFER FOR EMS,2026-06-02 20:16:44
39.1577210000597,-84.562495,2026-06-02T20:32:14.000,FAINT - 31D2 ABNORMAL BREATH,2026-06-02 20:32:14
39.1383420000597,-84.53813,2026-06-02T20:39:56.000,FAINT - 31C1 ABNORMAL BREATH,2026-06-02 20:39:56
39.1159440000598,-84.550609,2026-06-02T20:52:48.000,LIFT - 17A4,2026-06-02 20:52:48
39.1175030000598,-84.443938,2026-06-02T20:57:39.000,CHESTPN - 10D2 DIFF SPEAKING,2026-06-02 20:57:39
39.1180360000597,-84.518177,2026-06-02T21:18:13.000,=EMS2 - ALS2 RESPONSE,2026-06-02 21:18:13
39.1011930000598,-84.499287,2026-06-02T21:18:30.000,PERDWN - 32D1 UNKNOWN,2026-06-02 21:18:30
39.1461890000598,-84.579781,2026-06-02T21:22:30.000,BREATH - 6C1A ASTHMA,2026-06-02 21:22:30
39.1443980000597,-84.550841,2026-06-02T21:26:33.000,=ASSLTI - (C),2026-06-02 21:26:33
39.1008680000598,-84.511552,2026-06-02T21:40:37.000,DIABETIC - 13A1,2026-06-02 21:40:37
39.1408270000597,-84.581556,2026-06-02T21:47:47.000,SICK - 26A8 PAIN,2026-06-02 21:47:47
39.1516790000597,-84.532268,2026-06-02T21:51:37.000,FALL - 17A2,2026-06-02 21:51:37
39.2024500000597,-84.463892,2026-06-02T21:56:03.000,SICK - 26D1 NOT ALERT,2026-06-02 21:56:03
39.1853170000597,-84.455983,2026-06-02T22:00:15.000,BREATH - 6D2,2026-06-02 22:00:15
39.1046590000598,-84.560627,2026-06-02T22:03:39.000,SICK - 26A8 PAIN,2026-06-02 22:03:39
39.1972970000597,-84.551398,2026-06-02T22:17:07.000,"OD - (C) 23C1A NOT ALERT, ACC",2026-06-02 22:17:07
39.1944000000597,-84.46974,2026-06-02T22:30:15.000,SEIZURE - 12D2 MULTIPLE,2026-06-02 22:30:15
39.1548120000597,-84.56234,2026-06-02T22:34:36.000,CHESTPN - 10D4 CLAMMY,2026-06-02 22:34:36
39.1861740000597,-84.468684,2026-06-02T22:36:13.000,FAINT - 31A1,2026-06-02 22:36:13
39.1043790000598,-84.560947,2026-06-02T22:59:08.000,SICK - 26A1,2026-06-02 22:59:08
39.1251980000598,-84.474689,2026-06-02T23:01:31.000,PERDWN - 32B2 MEDICAL ALARM,2026-06-02 23:01:31
39.1354270000597,-84.505869,2026-06-02T23:03:42.000,PERDWN - 32D1 UNKNOWN,2026-06-02 23:03:42
39.1074790000598,-84.510119,2026-06-02T23:11:12.000,EMS,2026-06-02 23:11:12
39.1446750000598,-84.55735,2026-06-02T23:35:41.000,ARREST - 9E1 NOT BREATHING,2026-06-02 23:35:41
39.1454490000597,-84.519091,2026-06-02T23:41:08.000,FALL - 17D3 UNCONSIOUS,2026-06-02 23:41:08
39.1013380000598,-84.510047,2026-06-02T23:45:04.000,CHESTPN - 10C1 ABNORMAL BREATH,2026-06-02 23:45:04
39.1967690000597,-84.47694,2026-06-02T23:54:00.000,SICK - 26A1,2026-06-02 23:54:00
39.1610020000597,-84.535669,2026-06-02T23:54:37.000,FALL - 17B4,2026-06-02 23:54:37
39.1105510000598,-84.51456,2026-06-03T00:02:14.000,ABDOM - 1A1,2026-06-03 00:02:14
39.1088470000597,-84.559618,2026-06-03T00:04:53.000,BREATH - 6C1,2026-06-03 00:04:53
39.1450330000597,-84.466656,2026-06-03T00:16:40.000,BREATH - 6D2,2026-06-03 00:16:40
39.1354370000597,-84.503982,2026-06-03T00:28:55.000,SEIZURE - 12D2 MULTIPLE,2026-06-03 00:28:55
39.1234370000597,-84.581256,2026-06-03T00:40:54.000,ABDOM - 1A1,2026-06-03 00:40:54
39.1100700000598,-84.514265,2026-06-03T00:46:11.000,ABDOM - 1A1,2026-06-03 00:46:11
39.1131870000598,-84.51474,2026-06-03T00:49:06.000,BURN - 7B2,2026-06-03 00:49:06
39.0905770000598,-84.392602,2026-06-03T00:49:17.000,ABDOM - 1C6,2026-06-03 00:49:17
39.2047940000597,-84.449746,2026-06-03T01:25:13.000,EMS,2026-06-03 01:25:13
39.1033580000598,-84.551667,2026-06-03T01:32:31.000,STROKE - 28C1 NOT ALERT,2026-06-03 01:32:31
39.1403400000597,-84.500993,2026-06-03T01:44:50.000,HEADACHE - 18C4C POSS STROKE,2026-06-03 01:44:50
39.1142600000598,-84.527498,2026-06-03T01:47:52.000,SICK - 26C2 ABNORMAL BREATH,2026-06-03 01:47:52
39.1616490000597,-84.380033,2026-06-03T02:00:11.000,PERDWN - 32B1 PT MOV/TALK,2026-06-03 02:00:11
39.1141300000598,-84.527588,2026-06-03T02:08:27.000,BREATH - 6D1 NOT ALERT,2026-06-03 02:08:27
39.1991980000597,-84.474662,2026-06-03T02:16:52.000,LIFT - 17A4,2026-06-03 02:16:52
39.1226510000598,-84.598574,2026-06-03T02:35:40.000,SICK - 26A8 PAIN,2026-06-03 02:35:40
39.1685530000597,-84.470141,2026-06-03T02:52:56.000,EMS,2026-06-03 02:52:56
39.2008740000597,-84.548338,2026-06-03T02:53:39.000,BREATH - 6D2A ASTHMA,2026-06-03 02:53:39
39.1256290000598,-84.485298,2026-06-03T03:45:49.000,FAINT - 31D3,2026-06-03 03:45:49
39.1479690000598,-84.487379,2026-06-03T03:59:00.000,BREATH - 6E1O INEFFECT BREATH,2026-06-03 03:59:00
39.1188260000597,-84.517237,2026-06-03T04:06:02.000,BREATH - 6D2E EMPHYSEMA,2026-06-03 04:06:02
39.0783130000598,-84.622833,2026-06-03T04:26:38.000,=EMS1 - ALS1 RESPONSE,2026-06-03 04:26:38
39.1463040000597,-84.575921,2026-06-03T04:43:27.000,BLEED - 21B1 DANGEROUS,2026-06-03 04:43:27
39.1325760000597,-84.438679,2026-06-03T04:52:03.000,PERDWN - 32B2 MEDICAL ALARM,2026-06-03 04:52:03
39.1367150000597,-84.485739,2026-06-03T04:52:09.000,SICK - 26A1,2026-06-03 04:52:09
39.1466040000597,-84.485637,2026-06-03T04:58:47.000,SICK - 26C2 ABNORMAL BREATH,2026-06-03 04:58:47
39.1021470000598,-84.510988,2026-06-03T05:47:44.000,CHESTPN - 10D5 CARDIAC HX,2026-06-03 05:47:44
39.1246750000598,-84.578742,2026-06-03T05:50:18.000,SICK - 26A8 PAIN,2026-06-03 05:50:18
39.1095170000598,-84.526836,2026-06-03T06:17:14.000,SICK - 26C1 ALTERED LOC,2026-06-03 06:17:14
39.1280960000597,-84.42898,2026-06-03T06:31:59.000,BREATH - 6C1,2026-06-03 06:31:59
39.1050280000598,-84.520087,2026-06-03T06:43:31.000,"PREG - 24D3C IMMINENT, PRETERM",2026-06-03 06:43:31
39.1349500000597,-84.50951,2026-06-03T06:59:39.000,EMS,2026-06-03 06:59:39
39.1159260000597,-84.512776,2026-06-03T07:07:29.000,BREATH - 6D2E EMPHYSEMA,2026-06-03 07:07:29
39.1599510000597,-84.42779,2026-06-03T07:12:38.000,=EMS2 - ALS2 RESPONSE,2026-06-03 07:12:38
39.1255040000598,-84.505505,2026-06-03T07:34:16.000,FALL - 17A2,2026-06-03 07:34:16
39.1571030000597,-84.504939,2026-06-03T07:39:28.000,SICK - 26C2 ABNORMAL BREATH,2026-06-03 07:39:28
39.1304380000598,-84.486639,2026-06-03T07:49:11.000,CHESTPN - 10C1 ABNORMAL BREATH,2026-06-03 07:49:11
39.1956810000597,-84.549819,2026-06-03T07:53:16.000,FALL - 17B1,2026-06-03 07:53:16
39.1512490000597,-84.384788,2026-06-03T07:54:28.000,ABDOM - 1A1,2026-06-03 07:54:28
39.1383920000597,-84.439953,2026-06-03T07:55:20.000,FALL - 17B4,2026-06-03 07:55:20
39.1136280000598,-84.565817,2026-06-03T08:06:07.000,PERDWN - 32D1 UNKNOWN,2026-06-03 08:06:07
39.1916660000597,-84.569271,2026-06-03T08:07:35.000,PREG - 24O1 WATER BROKE,2026-06-03 08:07:35
39.1241170000597,-84.575597,2026-06-03T08:18:52.000,SICK - 26A11 VOMITING,2026-06-03 08:18:52
39.1364410000598,-84.536523,2026-06-03T08:28:20.000,EMS,2026-06-03 08:28:20
39.1037160000597,-84.514936,2026-06-03T08:40:14.000,=EMS3 - ALS3 RESPONSE,2026-06-03 08:40:14
39.1348640000597,-84.55818,2026-06-03T08:53:34.000,SICK - 26A1,2026-06-03 08:53:34
39.1187590000597,-84.516323,2026-06-03T08:55:24.000,ASSLTI - (C) =,2026-06-03 08:55:24
39.1117250000598,-84.512477,2026-06-03T09:09:05.000,PERDWN - 32D1 UNKNOWN,2026-06-03 09:09:05
39.1119350000598,-84.511517,2026-06-03T09:09:56.000,PERDWN - 32B3 UNKNOWN,2026-06-03 09:09:56
39.1060730000598,-84.512475,2026-06-03T09:24:12.000,FALL - 17D4 NOT ALERT,2026-06-03 09:24:12
39.1944050000597,-84.537797,2026-06-03T09:29:41.000,SICK - 26C1 ALTERED LOC,2026-06-03 09:29:41
39.1729170000597,-84.430881,2026-06-03T09:34:27.000,DIABETIC - 13D1 UNCONSCIOUS,2026-06-03 09:34:27
39.1524200000597,-84.393483,2026-06-03T09:54:35.000,FALL - 17B1,2026-06-03 09:54:35
39.1609230000597,-84.39981,2026-06-03T10:00:02.000,BLEED - 21D4 DANGEROUS BLEED,2026-06-03 10:00:02
39.1485590000597,-84.407316,2026-06-03T10:04:38.000,FALL - 17B1,2026-06-03 10:04:38
39.1791400000597,-84.510659,2026-06-03T10:07:20.000,BREATH - 6D2E EMPHYSEMA,2026-06-03 10:07:20
39.1295160000598,-84.598673,2026-06-03T10:22:13.000,SICK - 26B1,2026-06-03 10:22:13
39.1165330000598,-84.576502,2026-06-03T10:22:15.000,BREATH - 6D1O NOT ALERT,2026-06-03 10:22:15
39.1350470000598,-84.483256,2026-06-03T10:32:29.000,SEIZURE - 12A1,2026-06-03 10:32:29
39.0864310000598,-84.572635,2026-06-03T10:34:21.000,FAINT - 31D3,2026-06-03 10:34:21
39.1404720000597,-84.45444,2026-06-03T10:59:20.000,CHESTPN - 10C3,2026-06-03 10:59:20
39.1117660000598,-84.571139,2026-06-03T11:06:06.000,STROKE - 28C5 FACIAL DROOP,2026-06-03 11:06:06
39.1572540000597,-84.595793,2026-06-03T11:12:34.000,FALL - 17A2,2026-06-03 11:12:34
39.1620150000597,-84.428008,2026-06-03T11:17:17.000,OD - 23C8A ACCIDENTAL,2026-06-03 11:17:17
39.1885630000597,-84.545003,2026-06-03T11:19:09.000,SICK - 26C2 ABNORMAL BREATH,2026-06-03 11:19:09
39.1354500000597,-84.500405,2026-06-03T11:39:52.000,SEIZURE - 12D2 MULTIPLE,2026-06-03 11:39:52
39.1145340000598,-84.490488,2026-06-03T11:40:27.000,LIFT - 53A2,2026-06-03 11:40:27
39.1117040000598,-84.609245,2026-06-03T11:48:03.000,OD - (C) 23C3I INTENTIONAL,2026-06-03 11:48:03
39.1438970000598,-84.510928,2026-06-03T11:56:57.000,STROKE - 28C1 NOT ALERT,2026-06-03 11:56:57
39.1720160000597,-84.513789,2026-06-03T12:06:52.000,PERDWN - 32D1 UNKNOWN,2026-06-03 12:06:52
39.1050970000598,-84.566417,2026-06-03T12:07:41.000,FAINT - 31C2,2026-06-03 12:07:41
39.1603930000597,-84.406416,2026-06-03T12:19:24.000,SICK - 26C1 ALTERED LOC,2026-06-03 12:19:24
39.1566690000597,-84.52472,2026-06-03T12:31:50.000,CHESTPN - 10D4 CLAMMY,2026-06-03 12:31:50
39.1482950000597,-84.590344,2026-06-03T12:36:12.000,BREATH - 6D1 NOT ALERT,2026-06-03 12:36:12
39.1348670000598,-84.499809,2026-06-03T12:48:12.000,PERDWN - 32D1 UNKNOWN,2026-06-03 12:48:12
39.1298650000597,-84.526593,2026-06-03T12:58:50.000,FALL - 17C1 FAINTING,2026-06-03 12:58:50
39.1605180000597,-84.426223,2026-06-03T12:59:58.000,FALL - 17B4,2026-06-03 12:59:58
39.1119350000598,-84.584889,2026-06-03T13:06:08.000,=EMS1 - ALS1 RESPONSE,2026-06-03 13:06:08
39.1557180000597,-84.434209,2026-06-03T13:12:16.000,FALL - 17D4 NOT ALERT,2026-06-03 13:12:16
39.1429440000598,-84.496296,2026-06-03T13:34:16.000,ASSLTI - (C)(W) =,2026-06-03 13:34:16
39.1306460000598,-84.599613,2026-06-03T13:39:10.000,FALL - 17B4,2026-06-03 13:39:10
39.1772770000597,-84.46564,2026-06-03T13:44:20.000,CHESTPN - 10A1,2026-06-03 13:44:20
39.1172440000598,-84.522989,2026-06-03T13:44:52.000,=EMS1 - ALS1 RESPONSE,2026-06-03 13:44:52
39.1110530000597,-84.595012,2026-06-03T14:18:29.000,PERDWN - 32D1 UNKNOWN,2026-06-03 14:18:29
39.1456380000597,-84.43331,2026-06-03T14:21:14.000,FALL - 17A2,2026-06-03 14:21:14
39.1640770000597,-84.495745,2026-06-03T14:25:06.000,EMS,2026-06-03 14:25:06
39.1362520000597,-84.595886,2026-06-03T14:29:31.000,BREATH - 6C1,2026-06-03 14:29:31
39.1025000000597,-84.5029,2026-06-03T14:29:59.000,EMS,2026-06-03 14:29:59
39.1517770000597,-84.390723,2026-06-03T14:31:45.000,=EMS1 - ALS1 RESPONSE,2026-06-03 14:31:45
39.1428510000597,-84.501512,2026-06-03T14:38:08.000,EMS,2026-06-03 14:38:08
39.1220460000598,-84.601495,2026-06-03T14:52:35.000,FALL - 17B4,2026-06-03 14:52:35
39.1871450000597,-84.546102,2026-06-03T14:56:11.000,SICK - 26A3 VERTIGO,2026-06-03 14:56:11
39.1313360000598,-84.570766,2026-06-03T15:01:24.000,BREATH - 6C1A ASTHMA,2026-06-03 15:01:24
39.1009310000598,-84.510351,2026-06-03T15:06:37.000,CHESTPN - 10D5 CARDIAC HX,2026-06-03 15:06:37
39.1042780000598,-84.566326,2026-06-03T15:07:06.000,BLEED - 21D4 DANGEROUS BLEED,2026-06-03 15:07:06
39.1576980000597,-84.49282,2026-06-03T15:23:00.000,BREATH - 6C1A ASTHMA,2026-06-03 15:23:00
39.1149010000597,-84.517655,2026-06-03T15:26:42.000,PERDWN - 32B3 UNKNOWN,2026-06-03 15:26:42
39.1354010000597,-84.505682,2026-06-03T15:26:48.000,CHESTPN - 10D4 CLAMMY,2026-06-03 15:26:48
39.1147610000597,-84.516845,2026-06-03T15:27:50.000,SEIZURE - 12D2 MULTIPLE,2026-06-03 15:27:50
39.1748640000597,-84.424198,2026-06-03T15:34:16.000,FAINT - 31D4 NOT ALERT,2026-06-03 15:34:16
39.1340020000597,-84.592101,2026-06-03T15:48:27.000,SICK - 26A4 FEVER,2026-06-03 15:48:27
39.1665480000597,-84.433818,2026-06-03T15:49:52.000,FAINT - 31C1 ABNORMAL BREATH,2026-06-03 15:49:52
39.1801440000597,-84.510388,2026-06-03T15:59:42.000,SICK - 26A3 VERTIGO,2026-06-03 15:59:42
39.1669540000597,-84.533288,2026-06-03T16:12:02.000,EMS,2026-06-03 16:12:02
39.1905140000597,-84.459016,2026-06-03T16:19:14.000,SICK - 26A1,2026-06-03 16:19:14
39.1416780000597,-84.495949,2026-06-03T16:24:59.000,SICK - 26A1,2026-06-03 16:24:59
39.1119590000598,-84.596661,2026-06-03T16:26:25.000,BREATH - 6D4 CLAMMY,2026-06-03 16:26:25
39.1965080000597,-84.57759,2026-06-03T16:54:02.000,LIFT - 17A4,2026-06-03 16:54:02
39.1342630000598,-84.46013,2026-06-03T16:54:59.000,=EMS1 - ALS1 RESPONSE,2026-06-03 16:54:59
39.1058110000598,-84.508539,2026-06-03T16:56:03.000,SEIZURE - 12D4,2026-06-03 16:56:03
39.1817450000597,-84.412753,2026-06-03T17:10:24.000,SICK - 26A1,2026-06-03 17:10:24
39.1296230000598,-84.59935,2026-06-03T17:12:51.000,=EMS1 - ALS1 RESPONSE,2026-06-03 17:12:51
39.0995430000598,-84.50892,2026-06-03T17:13:20.000,SICK - 26A7 IMMOBILE,2026-06-03 17:13:20
39.1269870000598,-84.492009,2026-06-03T17:16:28.000,HEARTPRB - 19C4 CARDIAC HX,2026-06-03 17:16:28
39.1570910000597,-84.539005,2026-06-03T17:21:54.000,PERDWN - 32D1 UNKNOWN,2026-06-03 17:21:54
39.1350440000597,-84.55655,2026-06-03T17:48:52.000,SICK - 26C1 ALTERED LOC,2026-06-03 17:48:52
39.1224710000598,-84.562844,2026-06-03T18:05:29.000,SICK - 26A11 VOMITING,2026-06-03 18:05:29
39.1911690000597,-84.460581,2026-06-03T18:06:37.000,PERDWN - 32B2 MEDICAL ALARM,2026-06-03 18:06:37
39.2148970000597,-84.485599,2026-06-03T18:14:36.000,PERDWN - 32B2 MEDICAL ALARM,2026-06-03 18:14:36
39.1471210000597,-84.489353,2026-06-03T18:50:55.000,INVEST - 69E4O ODOR OF SMOKE,2026-06-03 18:50:55
39.1493900000597,-84.482071,2026-06-03T18:59:20.000,FALL - 17B1,2026-06-03 18:59:20
39.1446910000597,-84.568187,2026-06-03T19:05:43.000,ASSLTI - (C) =,2026-06-03 19:05:43
39.1895270000597,-84.468242,2026-06-03T19:20:29.000,SICK - 26C1 ALTERED LOC,2026-06-03 19:20:29
39.1541860000597,-84.595314,2026-06-03T19:22:08.000,SEIZURE - 12D3 INEFF BREATHING,2026-06-03 19:22:08
39.1604010000597,-84.397394,2026-06-03T19:23:15.000,CHESTPN - 10D5 CARDIAC HX,2026-06-03 19:23:15
39.1761470000597,-84.4801,2026-06-03T19:40:53.000,BLEED - 21B1 DANGEROUS,2026-06-03 19:40:53
39.2131130000597,-84.531883,2026-06-03T19:42:11.000,SICK - 26A3 VERTIGO,2026-06-03 19:42:11
39.1589630000597,-84.409298,2026-06-03T20:01:46.000,FALL - 17D5 SOB,2026-06-03 20:01:46
39.1313060000598,-84.609899,2026-06-03T20:12:24.000,PERDWN - 32D1 UNKNOWN,2026-06-03 20:12:24
39.1090230000598,-84.514209,2026-06-03T20:36:41.000,BLEED - 21B1 DANGEROUS,2026-06-03 20:36:41
39.1501680000597,-84.562644,2026-06-03T20:37:32.000,PERDWN - 32B2 MEDICAL ALARM,2026-06-03 20:37:32
39.1145270000597,-84.580345,2026-06-03T20:44:46.000,=EMS1 - ALS1 RESPONSE,2026-06-03 20:44:46
39.1174860000598,-84.57463,2026-06-03T20:55:33.000,BREATH - 6D1 NOT ALERT,2026-06-03 20:55:33
39.1817010000597,-84.426556,2026-06-03T21:03:42.000,SICK - 26D1 NOT ALERT,2026-06-03 21:03:42
39.1104910000598,-84.606708,2026-06-03T21:06:06.000,PERDWN - 32B2 MEDICAL ALARM,2026-06-03 21:06:06
39.2059690000597,-84.453428,2026-06-03T21:08:55.000,FALL - 17A2,2026-06-03 21:08:55
39.1729710000597,-84.429441,2026-06-03T21:18:33.000,SICK - 26C1 ALTERED LOC,2026-06-03 21:18:33
39.1312360000598,-84.598643,2026-06-03T21:22:19.000,ABDOM - 1A2,2026-06-03 21:22:19
39.1353550000597,-84.619137,2026-06-03T21:40:41.000,=ASSLTI - (C),2026-06-03 21:40:41
39.1906040000597,-84.513719,2026-06-03T21:50:18.000,ABDOM - 1A1,2026-06-03 21:50:18
39.1312870000597,-84.530925,2026-06-03T21:58:56.000,=EMS1 - ALS1 RESPONSE,2026-06-03 21:58:56
39.1453150000598,-84.564472,2026-06-03T22:00:37.000,CHESTPN - 10D1 NOT ALERT,2026-06-03 22:00:37
39.1099930000598,-84.571057,2026-06-03T22:02:42.000,=EMS1 - ALS1 RESPONSE,2026-06-03 22:02:42
39.1603330000597,-84.408146,2026-06-03T22:04:22.000,SICK - 26C1 ALTERED LOC,2026-06-03 22:04:22
39.1146670000598,-84.582563,2026-06-03T22:13:51.000,SEIZURE - 12A2,2026-06-03 22:13:51
39.1286290000597,-84.514434,2026-06-03T22:15:59.000,EMS,2026-06-03 22:15:59
39.1303460000598,-84.610069,2026-06-03T22:31:37.000,PERDWN - 32D1 UNKNOWN,2026-06-03 22:31:37
39.1510950000597,-84.485071,2026-06-03T22:49:57.000,"PREG - 24D4C BLEED, PRETERM",2026-06-03 22:49:57
39.1490280000598,-84.481473,2026-06-03T23:00:03.000,BREATH - 6D4A ASTHMA,2026-06-03 23:00:03
39.0987880000598,-84.508614,2026-06-03T23:00:12.000,FALL - 17B1,2026-06-03 23:00:12
39.1722290000597,-84.432646,2026-06-03T23:06:14.000,SICK - 26A10 UNWELL,2026-06-03 23:06:14
39.1118320000598,-84.515795,2026-06-03T23:08:35.000,SICK - 26A1,2026-06-03 23:08:35
39.1081500000597,-84.516477,2026-06-03T23:18:59.000,SICK - 26A8 PAIN,2026-06-03 23:18:59
39.1096840000598,-84.559283,2026-06-03T23:24:27.000,SICK - 26A1,2026-06-03 23:24:27
39.1007940000598,-84.512031,2026-06-03T23:48:13.000,SICK - 26C2 ABNORMAL BREATH,2026-06-03 23:48:13
39.1221650000598,-84.494303,2026-06-03T23:54:53.000,DOMINJ - (C) =,2026-06-03 23:54:53
39.1181200000598,-84.55099,2026-06-03T23:57:24.000,SICK - 26D1 NOT ALERT,2026-06-03 23:57:24
39.1146940000598,-84.518497,2026-06-04T00:05:13.000,SICK - 26A11 VOMITING,2026-06-04 00:05:13
39.1103710000598,-84.504655,2026-06-04T00:30:09.000,SEIZURE - 12A1,2026-06-04 00:30:09
39.1064300000598,-84.50963,2026-06-04T00:30:38.000,BLEED - 21A1,2026-06-04 00:30:38
39.1345400000597,-84.531132,2026-06-04T00:57:19.000,FALL - 17D4 NOT ALERT,2026-06-04 00:57:19
39.1103280000598,-84.51274,2026-06-04T01:01:07.000,SICK - 26O23 PENIS PAIN,2026-06-04 01:01:07
39.1419320000598,-84.493095,2026-06-04T01:24:13.000,ABDOM - 1C6,2026-06-04 01:24:13
39.1430470000597,-84.59358,2026-06-04T01:49:08.000,HEARTPRB - 19C2 ABNORM BREATH,2026-06-04 01:49:08
39.1515480000597,-84.483704,2026-06-04T02:43:10.000,ASSLTI - (C) =,2026-06-04 02:43:10
39.1934200000597,-84.479858,2026-06-04T02:43:15.000,DIABETIC - 13A1,2026-06-04 02:43:15
39.1920180000597,-84.45751,2026-06-04T02:45:20.000,ABDOM - 1C5,2026-06-04 02:45:20
39.1297860000598,-84.598083,2026-06-04T02:51:04.000,ABDOM - 1C3,2026-06-04 02:51:04
39.1451160000598,-84.470152,2026-06-04T02:53:50.000,ASSLTI - (C) =,2026-06-04 02:53:50
39.1278570000597,-84.606608,2026-06-04T02:56:05.000,BREATH - 6D2A ASTHMA,2026-06-04 02:56:05
39.1576510000597,-84.525362,2026-06-04T03:10:37.000,BREATH - 6D1O NOT ALERT,2026-06-04 03:10:37
39.2121060000597,-84.462936,2026-06-04T03:10:43.000,SICK - 26A10 UNWELL,2026-06-04 03:10:43
39.1926580000597,-84.567954,2026-06-04T03:51:57.000,SICK - 26C2 ABNORMAL BREATH,2026-06-04 03:51:57
39.1448040000597,-84.499923,2026-06-04T04:17:36.000,CHESTPN - 10D1 NOT ALERT,2026-06-04 04:17:36
39.1458070000597,-84.554748,2026-06-04T04:55:30.000,BREATH - 6D4A ASTHMA,2026-06-04 04:55:30
39.1195130000597,-84.500695,2026-06-04T04:56:49.000,PERDWN - 32D1 UNKNOWN,2026-06-04 04:56:49
39.1015000000598,-84.513741,2026-06-04T04:58:34.000,FAINT - 31D1 AGONAL BREATHING,2026-06-04 04:58:34
39.1394130000598,-84.453533,2026-06-04T05:01:32.000,BREATH - 6C1A ASTHMA,2026-06-04 05:01:32
39.1200930000597,-84.498765,2026-06-04T05:10:55.000,PERDWN - 32D1 UNKNOWN,2026-06-04 05:10:55
39.1914360000597,-84.458379,2026-06-04T05:18:29.000,FALL - 17A2,2026-06-04 05:18:29
39.1061380000598,-84.5118,2026-06-04T05:29:44.000,DIABETIC - 13C3,2026-06-04 05:29:44
39.1344280000597,-84.532541,2026-06-04T05:45:11.000,FALL - 17B1,2026-06-04 05:45:11
39.1579650000597,-84.548838,2026-06-04T05:49:34.000,STROKE - 28C2 ABNORMAL BREATH,2026-06-04 05:49:34
39.1070450000598,-84.509975,2026-06-04T05:53:01.000,=EMS1 - ALS1 RESPONSE,2026-06-04 05:53:01
39.1193630000597,-84.499725,2026-06-04T05:55:22.000,PERDWN - 32D1 UNKNOWN,2026-06-04 05:55:22
39.1312360000597,-84.615443,2026-06-04T06:05:38.000,PERDWN - 32D1 UNKNOWN,2026-06-04 06:05:38
39.1273150000597,-84.502217,2026-06-04T06:09:11.000,CHESTPN - 10C1 ABNORMAL BREATH,2026-06-04 06:09:11
39.1136880000597,-84.573848,2026-06-04T06:15:34.000,FAINT - 31D4 NOT ALERT,2026-06-04 06:15:34
39.1551260000597,-84.411335,2026-06-04T06:28:00.000,SICK - 26A11 VOMITING,2026-06-04 06:28:00
39.1341740000597,-84.55774,2026-06-04T06:34:27.000,SICK - 26A1,2026-06-04 06:34:27
39.1901070000597,-84.568158,2026-06-04T06:40:34.000,BREATH - 6D2A ASTHMA,2026-06-04 06:40:34
39.1260940000598,-84.475665,2026-06-04T06:48:49.000,STROKE - 28C1F CLEAR EVIDENCE,2026-06-04 06:48:49
39.1733810000597,-84.551235,2026-06-04T06:59:30.000,SICK - 26A7 IMMOBILE,2026-06-04 06:59:30
39.1490690000597,-84.562083,2026-06-04T07:02:46.000,BLEED - 21B2 SERIOUS,2026-06-04 07:02:46
39.1508060000597,-84.422468,2026-06-04T07:02:49.000,SEIZURE - 12C3 DIABETIC,2026-06-04 07:02:49
39.1124560000598,-84.519037,2026-06-04T07:17:06.000,SICK - 26A8 PAIN,2026-06-04 07:17:06
39.1102820000598,-84.536731,2026-06-04T07:21:09.000,ABDOM - 1C5,2026-06-04 07:21:09
39.1224110000597,-84.488033,2026-06-04T07:29:42.000,SICK - 26C2 ABNORMAL BREATH,2026-06-04 07:29:42
39.2121480000597,-84.482102,2026-06-04T07:40:09.000,SICK - 26A4 FEVER,2026-06-04 07:40:09
39.0943920000598,-84.386563,2026-06-04T07:41:49.000,FAINT - 31C1 ABNORMAL BREATH,2026-06-04 07:41:49
39.2148670000597,-84.486289,2026-06-04T07:45:07.000,BLEED - 21B2 SERIOUS,2026-06-04 07:45:07
39.1560310000597,-84.525522,2026-06-04T07:49:35.000,FALL - 17D4 NOT ALERT,2026-06-04 07:49:35
39.1775660000597,-84.440992,2026-06-04T07:56:22.000,FALL - 17A2,2026-06-04 07:56:22
39.1190770000597,-84.548016,2026-06-04T08:23:06.000,EMS,2026-06-04 08:23:06
39.1445280000597,-84.556209,2026-06-04T08:58:44.000,BREATH - 6D2,2026-06-04 08:58:44
39.1352610000598,-84.501106,2026-06-04T09:03:32.000,OD - (C) 23D2A ACCIDENTAL,2026-06-04 09:03:32
39.1501700000597,-84.484438,2026-06-04T09:17:47.000,BREATH - 6D2A ASTHMA,2026-06-04 09:17:47
39.1491040000597,-84.620827,2026-06-04T09:19:35.000,ABDOM - 1D1 NOT ALERT,2026-06-04 09:19:35
39.1993160000597,-84.457467,2026-06-04T09:22:10.000,OD - (C) 23C8I INTENTIONAL,2026-06-04 09:22:10
39.1256040000598,-84.57723,2026-06-04T09:26:14.000,DIABETIC - 13C1 NOT ALERT,2026-06-04 09:26:14
39.1401480000597,-84.452887,2026-06-04T09:30:33.000,ASSLTI - (C) =,2026-06-04 09:30:33
39.1917820000597,-84.462189,2026-06-04T09:31:09.000,PERDWN - 32B2 MEDICAL ALARM,2026-06-04 09:31:09
39.1428890000597,-84.4952,2026-06-04T09:47:07.000,BREATH - 6C1E EMPHYSEMA,2026-06-04 09:47:07
39.1297560000597,-84.604989,2026-06-04T09:50:45.000,=PERDWN,2026-06-04 09:50:45
39.1526980000597,-84.501037,2026-06-04T09:55:53.000,SICK - 26O24 RASH,2026-06-04 09:55:53
39.1082640000598,-84.528526,2026-06-04T09:58:54.000,"SEIZURE - 12C1 FOCAL, NOT AERT",2026-06-04 09:58:54
39.1077200000598,-84.50811,2026-06-04T10:04:01.000,SICK - 26D1 NOT ALERT,2026-06-04 10:04:01
39.1678170000597,-84.535188,2026-06-04T10:05:51.000,SICK - 26D1 NOT ALERT,2026-06-04 10:05:51
39.1055130000598,-84.511925,2026-06-04T10:15:56.000,CHESTPN - 10D5 CARDIAC HX,2026-06-04 10:15:56
39.1063930000598,-84.512405,2026-06-04T10:18:22.000,SICK - 26A1,2026-06-04 10:18:22
39.1400410000597,-84.581434,2026-06-04T10:19:26.000,BREATH - 6D2E EMPHYSEMA,2026-06-04 10:19:26
39.1409220000598,-84.492895,2026-06-04T10:20:03.000,CHESTPN - 10D2 DIFF SPEAKING,2026-06-04 10:20:03
39.1068230000598,-84.589581,2026-06-04T10:20:10.000,SEIZURE - 12A1,2026-06-04 10:20:10
39.1078260000597,-84.595716,2026-06-04T10:21:35.000,BLEED - 21D4 DANGEROUS BLEED,2026-06-04 10:21:35
39.1262510000597,-84.601091,2026-06-04T10:22:08.000,FALL - 17A2,2026-06-04 10:22:08
39.1336740000598,-84.476473,2026-06-04T10:42:14.000,SEIZURE - 12C4,2026-06-04 10:42:14
39.1598130000597,-84.39949,2026-06-04T10:58:06.000,SICK - 26A8 PAIN,2026-06-04 10:58:06
39.1449550000598,-84.580705,2026-06-04T10:58:47.000,BREATH - 6C1,2026-06-04 10:58:47
39.1563960000597,-84.381153,2026-06-04T11:03:40.000,"BLEED - 21B2T SERIOUS, TRAUMA",2026-06-04 11:03:40
39.1389400000598,-84.487441,2026-06-04T11:07:25.000,EMS,2026-06-04 11:07:25
39.1336800000598,-84.572313,2026-06-04T11:09:06.000,FAINT - 31D3,2026-06-04 11:09:06
39.1291600000597,-84.565053,2026-06-04T11:19:29.000,FALL - 17D4 NOT ALERT,2026-06-04 11:19:29
39.1241800000598,-84.499172,2026-06-04T11:22:42.000,SICK - 26A10 UNWELL,2026-06-04 11:22:42
39.1039120000598,-84.513807,2026-06-04T11:34:01.000,SICK - 26D1 NOT ALERT,2026-06-04 11:34:01
39.2195510000597,-84.488271,2026-06-04T11:41:10.000,SICK - 26D1 NOT ALERT,2026-06-04 11:41:10
39.1979280000597,-84.462227,2026-06-04T11:44:19.000,BLEED - 21A1,2026-06-04 11:44:19
39.1295960000598,-84.599053,2026-06-04T11:45:57.000,ABDOM - 1A1,2026-06-04 11:45:57
39.1552370000597,-84.560551,2026-06-04T11:47:31.000,EMS,2026-06-04 11:47:31
39.2015490000597,-84.520863,2026-06-04T11:51:23.000,PERDWN - 32D1 UNKNOWN,2026-06-04 11:51:23
39.1049310000598,-84.514037,2026-06-04T11:53:50.000,EMS,2026-06-04 11:53:50
39.1571450000597,-84.476831,2026-06-04T11:59:56.000,PERDWN - 32B1 PT MOV/TALK,2026-06-04 11:59:56
39.1904560000597,-84.576312,2026-06-04T12:03:52.000,SEIZURE - 12D2 MULTIPLE,2026-06-04 12:03:52
39.1252850000598,-84.519306,2026-06-04T12:04:00.000,FAINT - 31A1,2026-06-04 12:04:00
39.1273120000598,-84.498533,2026-06-04T12:04:30.000,SEIZURE - 12C4,2026-06-04 12:04:30
39.1015600000598,-84.514271,2026-06-04T12:04:34.000,FALL - 17A2,2026-06-04 12:04:34
39.1575350000597,-84.475971,2026-06-04T12:17:10.000,"OD - (C) 23E1A ARREST, ACC",2026-06-04 12:17:10
39.0822540000598,-84.394708,2026-06-04T12:23:43.000,=EMS1 - ALS1 RESPONSE,2026-06-04 12:23:43
39.1040010000597,-84.581939,2026-06-04T12:24:46.000,CHESTPN - 10D5 CARDIAC HX,2026-06-04 12:24:46
39.1533960000597,-84.601061,2026-06-04T12:26:40.000,SICK - 26C2 ABNORMAL BREATH,2026-06-04 12:26:40
39.1313770000597,-84.487402,2026-06-04T12:29:45.000,SICK - 26D1 NOT ALERT,2026-06-04 12:29:45
39.1457620000597,-84.425107,2026-06-04T12:52:38.000,PERDWN - 32B2 MEDICAL ALARM,2026-06-04 12:52:38
39.1318300000598,-84.485347,2026-06-04T13:04:29.000,FAINT - 31D1 AGONAL BREATHING,2026-06-04 13:04:29
39.1260390000598,-84.573713,2026-06-04T13:04:53.000,HEARTPRB - 19C2 ABNORM BREATH,2026-06-04 13:04:53
39.1929100000597,-84.513167,2026-06-04T13:10:27.000,SICK - 26O22 URINARY PAIN,2026-06-04 13:10:27
39.1367230000598,-84.459135,2026-06-04T13:14:00.000,ARREST - 9E1 NOT BREATHING,2026-06-04 13:14:00
39.1166220000597,-84.582211,2026-06-04T13:18:29.000,LIFT - 17A4,2026-06-04 13:18:29
39.1366090000597,-84.426133,2026-06-04T13:49:54.000,ASSLTI - (C) =,2026-06-04 13:49:54
39.1414320000597,-84.4646,2026-06-04T13:51:18.000,ASSLTI - (C) =,2026-06-04 13:51:18
39.1390070000598,-84.578544,2026-06-04T13:54:47.000,BREATH - 6D2E EMPHYSEMA,2026-06-04 13:54:47
39.1112000000598,-84.573226,2026-06-04T14:11:01.000,BREATH - 6D2,2026-06-04 14:11:01
39.1087610000597,-84.517429,2026-06-04T14:11:49.000,=ASSLTI - (C),2026-06-04 14:11:49
39.1296260000598,-84.598933,2026-06-04T14:15:43.000,BREATH - 6D1E NOT ALERT,2026-06-04 14:15:43
39.1193320000598,-84.439869,2026-06-04T14:23:27.000,SICK - 26A1,2026-06-04 14:23:27
39.1358560000597,-84.461593,2026-06-04T14:28:44.000,SICK - 26A8 PAIN,2026-06-04 14:28:44
39.1815610000597,-84.451449,2026-06-04T14:33:53.000,SICK - 26C1 ALTERED LOC,2026-06-04 14:33:53
39.0932760000598,-84.386139,2026-06-04T14:34:36.000,SICK - 26A8 PAIN,2026-06-04 14:34:36
39.1594630000597,-84.408808,2026-06-04T14:35:44.000,SICK - 26A3 VERTIGO,2026-06-04 14:35:44
39.2012520000597,-84.458669,2026-06-04T14:36:36.000,ABDOM - 1C4,2026-06-04 14:36:36
39.1560470000597,-84.560948,2026-06-04T14:42:45.000,DOMINJ - (C) =,2026-06-04 14:42:45
39.1355900000597,-84.53396,2026-06-04T14:46:26.000,=EMS1 - ALS1 RESPONSE,2026-06-04 14:46:26
39.1500280000597,-84.562894,2026-06-04T14:47:48.000,PERDWN - 32B2 MEDICAL ALARM,2026-06-04 14:47:48
39.1474220000597,-84.580729,2026-06-04T15:01:44.000,DIABETIC - 13C2,2026-06-04 15:01:44
39.1515590000597,-84.533618,2026-06-04T15:03:22.000,PERDWN - 32B2 MEDICAL ALARM,2026-06-04 15:03:22
39.1409530000598,-84.521708,2026-06-04T15:08:56.000,FAINT - 31D2 ABNORMAL BREATH,2026-06-04 15:08:56
39.1093540000598,-84.518354,2026-06-04T15:22:17.000,SICK - 26A8 PAIN,2026-06-04 15:22:17
39.1143820000598,-84.585139,2026-06-04T15:24:01.000,BREATH - 6D4E EMPHYSEMA,2026-06-04 15:24:01
39.0934860000598,-84.387246,2026-06-04T15:35:09.000,CHESTPN - 10C3,2026-06-04 15:35:09
39.1411410000598,-84.41888,2026-06-04T15:37:19.000,FAINT - 31C1 ABNORMAL BREATH,2026-06-04 15:37:19
39.1366860000597,-84.50363,2026-06-04T15:37:53.000,FALL - 17B4,2026-06-04 15:37:53
39.1732570000597,-84.533789,2026-06-04T15:38:08.000,SEIZURE - 12D4,2026-06-04 15:38:08
39.1232390000598,-84.604392,2026-06-04T15:41:56.000,ABDOM - 1A2,2026-06-04 15:41:56
39.1826720000597,-84.56562,2026-06-04T15:56:22.000,SICK - 26D1 NOT ALERT,2026-06-04 15:56:22
39.1797120000597,-84.510504,2026-06-04T16:00:50.000,BLEED - 21A1,2026-06-04 16:00:50
39.1614590000597,-84.540512,2026-06-04T16:13:07.000,BREATH - 6D1 NOT ALERT,2026-06-04 16:13:07
39.1152370000598,-84.519377,2026-06-04T16:36:10.000,BLEED - 21D5 ABNORMAL BREATH,2026-06-04 16:36:10
39.1934000000597,-84.546126,2026-06-04T16:50:23.000,DIABETIC - 13A1,2026-06-04 16:50:23
39.1546290000597,-84.401268,2026-06-04T16:53:38.000,FALL - 17B1,2026-06-04 16:53:38
39.1066710000597,-84.581153,2026-06-04T16:57:45.000,ARREST - 9E1 NOT BREATHING,2026-06-04 16:57:45
39.1597040000597,-84.396977,2026-06-04T16:58:01.000,OUTDR - 67A2 ILLEGAL BURN,2026-06-04 16:58:01
39.1779020000597,-84.439356,2026-06-04T17:06:08.000,LIFT - 53A2,2026-06-04 17:06:08
39.1331840000597,-84.487263,2026-06-04T17:09:51.000,EMS,2026-06-04 17:09:51
39.1199330000598,-84.700649,2026-06-04T17:10:14.000,STROKE - 28C1 NOT ALERT,2026-06-04 17:10:14
39.1298860000598,-84.598833,2026-06-04T17:11:31.000,=ASSLTI - (C),2026-06-04 17:11:31
39.1481190000597,-84.583248,2026-06-04T17:11:50.000,EMS,2026-06-04 17:11:50
39.1606530000597,-84.407696,2026-06-04T17:15:10.000,SICK - 26D1 NOT ALERT,2026-06-04 17:15:10
39.1321140000597,-84.599889,2026-06-04T17:16:56.000,FALL - 17D5 SOB,2026-06-04 17:16:56
39.1154600000598,-84.517426,2026-06-04T17:20:45.000,FAINT - 31D4 NOT ALERT,2026-06-04 17:20:45
39.1167200000598,-84.517546,2026-06-04T17:21:35.000,FAINT - 31D2 ABNORMAL BREATH,2026-06-04 17:21:35
39.1455270000597,-84.625133,2026-06-04T17:31:24.000,EMS,2026-06-04 17:31:24
39.1535010000597,-84.40167,2026-06-04T17:57:33.000,SICK - 26D1 NOT ALERT,2026-06-04 17:57:33
39.1513010000597,-84.380057,2026-06-04T18:23:40.000,FALL - 17A2,2026-06-04 18:23:40
39.1913930000597,-84.456921,2026-06-04T18:40:19.000,LIFT - 17A4,2026-06-04 18:40:19
39.1591150000597,-84.547717,2026-06-04T18:59:46.000,SICK - 26A2 ABNORMAL BP,2026-06-04 18:59:46
39.1094130000598,-84.505305,2026-06-04T19:17:40.000,=EMS - (C),2026-06-04 19:17:40
39.1520290000597,-84.383124,2026-06-04T19:21:12.000,LIFT - 17A4,2026-06-04 19:21:12
39.1131570000598,-84.517519,2026-06-04T19:32:06.000,BREATH - 6D2,2026-06-04 19:32:06
39.1464320000597,-84.568212,2026-06-04T19:35:55.000,BREATH - 6D4 CLAMMY,2026-06-04 19:35:55
39.1109890000598,-84.512283,2026-06-04T19:40:33.000,ARREST - 9E1 NOT BREATHING,2026-06-04 19:40:33
39.1311360000598,-84.597993,2026-06-04T19:44:52.000,SICK - 26C2 ABNORMAL BREATH,2026-06-04 19:44:52
39.1671850000597,-84.388295,2026-06-04T19:46:26.000,FALL - 17B4,2026-06-04 19:46:26
39.0863680000598,-84.382328,2026-06-04T19:46:30.000,ABDOM - 1A1,2026-06-04 19:46:30
39.1391980000598,-84.524052,2026-06-04T19:55:53.000,PERDWN - 32D1 UNKNOWN,2026-06-04 19:55:53
39.1808510000597,-84.51173,2026-06-04T19:59:13.000,FAINT - 31C2,2026-06-04 19:59:13
39.1404270000598,-84.530197,2026-06-04T20:00:24.000,BREATH - 6D2O,2026-06-04 20:00:24
39.1568380000597,-84.595277,2026-06-04T20:10:28.000,SICK - 26C2 ABNORMAL BREATH,2026-06-04 20:10:28
39.2015280000597,-84.564231,2026-06-04T20:13:29.000,BREATH - 6C1,2026-06-04 20:13:29
39.2150300000597,-84.487904,2026-06-04T20:27:12.000,SICK - 26C1 ALTERED LOC,2026-06-04 20:27:12
39.1067300000598,-84.50778,2026-06-04T20:31:50.000,SICK - 26A1,2026-06-04 20:31:50
39.1435990000597,-84.519096,2026-06-04T20:42:12.000,=EMS1 - ALS1 RESPONSE,2026-06-04 20:42:12
39.1256460000598,-84.550436,2026-06-04T20:46:33.000,BREATH - 6C1,2026-06-04 20:46:33
39.1279680000597,-84.488441,2026-06-04T20:56:54.000,SICK - 26C1 ALTERED LOC,2026-06-04 20:56:54
39.1397600000597,-84.495028,2026-06-04T20:57:38.000,BREATH - 6D2E EMPHYSEMA,2026-06-04 20:57:38
39.1042350000598,-84.518719,2026-06-04T21:00:22.000,=EMS2 - ALS2 RESPONSE,2026-06-04 21:00:22
39.1881910000597,-84.576104,2026-06-04T21:10:32.000,FALL - 17B1,2026-06-04 21:10:32
39.1454120000597,-84.424762,2026-06-04T21:11:47.000,LIFT - 53A2M PT 400-700LB,2026-06-04 21:11:47
39.1112830000598,-84.566311,2026-06-04T21:25:45.000,LIFT - 17A4,2026-06-04 21:25:45
39.1313530000597,-84.499305,2026-06-04T21:32:01.000,ARREST - 9E1 NOT BREATHING,2026-06-04 21:32:01
39.1447510000597,-84.496693,2026-06-04T21:45:18.000,BREATH - 6D2,2026-06-04 21:45:18
39.1809360000597,-84.421037,2026-06-04T22:00:29.000,CHESTPN - 10D1 NOT ALERT,2026-06-04 22:00:29
39.1200500000597,-84.546275,2026-06-04T22:11:35.000,DOMINJ - (C) =,2026-06-04 22:11:35
39.1545700000597,-84.483854,2026-06-04T22:12:41.000,FAINT - 31D4 NOT ALERT,2026-06-04 22:12:41
39.0987130000598,-84.511458,2026-06-04T22:16:58.000,EMS,2026-06-04 22:16:58
39.1904120000597,-84.462504,2026-06-04T22:18:25.000,PERDWN - 32D1 UNKNOWN,2026-06-04 22:18:25
39.1195100000597,-84.545145,2026-06-04T22:42:06.000,=EMS1 - ALS1 RESPONSE,2026-06-04 22:42:06
39.1528330000597,-84.385018,2026-06-04T22:56:37.000,SICK - 26A11 VOMITING,2026-06-04 22:56:37
39.0954850000598,-84.378636,2026-06-04T22:58:40.000,SICK - 26A5 GEN WEAKNESS,2026-06-04 22:58:40
39.0826530000598,-84.588422,2026-06-04T23:00:15.000,FALL - 17B1,2026-06-04 23:00:15
39.1439030000597,-84.495658,2026-06-04T23:03:41.000,ASSLTI - (C)(W) =,2026-06-04 23:03:41
39.1949640000597,-84.460134,2026-06-04T23:04:54.000,PERDWN - 32D1 UNKNOWN,2026-06-04 23:04:54
39.1589550000597,-84.432882,2026-06-04T23:11:28.000,PERDWN - 32B1 PT MOV/TALK,2026-06-04 23:11:28
39.1092610000598,-84.577066,2026-06-04T23:13:31.000,OD - 23C8A ACCIDENTAL,2026-06-04 23:13:31
39.1170250000597,-84.586236,2026-06-04T23:25:34.000,BLEED - 21C1 THRU TUBES,2026-06-04 23:25:34
39.1101990000598,-84.515648,2026-06-04T23:43:31.000,ASSLTI - (C) =,2026-06-04 23:43:31
39.2005650000597,-84.517499,2026-06-04T23:59:47.000,STROKE - 28C2 ABNORMAL BREATH,2026-06-04 23:59:47
39.1456890000597,-84.489305,2026-06-05T00:03:16.000,FALL - 17B1,2026-06-05 00:03:16
39.1490730000597,-84.48749,2026-06-05T00:08:44.000,DOMINJ - (C) =,2026-06-05 00:08:44
39.1896730000597,-84.462723,2026-06-05T00:14:59.000,FAINT - 31D3,2026-06-05 00:14:59
39.1497040000597,-84.488246,2026-06-05T00:19:13.000,=EMS - (C),2026-06-05 00:19:13
39.1999180000597,-84.566373,2026-06-05T00:21:19.000,PERDWN - 32B2 MEDICAL ALARM,2026-06-05 00:21:19
39.1113360000598,-84.600852,2026-06-05T00:28:15.000,CHESTPN - 10D1 NOT ALERT,2026-06-05 00:28:15
39.1247670000597,-84.576047,2026-06-05T00:59:00.000,FALL - 17B1,2026-06-05 00:59:00
39.1895740000597,-84.51251,2026-06-05T01:03:17.000,FALL - 17B4,2026-06-05 01:03:17
39.1676370000597,-84.554491,2026-06-05T01:14:16.000,ABDOM - 1A1,2026-06-05 01:14:16
39.1180860000597,-84.516597,2026-06-05T01:36:02.000,BREATH - 6C1E EMPHYSEMA,2026-06-05 01:36:02
39.1268780000597,-84.549009,2026-06-05T01:53:30.000,=EMS - (C),2026-06-05 01:53:30
39.1498980000597,-84.429513,2026-06-05T01:56:44.000,LIFT - 17A4,2026-06-05 01:56:44
39.1506930000598,-84.485221,2026-06-05T02:14:45.000,SICK - 26A4 FEVER,2026-06-05 02:14:45
39.1188240000597,-84.584116,2026-06-05T02:44:20.000,=EMS1 - ALS1 RESPONSE,2026-06-05 02:44:20
39.1839190000597,-84.461485,2026-06-05T02:45:13.000,FAINT - 31D3,2026-06-05 02:45:13
39.1872150000597,-84.406308,2026-06-05T03:04:11.000,SEIZURE - 12A2,2026-06-05 03:04:11
39.1839490000597,-84.5659,2026-06-05T03:29:34.000,ABDOM - 1A2,2026-06-05 03:29:34
39.1071380000598,-84.526673,2026-06-05T03:30:11.000,BREATH - 6D1E NOT ALERT,2026-06-05 03:30:11
39.1348240000597,-84.489507,2026-06-05T03:30:25.000,CHESTPN - 10D4 CLAMMY,2026-06-05 03:30:25
39.1904180000597,-84.458675,2026-06-05T03:41:47.000,PERDWN - 32B2 MEDICAL ALARM,2026-06-05 03:41:47
39.2153100000597,-84.486974,2026-06-05T03:44:58.000,SICK - 26A8 PAIN,2026-06-05 03:44:58
39.1444910000597,-84.510286,2026-06-05T03:45:09.000,ABDOM - 1A1,2026-06-05 03:45:09
39.1111190000597,-84.506362,2026-06-05T04:20:55.000,FALL - 17B1,2026-06-05 04:20:55
39.1928370000597,-84.540182,2026-06-05T04:24:40.000,BREATH - 6D2,2026-06-05 04:24:40
39.1175360000597,-84.517147,2026-06-05T04:33:23.000,BREATH - 6D2E EMPHYSEMA,2026-06-05 04:33:23
39.1409880000597,-84.530123,2026-06-05T04:41:52.000,BREATH - 6C1A ASTHMA,2026-06-05 04:41:52
39.1494820000597,-84.6025,2026-06-05T04:44:05.000,ABDOM - 1C5,2026-06-05 04:44:05
39.1053820000598,-84.515041,2026-06-05T04:49:37.000,BLEED - 21D3 NOT ALERT,2026-06-05 04:49:37
39.1729170000597,-84.431321,2026-06-05T04:58:33.000,BREATH - 6C1O,2026-06-05 04:58:33
39.1394210000597,-84.554795,2026-06-05T05:09:31.000,BREATH - 6C1A ASTHMA,2026-06-05 05:09:31
39.1548290000597,-84.551034,2026-06-05T05:29:53.000,FALL - 17D4 NOT ALERT,2026-06-05 05:29:53
39.1778920000597,-84.439406,2026-06-05T05:58:06.000,FALL - 17B4,2026-06-05 05:58:06
39.0978880000598,-84.52699,2026-06-05T06:32:31.000,SICK - 26A7 IMMOBILE,2026-06-05 06:32:31
39.1318850000597,-84.587484,2026-06-05T06:44:31.000,FAINT - 31D2 ABNORMAL BREATH,2026-06-05 06:44:31
39.1812020000597,-84.510824,2026-06-05T07:09:25.000,EMS,2026-06-05 07:09:25
39.2024900000597,-84.463412,2026-06-05T07:14:27.000,PREG - 24D3 IMMINENT,2026-06-05 07:14:27
39.1446880000597,-84.565584,2026-06-05T07:18:27.000,SICK - 26O9 CUT RING,2026-06-05 07:18:27
39.2033250000597,-84.458076,2026-06-05T07:19:58.000,FALL - 17A2,2026-06-05 07:19:58
39.1665640000597,-84.480452,2026-06-05T07:22:25.000,FALL - 17D4 NOT ALERT,2026-06-05 07:22:25
39.1285680000598,-84.485798,2026-06-05T07:39:32.000,CHESTPN - 10D1 NOT ALERT,2026-06-05 07:39:32
39.1403580000597,-84.438952,2026-06-05T07:55:43.000,CHESTPN - 10D4 CLAMMY,2026-06-05 07:55:43
39.1364220000597,-84.595996,2026-06-05T08:06:24.000,BREATH - 6C1,2026-06-05 08:06:24
39.1664030000597,-84.549414,2026-06-05T08:08:14.000,BREATH - 6D1 NOT ALERT,2026-06-05 08:08:14
39.1602330000597,-84.407246,2026-06-05T08:11:01.000,CHESTPN - 10D4 CLAMMY,2026-06-05 08:11:01
39.1286940000597,-84.570548,2026-06-05T08:50:24.000,BREATH - 6D2A ASTHMA,2026-06-05 08:50:24
39.1276520000598,-84.485679,2026-06-05T08:52:45.000,BREATH - 6C1,2026-06-05 08:52:45
39.1028520000598,-84.50909,2026-06-05T08:58:55.000,FAINT - 31D4 NOT ALERT,2026-06-05 08:58:55
39.1385000000597,-84.5533,2026-06-05T09:02:31.000,BREATH - 6D2A ASTHMA,2026-06-05 09:02:31
39.1232320000598,-84.522793,2026-06-05T09:23:10.000,CHESTPN - 10D5 CARDIAC HX,2026-06-05 09:23:10
39.1323310000598,-84.603339,2026-06-05T09:37:38.000,FAINT - 31D2 ABNORMAL BREATH,2026-06-05 09:37:38
39.1569880000597,-84.485688,2026-06-05T09:39:21.000,SEIZURE - 12D4,2026-06-05 09:39:21
39.1019930000598,-84.529216,2026-06-05T09:47:26.000,EMS,2026-06-05 09:47:26
39.2162830000597,-84.486635,2026-06-05T09:51:45.000,SICK - 26C1 ALTERED LOC,2026-06-05 09:51:45
39.1873450000597,-84.40652,2026-06-05T09:58:52.000,PERDWN - 32B1 PT MOV/TALK,2026-06-05 09:58:52
39.1151040000598,-84.519836,2026-06-05T10:01:56.000,BLEED - 21B2 SERIOUS,2026-06-05 10:01:56
39.1172820000598,-84.535312,2026-06-05T10:26:52.000,BREATH - 6D2,2026-06-05 10:26:52
39.2119250000597,-84.466436,2026-06-05T10:35:18.000,PERDWN - 32D1 UNKNOWN,2026-06-05 10:35:18
39.0866280000598,-84.387698,2026-06-05T10:42:37.000,TRAP - 22D1 NON-MVA,2026-06-05 10:42:37
39.1575120000597,-84.562492,2026-06-05T10:43:49.000,DOMINJ - (C) =,2026-06-05 10:43:49
39.1462330000597,-84.468056,2026-06-05T10:47:05.000,BREATH - 6D2,2026-06-05 10:47:05
39.1566370000598,-84.520332,2026-06-05T10:55:02.000,SICK - 26A8 PAIN,2026-06-05 10:55:02
39.1249770000597,-84.574897,2026-06-05T10:58:10.000,FAINT - 31D2 ABNORMAL BREATH,2026-06-05 10:58:10
39.1616530000597,-84.406486,2026-06-05T10:58:50.000,CHESTPN - 10D5 CARDIAC HX,2026-06-05 10:58:50
39.1365710000597,-84.504992,2026-06-05T11:04:11.000,FAINT - 31D4 NOT ALERT,2026-06-05 11:04:11
39.0993830000598,-84.503903,2026-06-05T11:05:30.000,PERDWN - 32D1 UNKNOWN,2026-06-05 11:05:30
39.0984080000598,-84.505255,2026-06-05T11:12:02.000,PERDWN - 32D1 UNKNOWN,2026-06-05 11:12:02
39.1552710000597,-84.551053,2026-06-05T11:12:14.000,PERDWN - 32D1 UNKNOWN,2026-06-05 11:12:14
39.1738360000597,-84.430946,2026-06-05T11:19:27.000,BREATH - 6C1,2026-06-05 11:19:27
39.0886240000598,-84.567593,2026-06-05T11:26:51.000,EMS,2026-06-05 11:26:51
39.1451280000597,-84.623999,2026-06-05T11:30:17.000,PERDWN - 32D1 UNKNOWN,2026-06-05 11:30:17
39.2015600000597,-84.544309,2026-06-05T11:35:11.000,SICK - 26D1 NOT ALERT,2026-06-05 11:35:11
39.1009770000598,-84.509788,2026-06-05T11:43:47.000,PERDWN - 32B1 PT MOV/TALK,2026-06-05 11:43:47
39.1344110000597,-84.472316,2026-06-05T11:55:53.000,SICK - 26A8 PAIN,2026-06-05 11:55:53
39.1502400000597,-84.482141,2026-06-05T12:06:12.000,SICK - 26C1 ALTERED LOC,2026-06-05 12:06:12
39.1073580000598,-84.517195,2026-06-05T12:08:59.000,BLEED - 21D5 ABNORMAL BREATH,2026-06-05 12:08:59
39.1413720000598,-84.493035,2026-06-05T12:31:14.000,BLEED - 21B4 BLOOD THINNERS,2026-06-05 12:31:14
39.1524390000597,-84.533628,2026-06-05T12:40:29.000,STROKE - 28C12,2026-06-05 12:40:29
39.1109720000598,-84.580673,2026-06-05T12:47:56.000,SICK - 26O5 URINARY,2026-06-05 12:47:56
39.1456760000597,-84.467639,2026-06-05T12:50:01.000,FALL - 17B4,2026-06-05 12:50:01
39.1715940000597,-84.469392,2026-06-05T12:52:12.000,SEIZURE - 12D2 MULTIPLE,2026-06-05 12:52:12
39.1016420000598,-84.573461,2026-06-05T13:06:29.000,FAINT - 31D2 ABNORMAL BREATH,2026-06-05 13:06:29
39.1474290000597,-84.426969,2026-06-05T13:24:41.000,FALL - 17B1,2026-06-05 13:24:41
39.1611590000597,-84.540522,2026-06-05T13:29:26.000,CHESTPN - 10D5 CARDIAC HX,2026-06-05 13:29:26
39.1138540000598,-84.513988,2026-06-05T13:35:14.000,EMS - (C) =,2026-06-05 13:35:14
39.1347640000597,-84.499551,2026-06-05T13:48:45.000,FAINT - 31D4 NOT ALERT,2026-06-05 13:48:45
39.1274030000598,-84.560338,2026-06-05T13:52:44.000,EMS,2026-06-05 13:52:44
39.1836520000597,-84.562509,2026-06-05T13:55:28.000,DOMINJ - (C)(W) =,2026-06-05 13:55:28
39.1073700000598,-84.50815,2026-06-05T13:58:50.000,SICK - 26B1,2026-06-05 13:58:50
39.1536740000597,-84.482467,2026-06-05T14:01:34.000,FALL - 17B1,2026-06-05 14:01:34
39.1562590000597,-84.560936,2026-06-05T14:01:55.000,DOMINJ - (C) =,2026-06-05 14:01:55
39.1639940000597,-84.390013,2026-06-05T14:13:12.000,EMS,2026-06-05 14:13:12
39.1228010000598,-84.493218,2026-06-05T14:13:38.000,STROKE - 28C6 LOSS OF BALANCE,2026-06-05 14:13:38
39.1577580000597,-84.486018,2026-06-05T14:16:48.000,SEIZURE - 12D4,2026-06-05 14:16:48
39.1293980000597,-84.484375,2026-06-05T14:22:50.000,FALL - 17A2,2026-06-05 14:22:50
39.1514600000597,-84.52118,2026-06-05T14:26:25.000,FALL - 17D6 LONG,2026-06-05 14:26:25
39.1670850000597,-84.387125,2026-06-05T14:33:55.000,LIFT - 17A4,2026-06-05 14:33:55
39.1368630000597,-84.486074,2026-06-05T14:34:13.000,SEIZURE - 12C4,2026-06-05 14:34:13
39.1143140000598,-84.516696,2026-06-05T14:36:05.000,=PERDWN,2026-06-05 14:36:05
39.1048050000598,-84.551955,2026-06-05T14:38:49.000,BREATH - 6D2A ASTHMA,2026-06-05 14:38:49
39.1665750000597,-84.387195,2026-06-05T14:46:18.000,=EMS1 - ALS1 RESPONSE,2026-06-05 14:46:18
39.1503750000597,-84.490906,2026-06-05T14:54:26.000,SEIZURE - 12A1,2026-06-05 14:54:26
39.1088650000598,-84.517964,2026-06-05T15:07:27.000,=EMS - (C),2026-06-05 15:07:27
39.1340040000597,-84.500101,2026-06-05T15:08:10.000,PERDWN - 32D1 UNKNOWN,2026-06-05 15:08:10
39.1107250000598,-84.516544,2026-06-05T15:08:23.000,EMS,2026-06-05 15:08:23
39.1614290000597,-84.541692,2026-06-05T15:15:58.000,PERDWN - 32B2 MEDICAL ALARM,2026-06-05 15:15:58
39.1352310000597,-84.537219,2026-06-05T15:19:14.000,PERDWN - 32D1 UNKNOWN,2026-06-05 15:19:14
39.1807530000597,-84.512511,2026-06-05T15:27:52.000,BLEED - 21B1 DANGEROUS,2026-06-05 15:27:52
39.1662110000597,-84.406492,2026-06-05T15:29:00.000,FALL - 17A2,2026-06-05 15:29:00
39.1412340000597,-84.619882,2026-06-05T15:29:05.000,CHESTPN - 10D4 CLAMMY,2026-06-05 15:29:05
39.1823990000597,-84.510948,2026-06-05T15:33:27.000,SICK - 26A11 VOMITING,2026-06-05 15:33:27
39.1016850000598,-84.511238,2026-06-05T15:41:29.000,=EMS - (C),2026-06-05 15:41:29
39.1416750000597,-84.464776,2026-06-05T15:45:01.000,BREATH - 6D1E NOT ALERT,2026-06-05 15:45:01
39.1459290000598,-84.583875,2026-06-05T15:51:57.000,SICK - 26C2 ABNORMAL BREATH,2026-06-05 15:51:57
39.1407240000597,-84.620802,2026-06-05T15:55:12.000,FAINT - 31D2 ABNORMAL BREATH,2026-06-05 15:55:12
39.1916740000597,-84.567541,2026-06-05T16:10:52.000,FAINT - 31C1 ABNORMAL BREATH,2026-06-05 16:10:52
39.1435820000598,-84.496719,2026-06-05T16:14:14.000,PERDWN - 32D1 UNKNOWN,2026-06-05 16:14:14
39.1597710000597,-84.395724,2026-06-05T16:25:32.000,CHESTPN - 10C1 ABNORMAL BREATH,2026-06-05 16:25:32
39.1654460000597,-84.396419,2026-06-05T16:38:44.000,FAINT - 31A3,2026-06-05 16:38:44
39.1356540000598,-84.530333,2026-06-05T16:43:23.000,SEIZURE - 12D2 MULTIPLE,2026-06-05 16:43:23
39.1381590000597,-84.476258,2026-06-05T16:50:45.000,FAINT - 31C1 ABNORMAL BREATH,2026-06-05 16:50:45
39.1498530000597,-84.605473,2026-06-05T16:55:22.000,BREATH - 6D2,2026-06-05 16:55:22
39.1434570000598,-84.509378,2026-06-05T16:56:56.000,PERDWN - 32B1 PT MOV/TALK,2026-06-05 16:56:56
39.1950650000597,-84.48003,2026-06-05T17:13:51.000,FAINT - 31D4 NOT ALERT,2026-06-05 17:13:51
39.1241440000598,-84.57831,2026-06-05T17:16:53.000,DIABETIC - 13C1 NOT ALERT,2026-06-05 17:16:53
39.1078200000598,-84.50921,2026-06-05T17:22:39.000,SICK - 26A1,2026-06-05 17:22:39
39.1436850000597,-84.505519,2026-06-05T17:37:27.000,SICK - 26A8 PAIN,2026-06-05 17:37:27
39.1436770000597,-84.469237,2026-06-05T17:59:43.000,PERDWN - 32D1 UNKNOWN,2026-06-05 17:59:43
39.1319170000597,-84.56965,2026-06-05T18:08:35.000,FALL - 17B5 NON-RECENT,2026-06-05 18:08:35
39.1872550000597,-84.545972,2026-06-05T18:23:55.000,CHESTPN - 10D2 DIFF SPEAKING,2026-06-05 18:23:55
39.1014830000598,-84.513048,2026-06-05T18:25:26.000,=EMS1 - ALS1 RESPONSE,2026-06-05 18:25:26
39.2082720000597,-84.552544,2026-06-05T18:41:00.000,SEIZURE - 12D2 MULTIPLE,2026-06-05 18:41:00
39.2039520000597,-84.455181,2026-06-05T18:41:29.000,EMS - (C) =,2026-06-05 18:41:29
39.1189630000598,-84.506057,2026-06-05T18:42:31.000,FALL - 17A2,2026-06-05 18:42:31
39.1828820000597,-84.411283,2026-06-05T18:45:18.000,CHESTPN - 10C1 ABNORMAL BREATH,2026-06-05 18:45:18
39.1905800000597,-84.518569,2026-06-05T18:48:57.000,SICK - 26C2 ABNORMAL BREATH,2026-06-05 18:48:57
39.1106820000598,-84.513725,2026-06-05T18:49:11.000,FAINT - 31D4 NOT ALERT,2026-06-05 18:49:11
39.1440180000598,-84.470114,2026-06-05T18:49:52.000,SICK - 26A8 PAIN,2026-06-05 18:49:52
39.1216740000597,-84.504266,2026-06-05T18:50:21.000,ASSLTI - (C) =,2026-06-05 18:50:21
39.1100720000598,-84.514615,2026-06-05T18:50:36.000,SEIZURE - 12D2 MULTIPLE,2026-06-05 18:50:36
39.1404710000598,-84.595801,2026-06-05T18:51:14.000,SICK - 26A11 VOMITING,2026-06-05 18:51:14
39.1724650000597,-84.509621,2026-06-05T19:05:41.000,CHESTPN - 10D4 CLAMMY,2026-06-05 19:05:41
39.1076800000598,-84.50788,2026-06-05T19:15:02.000,SICK - 26B1,2026-06-05 19:15:02
39.1737310000597,-84.412681,2026-06-05T19:18:26.000,OD - (C) 23O1 ACCIDENTAL,2026-06-05 19:18:26
39.1678450000597,-84.388125,2026-06-05T19:25:24.000,FALL - 17B1,2026-06-05 19:25:24
39.1317840000597,-84.554074,2026-06-05T19:30:42.000,SEIZURE - 12D4,2026-06-05 19:30:42
39.1476350000598,-84.559618,2026-06-05T19:54:12.000,DIABETIC - 13C1 NOT ALERT,2026-06-05 19:54:12
39.1497330000597,-84.48681,2026-06-05T19:56:09.000,BLEED - 21A1,2026-06-05 19:56:09
39.1462730000597,-84.467596,2026-06-05T20:06:37.000,BREATH - 6D2O,2026-06-05 20:06:37
39.1259800000597,-84.488015,2026-06-05T20:07:54.000,=EMS2 - ALS2 RESPONSE,2026-06-05 20:07:54
39.1791930000597,-84.512561,2026-06-05T20:10:33.000,SICK - 26C2 ABNORMAL BREATH,2026-06-05 20:10:33
39.1621190000597,-84.540202,2026-06-05T20:11:53.000,DIABETIC - 13C3,2026-06-05 20:11:53
39.1102410000598,-84.567778,2026-06-05T20:14:36.000,BREATH - 6C1,2026-06-05 20:14:36
39.1002410000597,-84.507497,2026-06-05T20:16:17.000,PERDWN - 32B2 MEDICAL ALARM,2026-06-05 20:16:17
39.1163880000598,-84.519366,2026-06-05T20:17:09.000,SEIZURE - 12D2 MULTIPLE,2026-06-05 20:17:09
39.1162180000598,-84.518666,2026-06-05T20:17:28.000,SEIZURE - 12D2 MULTIPLE,2026-06-05 20:17:28
39.1311360000598,-84.611082,2026-06-05T20:33:04.000,=PERDWN,2026-06-05 20:33:04
39.2147560000597,-84.484317,2026-06-05T20:36:06.000,SICK - 26C2 ABNORMAL BREATH,2026-06-05 20:36:06
39.1369750000598,-84.593909,2026-06-05T20:37:29.000,FALL - 17D4 NOT ALERT,2026-06-05 20:37:29
39.1094240000598,-84.528476,2026-06-05T20:42:49.000,SEIZURE - 12A1,2026-06-05 20:42:49
39.1823080000597,-84.478926,2026-06-05T20:45:03.000,FALL - 17D3 UNCONSIOUS,2026-06-05 20:45:03
39.1408300000597,-84.497975,2026-06-05T20:48:25.000,=ASSLTI - (C),2026-06-05 20:48:25
39.1764910000597,-84.508607,2026-06-05T21:04:44.000,EYEPRB - 16A1 MODERATE,2026-06-05 21:04:44
39.1833360000597,-84.564489,2026-06-05T21:15:52.000,OD - (C) 23O1 ACCIDENTAL,2026-06-05 21:15:52
39.1037010000598,-84.511537,2026-06-05T21:19:51.000,PERDWN - 32D1 UNKNOWN,2026-06-05 21:19:51
39.2013100000597,-84.457898,2026-06-05T21:20:45.000,PERDWN - 32D1 UNKNOWN,2026-06-05 21:20:45
39.1459530000598,-84.494874,2026-06-05T21:21:49.000,BREATH - 6D1O NOT ALERT,2026-06-05 21:21:49
39.1084940000598,-84.524877,2026-06-05T21:24:03.000,LIFT - 53B6,2026-06-05 21:24:03
39.0797590000598,-84.628432,2026-06-05T21:43:05.000,FALL - 17D4 NOT ALERT,2026-06-05 21:43:05
39.1251780000598,-84.474979,2026-06-05T22:16:16.000,BREATH - 6D2,2026-06-05 22:16:16
39.1297460000598,-84.599213,2026-06-05T22:26:11.000,FALL - 17A3 NON RECENT,2026-06-05 22:26:11
39.1465620000597,-84.424412,2026-06-05T22:32:34.000,SICK - 26A1,2026-06-05 22:32:34
39.1430660000597,-84.489566,2026-06-05T22:34:50.000,BLEED - 21D3 NOT ALERT,2026-06-05 22:34:50
39.1742730000597,-84.472636,2026-06-05T22:37:53.000,SICK - 26C2 ABNORMAL BREATH,2026-06-05 22:37:53
39.1250610000597,-84.502607,2026-06-05T22:47:34.000,ASSLTI - (C)(W) =,2026-06-05 22:47:34
39.1332790000597,-84.489528,2026-06-05T23:07:54.000,BLEED - 21D4 DANGEROUS BLEED,2026-06-05 23:07:54
39.2117470000597,-84.470688,2026-06-05T23:14:11.000,PERDWN - 32D1 UNKNOWN,2026-06-05 23:14:11
39.1078440000598,-84.527718,2026-06-05T23:19:15.000,CHESTPN - 10C1 ABNORMAL BREATH,2026-06-05 23:19:15
39.1279530000598,-84.560138,2026-06-05T23:27:29.000,FALL - 17B1,2026-06-05 23:27:29
39.1336870000598,-84.557999,2026-06-05T23:52:12.000,BURN - 7C3 LARGE AREA,2026-06-05 23:52:12
39.1330160000597,-84.493999,2026-06-05T23:59:37.000,ACCI - (C) 77D9 UNSTABLE VEH,2026-06-05 23:59:37
39.0980380000598,-84.52663,2026-06-06T00:07:17.000,DIABETIC - 13A1,2026-06-06 00:07:17
39.1203090000598,-84.600192,2026-06-06T00:37:42.000,SICK - 26A8 PAIN,2026-06-06 00:37:42
39.1127060000598,-84.517999,2026-06-06T01:00:43.000,OD - (C) 23D2A ACCIDENTAL,2026-06-06 01:00:43
39.1290840000598,-84.430845,2026-06-06T01:05:40.000,FAINT - 31D3,2026-06-06 01:05:40
39.1069330000598,-84.530707,2026-06-06T01:06:16.000,BREATH - 6D2A ASTHMA,2026-06-06 01:06:16
39.1145030000598,-84.585736,2026-06-06T01:09:06.000,ASSLTI - (C) =,2026-06-06 01:09:06
39.1285760000597,-84.594088,2026-06-06T01:13:49.000,BREATH - 6D2E EMPHYSEMA,2026-06-06 01:13:49
39.1731370000597,-84.431231,2026-06-06T01:21:43.000,SICK - 26O26 SORE THROAT,2026-06-06 01:21:43
39.2027780000597,-84.462054,2026-06-06T01:27:33.000,LIFT - 17A4,2026-06-06 01:27:33
39.1279680000598,-84.580847,2026-06-06T01:28:49.000,FAINT - 31D4 NOT ALERT,2026-06-06 01:28:49
39.1669550000597,-84.388105,2026-06-06T01:31:34.000,FALL - 17B4,2026-06-06 01:31:34
39.1090640000598,-84.527906,2026-06-06T01:45:30.000,CHESTPN - 10C1 ABNORMAL BREATH,2026-06-06 01:45:30
39.1046610000598,-84.521215,2026-06-06T01:46:43.000,SICK - 26A8 PAIN,2026-06-06 01:46:43
39.1011900000598,-84.512911,2026-06-06T01:54:53.000,SICK - 26C1 ALTERED LOC,2026-06-06 01:54:53
39.1264510000597,-84.501563,2026-06-06T02:12:33.000,ASSLTI - (C)(W) =,2026-06-06 02:12:33
39.1109990000597,-84.492762,2026-06-06T02:51:09.000,BREATH - 6D1 NOT ALERT,2026-06-06 02:51:09
39.1309640000598,-84.522884,2026-06-06T02:57:06.000,SICK - 26A11 VOMITING,2026-06-06 02:57:06
39.1527880000597,-84.507745,2026-06-06T03:02:18.000,SICK - 26A7 IMMOBILE,2026-06-06 03:02:18
39.1122820000598,-84.512719,2026-06-06T03:16:28.000,PERDWN - 32D1 UNKNOWN,2026-06-06 03:16:28
39.1898250000597,-84.512956,2026-06-06T03:17:29.000,HEADACHE - 18C2 ABNORM BREATH,2026-06-06 03:17:29
39.1268980000597,-84.48509,2026-06-06T03:38:25.000,ASSLTI - (C) =,2026-06-06 03:38:25
39.1446950000598,-84.535191,2026-06-06T03:45:01.000,=EMS - (C),2026-06-06 03:45:01
39.0993110000598,-84.508419,2026-06-06T04:02:00.000,ASSLTI - (C) =,2026-06-06 04:02:00
39.1356600000598,-84.476543,2026-06-06T04:12:38.000,CHESTPN - 10D1 NOT ALERT,2026-06-06 04:12:38
39.1131610000598,-84.568229,2026-06-06T04:29:07.000,DOMINJ - (C)(W) =,2026-06-06 04:29:07
39.1902580000597,-84.459825,2026-06-06T04:31:07.000,CHESTPN - 10A1,2026-06-06 04:31:07
39.0993010000598,-84.509019,2026-06-06T04:39:17.000,=EMS - (C),2026-06-06 04:39:17
39.1084950000598,-84.505563,2026-06-06T04:57:16.000,FALL - 17D5 SOB,2026-06-06 04:57:16
39.2158500000597,-84.487414,2026-06-06T05:02:12.000,CHESTPN - 10C3,2026-06-06 05:02:12
39.1127200000598,-84.527599,2026-06-06T05:20:40.000,SICK - 26A1,2026-06-06 05:20:40
39.1086840000598,-84.529316,2026-06-06T05:24:03.000,ABDOM - 1A1,2026-06-06 05:24:03
39.1048730000598,-84.511935,2026-06-06T05:32:23.000,FALL - 17B4,2026-06-06 05:32:23
39.1820840000597,-84.510672,2026-06-06T05:43:23.000,EYEPRB - 16A1 MODERATE,2026-06-06 05:43:23
39.1596630000597,-84.395414,2026-06-06T05:52:42.000,BREATH - 6D2,2026-06-06 05:52:42
39.1167920000597,-84.582971,2026-06-06T06:14:03.000,FALL - 17B4,2026-06-06 06:14:03
39.1992700000597,-84.45445,2026-06-06T06:30:29.000,PERDWN - 32D1 UNKNOWN,2026-06-06 06:30:29
39.1490840000597,-84.489657,2026-06-06T06:33:40.000,CHESTPN - 10D5 CARDIAC HX,2026-06-06 06:33:40
39.1568280000597,-84.55994,2026-06-06T06:53:57.000,STROKE - 28C11F CLEAR EVIDENCE,2026-06-06 06:53:57
39.1157600000598,-84.57526,2026-06-06T07:03:27.000,BREATH - 6D2A ASTHMA,2026-06-06 07:03:27
39.1338140000597,-84.588487,2026-06-06T07:16:46.000,SICK - 26D1 NOT ALERT,2026-06-06 07:16:46
39.1611890000597,-84.381603,2026-06-06T07:22:52.000,FALL - 17B4,2026-06-06 07:22:52
39.1563610000597,-84.526722,2026-06-06T07:41:01.000,BREATH - 6D2O,2026-06-06 07:41:01
39.0985850000598,-84.501692,2026-06-06T07:57:52.000,SEIZURE - 12A2,2026-06-06 07:57:52
39.1097740000598,-84.528036,2026-06-06T08:09:25.000,BREATH - 6D2,2026-06-06 08:09:25
39.1103180000598,-84.590679,2026-06-06T08:14:44.000,BLEED - 21A1,2026-06-06 08:14:44
39.1339300000598,-84.571023,2026-06-06T08:25:05.000,CHESTPN - 10D4 CLAMMY,2026-06-06 08:25:05
39.1730070000597,-84.431911,2026-06-06T08:53:56.000,FAINT - 31D3,2026-06-06 08:53:56
39.1579990000597,-84.52633,2026-06-06T08:59:40.000,CHESTPN - 10D5 CARDIAC HX,2026-06-06 08:59:40
39.1204720000598,-84.537069,2026-06-06T09:20:14.000,PERDWN - 32D1 UNKNOWN,2026-06-06 09:20:14
39.1424500000597,-84.497765,2026-06-06T09:34:51.000,CHESTPN - 10D4 CLAMMY,2026-06-06 09:34:51
39.1603860000597,-84.388929,2026-06-06T09:37:08.000,BREATH - 6C1,2026-06-06 09:37:08
39.1273030000598,-84.559658,2026-06-06T10:02:57.000,SICK - 26A8 PAIN,2026-06-06 10:02:57
39.1485740000597,-84.583265,2026-06-06T10:27:55.000,FAINT - 31D4 NOT ALERT,2026-06-06 10:27:55
39.1602130000597,-84.407656,2026-06-06T10:38:30.000,FALL - 17D4 NOT ALERT,2026-06-06 10:38:30
39.1614720000597,-84.507648,2026-06-06T10:47:42.000,PERDWN - 32D1 UNKNOWN,2026-06-06 10:47:42
39.1438440000597,-84.578279,2026-06-06T11:22:23.000,SEIZURE - 12B1,2026-06-06 11:22:23
39.1817560000597,-84.406053,2026-06-06T11:27:44.000,ASSLTI - (C) =,2026-06-06 11:27:44
39.1067480000598,-84.581723,2026-06-06T11:35:40.000,"OD - (C) 23E1A ARREST, ACC",2026-06-06 11:35:40
39.1372850000597,-84.476468,2026-06-06T11:47:00.000,BURN - 7A3 MINOR,2026-06-06 11:47:00
39.1440830000597,-84.580408,2026-06-06T11:50:58.000,EMS,2026-06-06 11:50:58
39.1244330000598,-84.502077,2026-06-06T11:56:53.000,SICK - 26A8 PAIN,2026-06-06 11:56:53
39.1211510000598,-84.528611,2026-06-06T12:07:17.000,FALL - 17A2,2026-06-06 12:07:17
39.1653980000597,-84.553243,2026-06-06T12:20:10.000,ALRGY - 2C1 DIFF BREATHING,2026-06-06 12:20:10
39.1436290000597,-84.523243,2026-06-06T12:44:44.000,ABDOM - 1A1,2026-06-06 12:44:44
39.1215200000597,-84.494519,2026-06-06T12:45:48.000,SICK - 26C2 ABNORMAL BREATH,2026-06-06 12:45:48
39.1397750000597,-84.612573,2026-06-06T12:51:58.000,311 TRANSFER FOR EMS,2026-06-06 12:51:58
39.1880770000597,-84.51305,2026-06-06T13:09:37.000,SICK - 26A1,2026-06-06 13:09:37
39.1130080000597,-84.575238,2026-06-06T13:11:32.000,PERDWN - 32D1 UNKNOWN,2026-06-06 13:11:32
39.1462660000597,-84.56793,2026-06-06T13:17:11.000,BREATH - 6D1 NOT ALERT,2026-06-06 13:17:11
39.1764220000597,-84.487889,2026-06-06T13:18:13.000,FAINT - 31A1,2026-06-06 13:18:13
39.1363060000597,-84.531293,2026-06-06T13:43:25.000,INJF - 30D4 DIFF BREATHING,2026-06-06 13:43:25
39.2126820000597,-84.535907,2026-06-06T13:45:56.000,SICK - 26D1 NOT ALERT,2026-06-06 13:45:56
39.2053340000597,-84.45977,2026-06-06T13:48:45.000,SICK - 26A10 UNWELL,2026-06-06 13:48:45
39.1599640000597,-84.40662,2026-06-06T13:54:52.000,OD - 23C9 POISON CONTROL,2026-06-06 13:54:52
39.1578640000598,-84.561353,2026-06-06T13:57:16.000,DOMINJ - (C) =,2026-06-06 13:57:16
39.1980990000597,-84.550796,2026-06-06T14:04:58.000,BREATH - 6D2A ASTHMA,2026-06-06 14:04:58
39.1773460000597,-84.477314,2026-06-06T14:20:07.000,BLEED - 21D5 ABNORMAL BREATH,2026-06-06 14:20:07
39.1260350000598,-84.494768,2026-06-06T14:28:08.000,PERDWN - 32B2 MEDICAL ALARM,2026-06-06 14:28:08
39.1981950000597,-84.463541,2026-06-06T14:28:57.000,FALL - 17B1,2026-06-06 14:28:57
39.1579900000597,-84.47847,2026-06-06T14:29:09.000,ASSLTI - (C)(W) =,2026-06-06 14:29:09
39.1109500000598,-84.588236,2026-06-06T14:34:22.000,FALL - 17D4 NOT ALERT,2026-06-06 14:34:22
39.1490000000598,-84.49577,2026-06-06T14:43:57.000,LIFT - 17A4,2026-06-06 14:43:57
39.0867840000598,-84.383068,2026-06-06T14:49:08.000,CHESTPN - 10C3,2026-06-06 14:49:08
39.0987130000598,-84.510948,2026-06-06T14:49:39.000,=EMS - (C),2026-06-06 14:49:39
39.1126800000598,-84.587347,2026-06-06T14:59:43.000,ABDOM - 1A1,2026-06-06 14:59:43
39.1306930000597,-84.528278,2026-06-06T15:17:29.000,PERDWN - 32B3 UNKNOWN,2026-06-06 15:17:29
39.1439590000598,-84.620593,2026-06-06T15:18:39.000,SICK - 26A2 ABNORMAL BP,2026-06-06 15:18:39
39.1493190000597,-84.408536,2026-06-06T15:20:57.000,FALL - 17B4,2026-06-06 15:20:57
39.0753080000598,-84.410413,2026-06-06T15:28:32.000,BLEED - 21D4 DANGEROUS BLEED,2026-06-06 15:28:32
39.1338650000598,-84.610993,2026-06-06T15:45:03.000,BREATH - 6D4A ASTHMA,2026-06-06 15:45:03
39.1866260000597,-84.549587,2026-06-06T15:51:17.000,FALL - 17D4 NOT ALERT,2026-06-06 15:51:17
39.2149320000597,-84.531516,2026-06-06T15:53:48.000,BREATH - 6D4 CLAMMY,2026-06-06 15:53:48
39.1074690000598,-84.511389,2026-06-06T16:03:12.000,PERDWN - 32D1 UNKNOWN,2026-06-06 16:03:12
39.1067940000598,-84.687279,2026-06-06T16:07:40.000,PERDWN - 32D1 UNKNOWN,2026-06-06 16:07:40
39.1828390000597,-84.565093,2026-06-06T16:17:23.000,FAINT - 31D3,2026-06-06 16:17:23
39.1367090000597,-84.53739,2026-06-06T16:27:54.000,FAINT - 31D2 ABNORMAL BREATH,2026-06-06 16:27:54
39.1544600000597,-84.430747,2026-06-06T16:34:43.000,FAINT - 31A2,2026-06-06 16:34:43
39.1567260000597,-84.552581,2026-06-06T16:39:51.000,SICK - 26A8 PAIN,2026-06-06 16:39:51
39.1360470000597,-84.520024,2026-06-06T16:46:15.000,PERDWN - 32D1 UNKNOWN,2026-06-06 16:46:15
39.1782860000597,-84.546186,2026-06-06T16:57:57.000,SEIZURE - 12D4,2026-06-06 16:57:57
39.1795860000597,-84.545306,2026-06-06T16:58:29.000,SEIZURE - 12D4,2026-06-06 16:58:29
39.1369730000598,-84.459845,2026-06-06T17:18:51.000,SICK - 26A4 FEVER,2026-06-06 17:18:51
39.1344210000598,-84.500886,2026-06-06T17:19:23.000,SICK - 26D1 NOT ALERT,2026-06-06 17:19:23
39.1083120000597,-84.562705,2026-06-06T17:29:16.000,FALL - 17B2 SERIOUS BLEEDING,2026-06-06 17:29:16
39.1758200000597,-84.469586,2026-06-06T17:33:06.000,ASSLTI - (C) =,2026-06-06 17:33:06
39.1057920000598,-84.513587,2026-06-06T17:37:36.000,SICK - 26D1 NOT ALERT,2026-06-06 17:37:36
39.1380910000598,-84.576248,2026-06-06T17:40:35.000,DOMINJ - (C) =,2026-06-06 17:40:35
39.1615230000598,-84.421157,2026-06-06T17:42:37.000,BREATH - 6D2O,2026-06-06 17:42:37
39.1614260000597,-84.601881,2026-06-06T17:47:43.000,INVEST - 69D5O ODOR OF SMOKE,2026-06-06 17:47:43
39.1587830000597,-84.504002,2026-06-06T17:48:53.000,CHESTPN - 10D4 CLAMMY,2026-06-06 17:48:53
39.1096240000597,-84.570853,2026-06-06T17:52:41.000,FAINT - 31D4 NOT ALERT,2026-06-06 17:52:41
39.1381110000598,-84.577818,2026-06-06T17:57:28.000,=EMS1 - ALS1 RESPONSE,2026-06-06 17:57:28
39.1609720000597,-84.535959,2026-06-06T17:59:05.000,FALL - 17B4,2026-06-06 17:59:05
39.1061840000598,-84.556671,2026-06-06T18:11:46.000,FAINT - 31D3,2026-06-06 18:11:46
39.1494500000597,-84.49006,2026-06-06T18:13:42.000,"OD - (C) 23C4A COCAINE, ACC",2026-06-06 18:13:42
39.1069440000598,-84.511521,2026-06-06T18:19:23.000,SICK - 26D1 NOT ALERT,2026-06-06 18:19:23
39.1064340000598,-84.511611,2026-06-06T18:21:19.000,SICK - 26A1,2026-06-06 18:21:19
39.1629460000597,-84.535579,2026-06-06T18:36:37.000,FALL - 17B1,2026-06-06 18:36:37
39.1428730000597,-84.501918,2026-06-06T18:44:14.000,BREATH - 6D2A ASTHMA,2026-06-06 18:44:14
39.1043690000598,-84.511525,2026-06-06T18:48:25.000,SICK - 26A10 UNWELL,2026-06-06 18:48:25
39.1231920000598,-84.488206,2026-06-06T19:00:41.000,FAINT - 31C1 ABNORMAL BREATH,2026-06-06 19:00:41
39.1431600000598,-84.504984,2026-06-06T19:33:58.000,SICK - 26A1,2026-06-06 19:33:58
39.1536140000597,-84.56188,2026-06-06T19:39:56.000,EYEPRB - 16A1 MODERATE,2026-06-06 19:39:56
39.1490190000597,-84.508063,2026-06-06T19:41:30.000,PERDWN - 32B2 MEDICAL ALARM,2026-06-06 19:41:30
39.1361710000597,-84.445761,2026-06-06T19:43:33.000,LIFT - 17A4,2026-06-06 19:43:33
39.1291840000598,-84.535546,2026-06-06T19:45:33.000,FAINT - 31D4 NOT ALERT,2026-06-06 19:45:33
39.1261230000598,-84.560998,2026-06-06T19:46:04.000,BREATH - 6C1O,2026-06-06 19:46:04
39.1296360000598,-84.597953,2026-06-06T20:00:20.000,FAINT - 31D3,2026-06-06 20:00:20
39.1113980000598,-84.576607,2026-06-06T20:02:47.000,DIABETIC - 13A1,2026-06-06 20:02:47
39.1107910000598,-84.51376,2026-06-06T20:11:54.000,FAINT - 31D4 NOT ALERT,2026-06-06 20:11:54
39.1178030000598,-84.579406,2026-06-06T20:12:47.000,SEIZURE - 12A4 FOCAL,2026-06-06 20:12:47
39.1915830000597,-84.457751,2026-06-06T20:17:14.000,FALL - 17B4,2026-06-06 20:17:14
39.1274380000598,-84.485978,2026-06-06T20:33:50.000,FALL - 17B4,2026-06-06 20:33:50
39.2190960000597,-84.481744,2026-06-06T20:51:25.000,SICK - 26D1 NOT ALERT,2026-06-06 20:51:25
39.1038990000598,-84.598534,2026-06-06T20:54:11.000,SICK - 26A11 VOMITING,2026-06-06 20:54:11
39.0824950000598,-84.585439,2026-06-06T20:55:10.000,FALL - 17D4 NOT ALERT,2026-06-06 20:55:10
39.2051350000597,-84.455109,2026-06-06T20:55:42.000,SEIZURE - 12C5 STROKE HX,2026-06-06 20:55:42
39.0995680000598,-84.52566,2026-06-06T21:06:24.000,EMS,2026-06-06 21:06:24
39.1250430000598,-84.484449,2026-06-06T21:08:42.000,BREATH - 6D1E NOT ALERT,2026-06-06 21:08:42
39.0922860000598,-84.384789,2026-06-06T21:14:25.000,FALL - 17A3 NON RECENT,2026-06-06 21:14:25
39.1732210000597,-84.463758,2026-06-06T21:16:36.000,LIFT - 17A4,2026-06-06 21:16:36
39.1682230000597,-84.469832,2026-06-06T21:18:29.000,=ASSLTI - (C),2026-06-06 21:18:29
39.1758990000597,-84.479979,2026-06-06T21:20:47.000,ABDOM - 1A1,2026-06-06 21:20:47
39.0942870000598,-84.376995,2026-06-06T21:26:34.000,BREATH - 6C1A ASTHMA,2026-06-06 21:26:34
39.1408320000597,-84.582486,2026-06-06T21:38:21.000,DIABETIC - 13C1 NOT ALERT,2026-06-06 21:38:21
39.1314530000597,-84.498605,2026-06-06T21:47:36.000,SICK - 26D1 NOT ALERT,2026-06-06 21:47:36
39.2101720000597,-84.475942,2026-06-06T21:58:21.000,FAINT - 31D3,2026-06-06 21:58:21
39.1475210000597,-84.614247,2026-06-06T22:10:58.000,=EMS2 - ALS2 RESPONSE,2026-06-06 22:10:58
39.1274840000598,-84.501942,2026-06-06T22:12:01.000,ASSLTI - (C) =,2026-06-06 22:12:01
39.1865150000597,-84.51001,2026-06-06T22:24:06.000,FAINT - 31C2,2026-06-06 22:24:06
39.1097320000597,-84.521099,2026-06-06T22:30:12.000,=EMS - (C),2026-06-06 22:30:12
39.0970290000598,-84.508283,2026-06-06T22:33:18.000,FAINT - 31C3 ABDOMINAL PAIN,2026-06-06 22:33:18
39.0975490000598,-84.506633,2026-06-06T22:34:59.000,FAINT - 31D2 ABNORMAL BREATH,2026-06-06 22:34:59
39.1526740000597,-84.412679,2026-06-06T22:35:19.000,FALL - 17B4,2026-06-06 22:35:19
39.1328210000598,-84.564494,2026-06-06T22:38:57.000,PERDWN - 32B1 PT MOV/TALK,2026-06-06 22:38:57
39.1112510000597,-84.588796,2026-06-06T22:42:21.000,FAINT - 31A2,2026-06-06 22:42:21
39.1114610000598,-84.512827,2026-06-06T22:43:40.000,PERDWN - 32B1 PT MOV/TALK,2026-06-06 22:43:40
39.1102720000597,-84.521589,2026-06-06T23:03:52.000,=EMS - (C),2026-06-06 23:03:52
39.1906450000597,-84.568011,2026-06-06T23:04:11.000,DOMINJ - (C) =,2026-06-06 23:04:11
39.0944040000598,-84.383132,2026-06-06T23:17:54.000,LIFT - 17A4,2026-06-06 23:17:54
39.1103210000598,-84.504554,2026-06-06T23:18:33.000,SICK - 26A6 NAUSEA,2026-06-06 23:18:33
39.1401650000597,-84.581633,2026-06-06T23:21:06.000,PERDWN - 32D1 UNKNOWN,2026-06-06 23:21:06
39.0965720000598,-84.508237,2026-06-06T23:43:32.000,=EMS2 - ALS2 RESPONSE,2026-06-06 23:43:32
39.1145310000598,-84.574385,2026-06-07T00:04:01.000,CHESTPN - 10D5 CARDIAC HX,2026-06-07 00:04:01
39.1478590000597,-84.620548,2026-06-07T00:11:23.000,BLEED - 21B1 DANGEROUS,2026-06-07 00:11:23
39.1471110000597,-84.602974,2026-06-07T00:24:26.000,FALL - 17B4,2026-06-07 00:24:26
39.1137870000598,-84.5151,2026-06-07T00:42:13.000,EMS,2026-06-07 00:42:13
39.1075440000598,-84.512579,2026-06-07T00:46:50.000,FAINT - 31D4 NOT ALERT,2026-06-07 00:46:50
39.1125860000598,-84.518038,2026-06-07T01:01:09.000,SICK - 26A8 PAIN,2026-06-07 01:01:09
39.1023600000598,-84.431315,2026-06-07T01:19:11.000,PERDWN - 32B3 UNKNOWN,2026-06-07 01:19:11
39.1133170000598,-84.51561,2026-06-07T01:21:37.000,ASSLTI - (C) =,2026-06-07 01:21:37
39.1595070000597,-84.60152,2026-06-07T01:43:29.000,ASSLTI - (C) =,2026-06-07 01:43:29
39.1023880000598,-84.509533,2026-06-07T01:47:18.000,SICK - 26A1,2026-06-07 01:47:18
39.1108180000598,-84.577697,2026-06-07T01:58:51.000,BREATH - 6D2E EMPHYSEMA,2026-06-07 01:58:51
39.1997400000597,-84.517081,2026-06-07T02:00:05.000,PERDWN - 32B3 UNKNOWN,2026-06-07 02:00:05
39.2170550000597,-84.471477,2026-06-07T02:15:11.000,FALL - 17B4,2026-06-07 02:15:11
39.1397900000598,-84.49335,2026-06-07T02:18:55.000,FALL - 17B3 STAIRS,2026-06-07 02:18:55
39.1121850000598,-84.595207,2026-06-07T02:24:09.000,SICK - 26A8 PAIN,2026-06-07 02:24:09
39.1084460000598,-84.512308,2026-06-07T02:26:02.000,SICK - 26C1 ALTERED LOC,2026-06-07 02:26:02
39.0938750000598,-84.574961,2026-06-07T02:40:08.000,BREATH - 6D4 CLAMMY,2026-06-07 02:40:08
39.1492020000597,-84.480336,2026-06-07T02:54:50.000,EMS,2026-06-07 02:54:50
39.2157400000597,-84.487534,2026-06-07T02:57:18.000,SICK - 26A8 PAIN,2026-06-07 02:57:18
39.2135650000597,-84.488488,2026-06-07T03:02:42.000,SICK - 26A10 UNWELL,2026-06-07 03:02:42
39.1421380000597,-84.495596,2026-06-07T03:19:29.000,CHESTPN - 10D2 DIFF SPEAKING,2026-06-07 03:19:29
39.2149650000597,-84.489608,2026-06-07T03:21:46.000,EMS,2026-06-07 03:21:46
39.1492270000597,-84.540758,2026-06-07T03:27:56.000,=EMS2 - ALS2 RESPONSE,2026-06-07 03:27:56
39.1371860000597,-84.54908,2026-06-07T03:39:33.000,DOMINJ - (C)(W) =,2026-06-07 03:39:33
39.1204730000598,-84.566929,2026-06-07T03:40:04.000,CHESTPN - 10C1 ABNORMAL BREATH,2026-06-07 03:40:04
39.1510970000597,-84.501289,2026-06-07T03:52:12.000,SICK - 26A8 PAIN,2026-06-07 03:52:12
39.1541660000597,-84.602342,2026-06-07T03:59:34.000,EMS,2026-06-07 03:59:34
39.1662120000597,-84.604955,2026-06-07T04:07:25.000,EMS,2026-06-07 04:07:25
39.1050840000598,-84.519528,2026-06-07T04:29:52.000,=EMS - (C),2026-06-07 04:29:52
39.1502700000597,-84.532578,2026-06-07T04:47:41.000,=EMS - (C),2026-06-07 04:47:41
39.2075860000597,-84.469471,2026-06-07T05:04:58.000,=ASSLTI - (C),2026-06-07 05:04:58
39.1325810000598,-84.53217,2026-06-07T05:05:23.000,=PERDWN,2026-06-07 05:05:23
39.1313240000597,-84.485318,2026-06-07T05:14:26.000,DOMINJ - (C) =,2026-06-07 05:14:26
39.1508330000598,-84.485381,2026-06-07T05:28:10.000,BREATH - 6D2,2026-06-07 05:28:10
39.1567490000597,-84.52657,2026-06-07T05:30:55.000,FALL - 17B1,2026-06-07 05:30:55
39.2012440000597,-84.546938,2026-06-07T05:31:25.000,FALL - 17D4 NOT ALERT,2026-06-07 05:31:25
39.1364610000598,-84.614981,2026-06-07T05:31:37.000,BREATH - 6C1,2026-06-07 05:31:37
39.1839550000597,-84.565835,2026-06-07T05:33:45.000,PREG - 24D3 IMMINENT,2026-06-07 05:33:45
39.1846120000597,-84.562422,2026-06-07T05:37:35.000,BREATH - 6C1,2026-06-07 05:37:35
39.1763520000597,-84.520524,2026-06-07T05:45:13.000,BREATH - 6C2 TRACHEOSTOMY,2026-06-07 05:45:13
39.1646460000597,-84.513353,2026-06-07T06:07:41.000,PERDWN - 32D1 UNKNOWN,2026-06-07 06:07:41
39.1101500000598,-84.5072,2026-06-07T06:35:50.000,BREATH - 6D1 NOT ALERT,2026-06-07 06:35:50
39.1351810000597,-84.484361,2026-06-07T06:44:45.000,PERDWN - 32B2 MEDICAL ALARM,2026-06-07 06:44:45
39.1367010000598,-84.614331,2026-06-07T06:53:57.000,BREATH - 6C1O,2026-06-07 06:53:57
39.1986930000597,-84.550406,2026-06-07T07:32:21.000,FALL - 17A3 NON RECENT,2026-06-07 07:32:21
39.2132980000597,-84.481802,2026-06-07T07:49:03.000,FALL - 17B1,2026-06-07 07:49:03
39.0967710000598,-84.521071,2026-06-07T07:50:49.000,PERDWN - 32D1 UNKNOWN,2026-06-07 07:50:49
39.1678350000597,-84.387965,2026-06-07T08:00:32.000,FALL - 17D4 NOT ALERT,2026-06-07 08:00:32
39.1366530000598,-84.459925,2026-06-07T08:02:15.000,SICK - 26A1,2026-06-07 08:02:15
39.1524850000597,-84.484851,2026-06-07T08:05:24.000,BLEED - 21D4 DANGEROUS BLEED,2026-06-07 08:05:24
39.1321340000598,-84.486601,2026-06-07T08:07:06.000,CHESTPN - 10D2 DIFF SPEAKING,2026-06-07 08:07:06
39.1359160000597,-84.616448,2026-06-07T08:20:11.000,BREATH - 6D1E NOT ALERT,2026-06-07 08:20:11
39.1130370000598,-84.516679,2026-06-07T08:22:22.000,BLEED - 21C2 DIALYSIS FISTULA,2026-06-07 08:22:22
39.1750640000597,-84.480974,2026-06-07T08:25:21.000,BREATH - 6D2,2026-06-07 08:25:21
39.1382210000597,-84.510877,2026-06-07T08:26:51.000,DIABETIC - 13D1 UNCONSCIOUS,2026-06-07 08:26:51
39.1343110000598,-84.614731,2026-06-07T08:36:50.000,LIFT - 17A4,2026-06-07 08:36:50
39.1818110000597,-84.413826,2026-06-07T08:52:04.000,SICK - 26D1 NOT ALERT,2026-06-07 08:52:04
39.1454990000598,-84.579311,2026-06-07T08:59:51.000,FALL - 17B1,2026-06-07 08:59:51
39.1330550000597,-84.531072,2026-06-07T09:09:41.000,PERDWN - 32D1 UNKNOWN,2026-06-07 09:09:41
39.1038410000598,-84.521875,2026-06-07T09:11:03.000,BREATH - 6D4E EMPHYSEMA,2026-06-07 09:11:03
39.1795300000597,-84.509919,2026-06-07T09:16:50.000,EMS,2026-06-07 09:16:50
39.1046230000598,-84.594822,2026-06-07T09:29:01.000,PERDWN - 32B1 PT MOV/TALK,2026-06-07 09:29:01
39.1279890000597,-84.606264,2026-06-07T09:34:27.000,BLEED - 21D5 ABNORMAL BREATH,2026-06-07 09:34:27
39.1369870000597,-84.504287,2026-06-07T09:42:16.000,=EMS2 - ALS2 RESPONSE,2026-06-07 09:42:16
39.1046830000598,-84.595222,2026-06-07T09:45:23.000,FALL - 17A2,2026-06-07 09:45:23
39.1483690000597,-84.50293,2026-06-07T09:50:28.000,ABDOM - 1A2,2026-06-07 09:50:28
39.2153600000597,-84.488594,2026-06-07T10:11:55.000,SICK - 26C1 ALTERED LOC,2026-06-07 10:11:55
39.1594230000597,-84.408248,2026-06-07T10:17:30.000,FALL - 17A2,2026-06-07 10:17:30
39.1156610000598,-84.595915,2026-06-07T10:23:45.000,BREATH - 6D4 CLAMMY,2026-06-07 10:23:45
39.1469680000597,-84.571753,2026-06-07T10:42:36.000,EMS,2026-06-07 10:42:36
39.1362070000598,-84.568376,2026-06-07T10:44:38.000,INVEST - 69D6O ODOR OF SMOKE,2026-06-07 10:44:38
39.0969280000598,-84.568406,2026-06-07T10:53:03.000,EMS,2026-06-07 10:53:03
39.0979080000598,-84.52708,2026-06-07T11:11:08.000,SICK - 26A7 IMMOBILE,2026-06-07 11:11:08
39.2026780000597,-84.462732,2026-06-07T11:11:36.000,CHESTPN - 10D2 DIFF SPEAKING,2026-06-07 11:11:36
39.1574890000597,-84.52579,2026-06-07T11:14:48.000,FALL - 17D4 NOT ALERT,2026-06-07 11:14:48
39.1955210000597,-84.475498,2026-06-07T11:30:04.000,PERDWN - 32D1 UNKNOWN,2026-06-07 11:30:04
39.1749480000597,-84.472057,2026-06-07T11:30:19.000,FALL - 17A2,2026-06-07 11:30:19
39.1681350000597,-84.387835,2026-06-07T11:36:25.000,SICK - 26C2 ABNORMAL BREATH,2026-06-07 11:36:25
39.1058030000598,-84.589981,2026-06-07T11:36:43.000,PERDWN - 32B2 MEDICAL ALARM,2026-06-07 11:36:43
39.1463020000597,-84.424572,2026-06-07T11:48:27.000,CHESTPN - 10C1 ABNORMAL BREATH,2026-06-07 11:48:27
39.0991030000597,-84.514741,2026-06-07T11:52:59.000,EMS,2026-06-07 11:52:59
39.1160620000598,-84.587384,2026-06-07T11:54:34.000,FALL - 17A2,2026-06-07 11:54:34
39.2041140000597,-84.458784,2026-06-07T12:08:38.000,BREATH - 6C1,2026-06-07 12:08:38
39.1094450000598,-84.591403,2026-06-07T12:09:17.000,FALL - 17A2,2026-06-07 12:09:17
39.2169790000597,-84.487285,2026-06-07T12:09:28.000,SICK - 26D1 NOT ALERT,2026-06-07 12:09:28
39.1515430000598,-84.408631,2026-06-07T12:19:58.000,BREATH - 6E1 INEFFECT BREATH,2026-06-07 12:19:58
39.1348500000597,-84.465132,2026-06-07T12:24:01.000,SICK - 26A8 PAIN,2026-06-07 12:24:01
39.1926460000597,-84.411929,2026-06-07T12:24:16.000,SICK - 26A6 NAUSEA,2026-06-07 12:24:16
39.1384060000597,-84.534266,2026-06-07T12:43:58.000,PERDWN - 32D1 UNKNOWN,2026-06-07 12:43:58
39.1873650000597,-84.414821,2026-06-07T12:47:07.000,EMS,2026-06-07 12:47:07
39.1160360000598,-84.688268,2026-06-07T12:48:14.000,INJF - 30B2 BLEEDING,2026-06-07 12:48:14
39.1121940000598,-84.516325,2026-06-07T12:50:41.000,FALL - 17B4,2026-06-07 12:50:41
39.1140580000598,-84.582708,2026-06-07T12:53:07.000,ASSLTI - (C) =,2026-06-07 12:53:07
39.1887230000597,-84.467716,2026-06-07T12:54:59.000,BREATH - 6D2O,2026-06-07 12:54:59
39.1419610000597,-84.617875,2026-06-07T12:56:07.000,=EMS - (C),2026-06-07 12:56:07
39.1250270000598,-84.605002,2026-06-07T13:02:27.000,PERDWN - 32D1 UNKNOWN,2026-06-07 13:02:27
39.1004790000598,-84.589931,2026-06-07T13:08:26.000,"BLEED - 21B2T SERIOUS, TRAUMA",2026-06-07 13:08:26
39.1300780000598,-84.510654,2026-06-07T13:10:10.000,PERDWN - 32D1 UNKNOWN,2026-06-07 13:10:10
39.1311130000597,-84.499835,2026-06-07T13:12:39.000,OD - 23C8A ACCIDENTAL,2026-06-07 13:12:39
39.1555410000597,-84.551453,2026-06-07T13:13:25.000,SICK - 26A8 PAIN,2026-06-07 13:13:25
39.1361210000597,-84.548085,2026-06-07T13:18:09.000,STROKE - 28C1 NOT ALERT,2026-06-07 13:18:09
39.0938840000598,-84.387923,2026-06-07T13:25:05.000,OD - (C) 23O1 ACCIDENTAL,2026-06-07 13:25:05
39.1566010000597,-84.473263,2026-06-07T13:26:17.000,CHESTPN - 10C3,2026-06-07 13:26:17
39.1753920000597,-84.475606,2026-06-07T13:26:45.000,EMS,2026-06-07 13:26:45
39.0844090000598,-84.375316,2026-06-07T13:37:02.000,CHESTPN - 10D2 DIFF SPEAKING,2026-06-07 13:37:02
39.1365280000597,-84.499979,2026-06-07T14:16:12.000,PREG - 24D3 IMMINENT,2026-06-07 14:16:12
39.1501720000597,-84.481988,2026-06-07T14:21:35.000,SICK - 26C2 ABNORMAL BREATH,2026-06-07 14:21:35
39.1042750000598,-84.553544,2026-06-07T14:23:49.000,BLEED - 21D3 NOT ALERT,2026-06-07 14:23:49
39.1636960000597,-84.506326,2026-06-07T14:24:07.000,FALL - 17B1,2026-06-07 14:24:07
39.1026060000598,-84.592093,2026-06-07T14:28:03.000,SICK - 26A8 PAIN,2026-06-07 14:28:03
39.1098530000598,-84.512397,2026-06-07T14:43:26.000,PERDWN - 32D1 UNKNOWN,2026-06-07 14:43:26
39.1590030000597,-84.538119,2026-06-07T14:51:30.000,FAINT - 31D4 NOT ALERT,2026-06-07 14:51:30
39.1518080000597,-84.483494,2026-06-07T14:58:00.000,FALL - 17C2 FAINTING,2026-06-07 14:58:00
39.1092010000598,-84.509933,2026-06-07T15:17:31.000,EMS,2026-06-07 15:17:31
39.0933170000598,-84.515734,2026-06-07T15:20:56.000,ARREST - 9E1 NOT BREATHING,2026-06-07 15:20:56
39.1117780000598,-84.582019,2026-06-07T15:23:38.000,OD - (C) 23D2 UNCONSIOUS,2026-06-07 15:23:38
39.1684030000597,-84.481764,2026-06-07T15:26:44.000,BREATH - 6D2E EMPHYSEMA,2026-06-07 15:26:44
39.1325830000597,-84.490689,2026-06-07T15:43:11.000,PERDWN - 32D1 UNKNOWN,2026-06-07 15:43:11
39.1405850000598,-84.614475,2026-06-07T15:44:57.000,SICK - 26D1 NOT ALERT,2026-06-07 15:44:57
39.1076540000598,-84.516726,2026-06-07T15:50:42.000,=EMS - (C),2026-06-07 15:50:42
39.0807690000598,-84.401755,2026-06-07T15:53:25.000,BREATH - 6D1 NOT ALERT,2026-06-07 15:53:25
39.1544670000597,-84.576927,2026-06-07T16:02:57.000,SEIZURE - 12C2 PREGNANT,2026-06-07 16:02:57
39.1859760000597,-84.457962,2026-06-07T16:06:48.000,SICK - 26A2 ABNORMAL BP,2026-06-07 16:06:48
39.1080420000598,-84.509011,2026-06-07T16:07:29.000,PERDWN - 32B3 UNKNOWN,2026-06-07 16:07:29
39.1107150000597,-84.490591,2026-06-07T16:11:53.000,OD - (C) 23B1I INTENTIONAL,2026-06-07 16:11:53
39.0940270000598,-84.515734,2026-06-07T16:15:59.000,SEIZURE - 12C2 PREGNANT,2026-06-07 16:15:59
39.0923370000598,-84.515814,2026-06-07T16:18:17.000,SEIZURE - 12C2 PREGNANT,2026-06-07 16:18:17
39.1608830000597,-84.407636,2026-06-07T16:26:55.000,ABDOM - 1A1,2026-06-07 16:26:55
39.1990970000597,-84.457229,2026-06-07T16:38:02.000,=ASSLTI - (C),2026-06-07 16:38:02
39.1357910000598,-84.618579,2026-06-07T16:59:45.000,FALL - 17A2,2026-06-07 16:59:45
39.1103150000597,-84.514625,2026-06-07T17:06:22.000,CHESTPN - 10D4 CLAMMY,2026-06-07 17:06:22
39.1273880000598,-84.485368,2026-06-07T17:07:33.000,EMS,2026-06-07 17:07:33
39.1427190000597,-84.536791,2026-06-07T17:11:01.000,SEIZURE - 12D2 MULTIPLE,2026-06-07 17:11:01
39.1244990000597,-84.58011,2026-06-07T17:16:00.000,FALL - 17D4 NOT ALERT,2026-06-07 17:16:00
39.1374930000598,-84.509011,2026-06-07T17:25:44.000,BREATH - 6D1O NOT ALERT,2026-06-07 17:25:44
39.1267080000598,-84.485868,2026-06-07T17:26:28.000,EMS,2026-06-07 17:26:28
39.1421480000597,-84.423383,2026-06-07T17:34:11.000,SICK - 26D1 NOT ALERT,2026-06-07 17:34:11
39.1393310000597,-84.531738,2026-06-07T17:46:32.000,DOMINJ - (C) =,2026-06-07 17:46:32
39.1384610000597,-84.531838,2026-06-07T18:19:05.000,=EMS - (C),2026-06-07 18:19:05
39.1051450000597,-84.563065,2026-06-07T18:21:02.000,=ASSLTI - (C),2026-06-07 18:21:02
39.1164010000598,-84.579902,2026-06-07T18:22:27.000,CHESTPN - 10D4 CLAMMY,2026-06-07 18:22:27
39.2068470000597,-84.554445,2026-06-07T18:23:49.000,BREATH - 6C1E EMPHYSEMA,2026-06-07 18:23:49
39.1097710000598,-84.598516,2026-06-07T18:24:57.000,=OD - (C),2026-06-07 18:24:57
39.2166210000597,-84.474219,2026-06-07T18:24:58.000,OD - 23C8A ACCIDENTAL,2026-06-07 18:24:58
39.1105910000598,-84.598836,2026-06-07T19:05:09.000,EMS,2026-06-07 19:05:09
39.1601410000597,-84.539338,2026-06-07T19:05:48.000,INVEST - 69D5F BURNED FOOD,2026-06-07 19:05:48
39.1510850000597,-84.602449,2026-06-07T19:10:22.000,FAINT - 31D2 ABNORMAL BREATH,2026-06-07 19:10:22
39.1893170000597,-84.573582,2026-06-07T19:16:08.000,SICK - 26A5 GEN WEAKNESS,2026-06-07 19:16:08
39.2058940000597,-84.458826,2026-06-07T19:17:09.000,SEIZURE - 12A1,2026-06-07 19:17:09
39.1742680000597,-84.472687,2026-06-07T19:18:48.000,BLEED - 21B1 DANGEROUS,2026-06-07 19:18:48
39.1137560000598,-84.576658,2026-06-07T19:30:50.000,PREG - 24D3 IMMINENT,2026-06-07 19:30:50
39.1989210000597,-84.56511,2026-06-07T19:34:57.000,FALL - 17A2,2026-06-07 19:34:57
39.0816620000598,-84.391107,2026-06-07T19:35:26.000,EMS,2026-06-07 19:35:26
39.1341470000598,-84.537528,2026-06-07T19:45:56.000,=OD - (C),2026-06-07 19:45:56
39.1060330000598,-84.512015,2026-06-07T19:50:29.000,BREATH - 6D2E EMPHYSEMA,2026-06-07 19:50:29
39.1300860000598,-84.599693,2026-06-07T19:52:38.000,ASSLTI - (C) =,2026-06-07 19:52:38
39.1090660000598,-84.570239,2026-06-07T20:02:22.000,SICK - 26A5 GEN WEAKNESS,2026-06-07 20:02:22
39.1967810000597,-84.577959,2026-06-07T20:02:23.000,FAINT - 31D1 AGONAL BREATHING,2026-06-07 20:02:23
39.1296760000598,-84.598563,2026-06-07T20:02:40.000,ASSLTI - (C) 4B3,2026-06-07 20:02:40
39.1491120000597,-84.496774,2026-06-07T20:08:39.000,EMS,2026-06-07 20:08:39
39.0967640000598,-84.517957,2026-06-07T20:23:36.000,=PERDWN,2026-06-07 20:23:36
39.0982840000598,-84.517797,2026-06-07T20:23:49.000,PERDWN - 32D1 UNKNOWN,2026-06-07 20:23:49
39.1815730000597,-84.448932,2026-06-07T20:28:27.000,CHESTPN - 10D2 DIFF SPEAKING,2026-06-07 20:28:27
39.1110240000598,-84.516735,2026-06-07T20:35:13.000,FALL - 17B4,2026-06-07 20:35:13
39.1985500000597,-84.458784,2026-06-07T20:44:28.000,ASSLTI - (C)(W) =,2026-06-07 20:44:28
39.1296880000597,-84.556219,2026-06-07T20:55:03.000,ABDOM - 1D1 NOT ALERT,2026-06-07 20:55:03
39.1766250000597,-84.477366,2026-06-07T21:01:53.000,BREATH - 6C1,2026-06-07 21:01:53
39.1376980000597,-84.499669,2026-06-07T21:10:29.000,FAINT - 31C2,2026-06-07 21:10:29
39.1995960000597,-84.457838,2026-06-07T21:33:11.000,EMS,2026-06-07 21:33:11
39.0990080000598,-84.52645,2026-06-07T21:36:27.000,SICK - 26A8 PAIN,2026-06-07 21:36:27
39.1173520000598,-84.57877,2026-06-07T21:38:12.000,CHESTPN - 10D4 CLAMMY,2026-06-07 21:38:12
39.1443580000597,-84.485381,2026-06-07T21:42:28.000,SICK - 26A3 VERTIGO,2026-06-07 21:42:28
39.1490290000597,-84.571797,2026-06-07T21:54:19.000,EMS,2026-06-07 21:54:19
39.1031880000598,-84.497521,2026-06-07T22:04:45.000,CHESTPN - 10A1,2026-06-07 22:04:45
39.1107210000598,-84.513327,2026-06-07T22:12:28.000,FALL - 17B4,2026-06-07 22:12:28
39.1328480000598,-84.601313,2026-06-07T22:18:39.000,FAINT - 31D4 NOT ALERT,2026-06-07 22:18:39
39.1083230000598,-84.580397,2026-06-07T22:24:52.000,SICK - 26C1 ALTERED LOC,2026-06-07 22:24:52
39.1460230000597,-84.48395,2026-06-07T22:55:30.000,DOMINJ - (C) =,2026-06-07 22:55:30
39.1366750000597,-84.535962,2026-06-07T23:10:59.000,FAINT - 31D4 NOT ALERT,2026-06-07 23:10:59
39.1342690000597,-84.571135,2026-06-07T23:38:55.000,BREATH - 6C1A ASTHMA,2026-06-07 23:38:55
39.1940600000597,-84.461975,2026-06-07T23:42:40.000,PERDWN - 32B2 MEDICAL ALARM,2026-06-07 23:42:40
39.0854370000598,-84.385408,2026-06-07T23:48:03.000,SICK - 26C2 ABNORMAL BREATH,2026-06-07 23:48:03
39.2111620000597,-84.474682,2026-06-07T23:55:15.000,=OD - (C),2026-06-07 23:55:15
39.2001070000597,-84.521791,2026-06-08T00:31:55.000,SICK - 26A8 PAIN,2026-06-08 00:31:55
39.1463510000597,-84.494353,2026-06-08T01:06:00.000,SICK - 26A1,2026-06-08 01:06:00
39.1245310000598,-84.468811,2026-06-08T01:16:07.000,CHESTPN - 10C1 ABNORMAL BREATH,2026-06-08 01:16:07
39.1584590000597,-84.395625,2026-06-08T01:17:17.000,SEIZURE - 12D2 MULTIPLE,2026-06-08 01:17:17
39.1407030000597,-84.614653,2026-06-08T01:24:34.000,FAINT - 31D4 NOT ALERT,2026-06-08 01:24:34
39.1511190000597,-84.532088,2026-06-08T01:37:55.000,LIFT - 53A2,2026-06-08 01:37:55
39.1613130000597,-84.407346,2026-06-08T01:57:19.000,CHESTPN - 10D5 CARDIAC HX,2026-06-08 01:57:19
39.1181760000597,-84.518247,2026-06-08T02:00:49.000,BREATH - 6C1,2026-06-08 02:00:49
39.1281590000597,-84.513708,2026-06-08T02:08:16.000,CHESTPN - 10C1 ABNORMAL BREATH,2026-06-08 02:08:16
39.1143520000598,-84.584009,2026-06-08T02:11:18.000,SEIZURE - 12A1,2026-06-08 02:11:18
39.1569830000597,-84.57639,2026-06-08T02:41:18.000,SICK - 26D1 NOT ALERT,2026-06-08 02:41:18
39.1528930000598,-84.408611,2026-06-08T02:42:36.000,SICK - 26C2 ABNORMAL BREATH,2026-06-08 02:42:36
39.1466690000597,-84.50231,2026-06-08T02:42:44.000,BLEED - 21A1,2026-06-08 02:42:44
39.2155950000597,-84.53117,2026-06-08T02:44:12.000,=EMS1 - ALS1 RESPONSE,2026-06-08 02:44:12
39.1278580000597,-84.488661,2026-06-08T03:19:18.000,PERDWN - 32B2 MEDICAL ALARM,2026-06-08 03:19:18
39.1627920000597,-84.508004,2026-06-08T03:43:25.000,PERDWN - 32D1 UNKNOWN,2026-06-08 03:43:25
39.1361960000597,-84.50237,2026-06-08T03:44:38.000,EMS,2026-06-08 03:44:38
39.1599810000597,-84.395984,2026-06-08T03:48:23.000,BREATH - 6D2E EMPHYSEMA,2026-06-08 03:48:23
39.1107870000598,-84.52349,2026-06-08T04:07:26.000,PREG - 24D3 IMMINENT,2026-06-08 04:07:26
39.1605950000597,-84.53929,2026-06-08T04:35:11.000,BREATH - 6D1A NOT ALERT,2026-06-08 04:35:11
39.1142170000598,-84.582383,2026-06-08T04:47:15.000,SEIZURE - 12D2 MULTIPLE,2026-06-08 04:47:15
39.1567230000597,-84.391007,2026-06-08T05:01:40.000,PERDWN - 32B2 MEDICAL ALARM,2026-06-08 05:01:40
39.1164910000598,-84.595555,2026-06-08T05:10:45.000,BREATH - 6C1A ASTHMA,2026-06-08 05:10:45
39.1458480000597,-84.471374,2026-06-08T05:34:13.000,DOMINJ - (C) =,2026-06-08 05:34:13
39.1475440000597,-84.500513,2026-06-08T05:51:30.000,SICK - 26A2 ABNORMAL BP,2026-06-08 05:51:30
39.1044130000598,-84.512325,2026-06-08T06:10:44.000,SICK - 26A10 UNWELL,2026-06-08 06:10:44
39.1258750000597,-84.503037,2026-06-08T06:10:52.000,SICK - 26A8 PAIN,2026-06-08 06:10:52
39.0948840000598,-84.383102,2026-06-08T06:15:07.000,BREATH - 6C1,2026-06-08 06:15:07
39.1034790000598,-84.599014,2026-06-08T07:11:39.000,SICK - 26C1 ALTERED LOC,2026-06-08 07:11:39
39.2080010000597,-84.466811,2026-06-08T07:17:04.000,BREATH - 6D2E EMPHYSEMA,2026-06-08 07:17:04
39.1445930000598,-84.491137,2026-06-08T07:22:12.000,PERDWN - 32D1 UNKNOWN,2026-06-08 07:22:12
39.1305060000598,-84.598543,2026-06-08T07:43:12.000,FALL - 17A3 NON RECENT,2026-06-08 07:43:12
39.1916440000597,-84.459396,2026-06-08T07:58:13.000,FALL - 17B4,2026-06-08 07:58:13
39.1871950000597,-84.546262,2026-06-08T08:01:09.000,FALL - 17B1,2026-06-08 08:01:09
39.1498730000598,-84.485281,2026-06-08T08:02:11.000,CHESTPN - 10D4 CLAMMY,2026-06-08 08:02:11
39.0804930000597,-84.591948,2026-06-08T08:06:03.000,SEIZURE - 12D1 NOT BREATHING,2026-06-08 08:06:03
39.1268340000598,-84.549616,2026-06-08T08:10:34.000,PERDWN - 32D1 UNKNOWN,2026-06-08 08:10:34
39.1511520000597,-84.486104,2026-06-08T08:12:00.000,SEIZURE - 12A3,2026-06-08 08:12:00
39.2130200000597,-84.463981,2026-06-08T08:22:42.000,BREATH - 6D1 NOT ALERT,2026-06-08 08:22:42
39.1551320000598,-84.606167,2026-06-08T08:33:01.000,STROKE - 28C1F CLEAR EVIDENCE,2026-06-08 08:33:01
39.1594530000597,-84.39991,2026-06-08T08:48:42.000,SICK - 26A1,2026-06-08 08:48:42
39.2038370000597,-84.541183,2026-06-08T08:56:07.000,=EMS - (C),2026-06-08 08:56:07
39.1543460000597,-84.502011,2026-06-08T09:04:38.000,BREATH - 6D2A ASTHMA,2026-06-08 09:04:38
39.1069180000598,-84.517575,2026-06-08T09:12:26.000,EMS,2026-06-08 09:12:26
39.1067030000598,-84.530384,2026-06-08T09:13:38.000,ABDOM - 1C3,2026-06-08 09:13:38
39.1300510000598,-84.614419,2026-06-08T09:32:45.000,PERDWN - 32D1 UNKNOWN,2026-06-08 09:32:45
39.1481860000598,-84.554064,2026-06-08T09:41:53.000,SEIZURE - 12D4,2026-06-08 09:41:53
39.1315470000598,-84.488042,2026-06-08T09:50:02.000,SICK - 26D1 NOT ALERT,2026-06-08 09:50:02
39.1001720000598,-84.507538,2026-06-08T09:54:45.000,STROKE - 28C3 SPEECH PROBLEMS,2026-06-08 09:54:45
39.1252570000598,-84.462534,2026-06-08T09:57:27.000,ABDOM - 1A1,2026-06-08 09:57:27
39.1483520000597,-84.60294,2026-06-08T09:57:49.000,BREATH - 6D4A ASTHMA,2026-06-08 09:57:49
39.1904960000597,-84.458489,2026-06-08T10:02:54.000,LIFT - 17A4,2026-06-08 10:02:54
39.1342900000598,-84.495995,2026-06-08T10:04:32.000,FAINT - 31D3,2026-06-08 10:04:32
39.1601560000597,-84.420284,2026-06-08T10:06:02.000,PERDWN - 32D1 UNKNOWN,2026-06-08 10:06:02
39.1425900000597,-84.497805,2026-06-08T10:11:20.000,CHESTPN - 10D5 CARDIAC HX,2026-06-08 10:11:20
39.1101620000597,-84.503879,2026-06-08T10:23:22.000,CHESTPN - 10D2 DIFF SPEAKING,2026-06-08 10:23:22
39.1935660000597,-84.412789,2026-06-08T10:25:50.000,SICK - 26A11 VOMITING,2026-06-08 10:25:50
39.1170920000598,-84.694005,2026-06-08T10:26:34.000,SICK - 26B1,2026-06-08 10:26:34
39.1417280000597,-84.490372,2026-06-08T10:32:50.000,SICK - 26A1,2026-06-08 10:32:50
39.1547300000597,-84.428083,2026-06-08T10:33:27.000,EMS,2026-06-08 10:33:27
39.1553220000597,-84.403247,2026-06-08T10:57:54.000,SICK - 26D1 NOT ALERT,2026-06-08 10:57:54
39.1581000000597,-84.393136,2026-06-08T11:00:54.000,FALL - 17B1,2026-06-08 11:00:54
39.1503250000597,-84.515119,2026-06-08T11:17:36.000,CHESTPN - 10D2 DIFF SPEAKING,2026-06-08 11:17:36
39.1421850000597,-84.52332,2026-06-08T11:22:35.000,BLEED - 21D4 DANGEROUS BLEED,2026-06-08 11:22:35
39.1506830000598,-84.486511,2026-06-08T11:24:50.000,FALL - 17D4 NOT ALERT,2026-06-08 11:24:50
39.1789380000597,-84.475583,2026-06-08T11:35:00.000,CHESTPN - 10C1 ABNORMAL BREATH,2026-06-08 11:35:00
39.1243470000598,-84.569633,2026-06-08T11:36:34.000,ABDOM - 1A1,2026-06-08 11:36:34
39.1106460000598,-84.600802,2026-06-08T11:43:02.000,OD - (C) 23C2A ACCIDENTAL,2026-06-08 11:43:02
39.2162110000597,-84.471249,2026-06-08T11:47:29.000,BREATH - 6D2E EMPHYSEMA,2026-06-08 11:47:29
39.1649630000597,-84.470413,2026-06-08T11:47:53.000,ASSLTI - (C) =,2026-06-08 11:47:53
39.1666250000597,-84.387805,2026-06-08T11:49:42.000,FAINT - 31D3,2026-06-08 11:49:42
39.2161630000597,-84.480582,2026-06-08T11:57:02.000,SICK - 26A7 IMMOBILE,2026-06-08 11:57:02
39.1546600000597,-84.428286,2026-06-08T11:58:40.000,FAINT - 31D1 AGONAL BREATHING,2026-06-08 11:58:40
39.1680460000597,-84.417692,2026-06-08T12:00:52.000,DIABETIC - 13C1 NOT ALERT,2026-06-08 12:00:52
39.1484840000597,-84.501013,2026-06-08T12:01:22.000,FAINT - 31C2,2026-06-08 12:01:22
39.0980470000598,-84.515087,2026-06-08T12:01:36.000,DIABETIC - 13C3,2026-06-08 12:01:36
39.1687760000597,-84.477433,2026-06-08T12:02:22.000,CHESTPN - 10D1 NOT ALERT,2026-06-08 12:02:22
39.1339360000598,-84.489798,2026-06-08T12:06:55.000,EMS,2026-06-08 12:06:55
39.1307770000598,-84.499911,2026-06-08T12:37:31.000,SICK - 26A11 VOMITING,2026-06-08 12:37:31
39.1062680000598,-84.517115,2026-06-08T12:44:16.000,DIABETIC - 13C1 NOT ALERT,2026-06-08 12:44:16
39.1022890000597,-84.520485,2026-06-08T12:51:23.000,FALL - 17B4,2026-06-08 12:51:23
39.1361420000598,-84.536763,2026-06-08T12:58:06.000,OD - (C) 23D2A ACCIDENTAL,2026-06-08 12:58:06
39.1603720000597,-84.396418,2026-06-08T12:58:11.000,BREATH - 6D2E EMPHYSEMA,2026-06-08 12:58:11
39.1201300000598,-84.576194,2026-06-08T13:01:30.000,FALL - 17C2 FAINTING,2026-06-08 13:01:30
39.1864500000597,-84.459038,2026-06-08T13:08:49.000,FALL - 17A2,2026-06-08 13:08:49
39.1620550000597,-84.408764,2026-06-08T13:23:25.000,SICK - 26A2 ABNORMAL BP,2026-06-08 13:23:25
39.1863580000597,-84.408519,2026-06-08T13:25:47.000,FALL - 17A2,2026-06-08 13:25:47
39.1337020000597,-84.590411,2026-06-08T13:37:44.000,FAINT - 31D4 NOT ALERT,2026-06-08 13:37:44
39.1470750000597,-84.427985,2026-06-08T13:47:19.000,"OD - (C) 23C1A NOT ALERT, ACC",2026-06-08 13:47:19
39.1414820000598,-84.492065,2026-06-08T13:49:19.000,SICK - 26A11 VOMITING,2026-06-08 13:49:19
39.1354900000597,-84.500825,2026-06-08T13:49:41.000,FALL - 17A2,2026-06-08 13:49:41
39.1096130000598,-84.512669,2026-06-08T13:54:20.000,=EMS1 - ALS1 RESPONSE,2026-06-08 13:54:20
39.1509250000597,-84.484821,2026-06-08T14:15:33.000,SEIZURE - 12A3,2026-06-08 14:15:33
39.1032390000598,-84.557481,2026-06-08T14:18:31.000,SICK - 26O28 INFECTION,2026-06-08 14:18:31
39.1365710000597,-84.505622,2026-06-08T14:19:39.000,SICK - 26A2 ABNORMAL BP,2026-06-08 14:19:39
39.1555560000597,-84.554341,2026-06-08T14:21:35.000,=EMS1 - ALS1 RESPONSE,2026-06-08 14:21:35
39.1624730000598,-84.420607,2026-06-08T14:36:42.000,SICK - 26C1 ALTERED LOC,2026-06-08 14:36:42
39.1181360000598,-84.580861,2026-06-08T14:39:12.000,LIFT - 17A4,2026-06-08 14:39:12
39.0937260000598,-84.382278,2026-06-08T14:58:48.000,SICK - 26A1,2026-06-08 14:58:48
39.1676850000597,-84.388235,2026-06-08T15:02:28.000,LIFT - 17A4,2026-06-08 15:02:28
39.1032010000598,-84.510029,2026-06-08T15:05:14.000,SICK - 26C2 ABNORMAL BREATH,2026-06-08 15:05:14
39.1091040000598,-84.567933,2026-06-08T15:09:08.000,ABDOM - 1A1,2026-06-08 15:09:08
39.2013670000597,-84.460931,2026-06-08T15:10:46.000,CHESTPN - 10D5 CARDIAC HX,2026-06-08 15:10:46
39.1369170000598,-84.578094,2026-06-08T15:23:02.000,SICK - 26A9 TRANSPORT ONLY,2026-06-08 15:23:02
39.1921410000597,-84.484225,2026-06-08T15:31:02.000,BREATH - 6D1E NOT ALERT,2026-06-08 15:31:02
39.1362570000598,-84.576744,2026-06-08T15:43:53.000,SICK - 26A8 PAIN,2026-06-08 15:43:53
39.1587630000597,-84.407948,2026-06-08T15:44:09.000,FALL - 17A2,2026-06-08 15:44:09
39.1263430000598,-84.559498,2026-06-08T15:44:57.000,ABDOM - 1A1,2026-06-08 15:44:57
39.1582120000597,-84.408901,2026-06-08T15:47:54.000,SICK - 26C2 ABNORMAL BREATH,2026-06-08 15:47:54
39.1385480000597,-84.456151,2026-06-08T15:51:36.000,BREATH - 6D2,2026-06-08 15:51:36
39.1363020000597,-84.536793,2026-06-08T16:13:01.000,EMS - (C) =,2026-06-08 16:13:01
39.1956230000597,-84.55051,2026-06-08T16:36:51.000,FALL - 17B4,2026-06-08 16:36:51
39.1362500000598,-84.534716,2026-06-08T16:37:37.000,"OD - (C) 23C1A NOT ALERT, ACC",2026-06-08 16:37:37
39.0984580000598,-84.52646,2026-06-08T16:41:09.000,CHESTPN - 10C3,2026-06-08 16:41:09
39.1171770000598,-84.576988,2026-06-08T16:49:36.000,ASSLTI - (C) =,2026-06-08 16:49:36
39.1278150000598,-84.600805,2026-06-08T16:50:21.000,=EMS - (C),2026-06-08 16:50:21
39.1249070000598,-84.462854,2026-06-08T16:52:10.000,SICK - 26A11 VOMITING,2026-06-08 16:52:10
39.1439810000597,-84.436029,2026-06-08T16:55:45.000,FAINT - 31D3,2026-06-08 16:55:45
39.1302860000598,-84.611322,2026-06-08T16:58:36.000,"OD - (C) 23C1A NOT ALERT, ACC",2026-06-08 16:58:36
39.1309310000597,-84.616872,2026-06-08T17:01:20.000,PERDWN - 32D1 UNKNOWN,2026-06-08 17:01:20
39.1107350000598,-84.529257,2026-06-08T17:01:58.000,STROKE - 28C4 SIDE WEAKNESS,2026-06-08 17:01:58
39.1789500000597,-84.44234,2026-06-08T17:08:59.000,PERDWN - 32B2 MEDICAL ALARM,2026-06-08 17:08:59
39.1514850000597,-84.484656,2026-06-08T17:10:20.000,PERDWN - 32B2 MEDICAL ALARM,2026-06-08 17:10:20
39.1363550000598,-84.599136,2026-06-08T17:10:26.000,DOMINJ - (C) =,2026-06-08 17:10:26
39.1915380000597,-84.516305,2026-06-08T17:11:50.000,ABDOM - 1C4,2026-06-08 17:11:50
39.1919720000597,-84.461629,2026-06-08T17:13:49.000,PERDWN - 32B2 MEDICAL ALARM,2026-06-08 17:13:49
39.1446910000597,-84.436849,2026-06-08T17:19:15.000,EMS,2026-06-08 17:19:15
39.1302980000597,-84.555679,2026-06-08T17:19:31.000,ASSLTI - (C) =,2026-06-08 17:19:31
39.1201630000598,-84.560327,2026-06-08T17:22:36.000,SICK - 26A10 UNWELL,2026-06-08 17:22:36
39.1906940000597,-84.51096,2026-06-08T17:28:38.000,DOMINJ - (C) =,2026-06-08 17:28:38
39.1651780000597,-84.553313,2026-06-08T17:30:38.000,SICK - 26A8 PAIN,2026-06-08 17:30:38
39.1486560000597,-84.61134,2026-06-08T17:37:56.000,CHESTPN - 10D1 NOT ALERT,2026-06-08 17:37:56
39.1888840000597,-84.51225,2026-06-08T17:48:03.000,DOMINJ - (C) =,2026-06-08 17:48:03
39.2008030000597,-84.528559,2026-06-08T17:54:06.000,SICK - 26A1,2026-06-08 17:54:06
39.1957620000597,-84.48783,2026-06-08T17:59:48.000,"BLEED - 21B2T SERIOUS, TRAUMA",2026-06-08 17:59:48
39.1648040000597,-84.537447,2026-06-08T18:01:34.000,SICK - 26C2 ABNORMAL BREATH,2026-06-08 18:01:34
39.1260380000597,-84.484792,2026-06-08T18:03:34.000,ABDOM - 1A1,2026-06-08 18:03:34
39.1303550000598,-84.562076,2026-06-08T18:16:51.000,PERDWN - 32B1 PT MOV/TALK,2026-06-08 18:16:51
39.1894610000597,-84.467714,2026-06-08T18:34:16.000,BREATH - 6D1 NOT ALERT,2026-06-08 18:34:16
39.1568580000597,-84.562814,2026-06-08T18:42:29.000,=ASSLTI - (C),2026-06-08 18:42:29
39.1527590000597,-84.483641,2026-06-08T18:43:55.000,SICK - 26A5 GEN WEAKNESS,2026-06-08 18:43:55
39.1280980000597,-84.488821,2026-06-08T18:44:22.000,PERDWN - 32B2 MEDICAL ALARM,2026-06-08 18:44:22
39.1368730000598,-84.459045,2026-06-08T19:00:09.000,CHESTPN - 10D5 CARDIAC HX,2026-06-08 19:00:09
39.1084200000598,-84.565236,2026-06-08T19:01:45.000,BREATH - 6D2E EMPHYSEMA,2026-06-08 19:01:45
39.1506440000597,-84.487532,2026-06-08T19:05:52.000,=EMS - (C),2026-06-08 19:05:52
39.1115120000597,-84.532178,2026-06-08T19:06:43.000,OD - (C) 23D2A ACCIDENTAL,2026-06-08 19:06:43
39.1044760000598,-84.568218,2026-06-08T19:11:16.000,SICK - 26C2 ABNORMAL BREATH,2026-06-08 19:11:16
39.1125180000598,-84.59489,2026-06-08T19:14:07.000,PERDWN - 32D1 UNKNOWN,2026-06-08 19:14:07
39.1242070000598,-84.463374,2026-06-08T19:24:46.000,ABDOM - 1A1,2026-06-08 19:24:46
39.1268660000598,-84.603166,2026-06-08T19:29:03.000,311 TRANSFER FOR EMS,2026-06-08 19:29:03
39.1334690000597,-84.489188,2026-06-08T19:32:59.000,SICK - 26A8 PAIN,2026-06-08 19:32:59
39.1572320000597,-84.560148,2026-06-08T19:33:55.000,DOMINJ - (C) =,2026-06-08 19:33:55
39.2012950000597,-84.513817,2026-06-08T19:41:20.000,FALL - 17D4 NOT ALERT,2026-06-08 19:41:20
39.1553310000597,-84.432873,2026-06-08T19:45:24.000,BREATH - 6D2,2026-06-08 19:45:24
39.1894200000597,-84.467269,2026-06-08T19:48:04.000,ASSLTI - (C) =,2026-06-08 19:48:04
39.1217760000598,-84.601155,2026-06-08T19:52:22.000,PERDWN - 32D1 UNKNOWN,2026-06-08 19:52:22
39.1907340000597,-84.484319,2026-06-08T19:53:07.000,FAINT - 31E1 INEFF BREATHING,2026-06-08 19:53:07
39.1515930000598,-84.409811,2026-06-08T19:55:16.000,FAINT - 31D4 NOT ALERT,2026-06-08 19:55:16
39.1198430000598,-84.560417,2026-06-08T20:09:41.000,"BLEED - 21B2T SERIOUS, TRAUMA",2026-06-08 20:09:41
39.2060890000597,-84.453728,2026-06-08T20:13:34.000,CHESTPN - 10C3,2026-06-08 20:13:34
39.1793060000597,-84.513375,2026-06-08T20:15:50.000,DOMINJ - (C) =,2026-06-08 20:15:50
39.1659060000597,-84.513803,2026-06-08T20:17:54.000,FAINT - 31D1 AGONAL BREATHING,2026-06-08 20:17:54
39.1098310000598,-84.687618,2026-06-08T20:18:58.000,SICK - 26A3 VERTIGO,2026-06-08 20:18:58
39.1658560000597,-84.513423,2026-06-08T20:19:33.000,OD - (C) 23D2A ACCIDENTAL,2026-06-08 20:19:33
39.1554350000598,-84.547397,2026-06-08T20:27:12.000,OD - (C) 23D2 UNCONSIOUS,2026-06-08 20:27:12
39.1583760000597,-84.421617,2026-06-08T20:28:25.000,=EMS1 - ALS1 RESPONSE,2026-06-08 20:28:25
39.1936840000597,-84.537962,2026-06-08T20:31:05.000,CHESTPN - 10A1,2026-06-08 20:31:05
39.1606140000597,-84.498161,2026-06-08T20:44:48.000,SICK - 26A1,2026-06-08 20:44:48
39.1528990000597,-84.533318,2026-06-08T20:47:04.000,BREATH - 6C1O,2026-06-08 20:47:04
39.1609800000597,-84.403832,2026-06-08T20:48:39.000,PERDWN - 32D1 UNKNOWN,2026-06-08 20:48:39
39.1221390000598,-84.525843,2026-06-08T20:51:57.000,PERDWN - 32D1 UNKNOWN,2026-06-08 20:51:57
39.1649590000597,-84.472076,2026-06-08T20:53:32.000,FALL - 17B4,2026-06-08 20:53:32
39.1516610000597,-84.381017,2026-06-08T21:21:04.000,CHESTPN - 10A1,2026-06-08 21:21:04
39.1329170000598,-84.558369,2026-06-08T21:24:55.000,BREATH - 6C1A ASTHMA,2026-06-08 21:24:55
39.1018490000598,-84.513073,2026-06-08T21:40:11.000,CHESTPN - 10D4 CLAMMY,2026-06-08 21:40:11
39.1078290000598,-84.587019,2026-06-08T21:40:27.000,EMS,2026-06-08 21:40:27
39.1989130000597,-84.463805,2026-06-08T21:42:34.000,COSICK - 52C5X MULTI-FAMILY SM,2026-06-08 21:42:34
39.1457010000597,-84.614542,2026-06-08T21:45:20.000,FALL - 17B1,2026-06-08 21:45:20
39.1186820000598,-84.440059,2026-06-08T22:11:46.000,CHESTPN - 10C1 ABNORMAL BREATH,2026-06-08 22:11:46
39.1820760000597,-84.420947,2026-06-08T22:15:10.000,SICK - 26D1 NOT ALERT,2026-06-08 22:15:10
39.1508390000597,-84.51692,2026-06-08T22:23:06.000,ASSLTI - (C)(W) =,2026-06-08 22:23:06
39.1056420000598,-84.514557,2026-06-08T22:32:05.000,BREATH - 6C1O,2026-06-08 22:32:05
39.2038650000597,-84.570846,2026-06-08T22:34:50.000,FAINT - 31A1,2026-06-08 22:34:50
39.1051040000598,-84.570861,2026-06-08T22:43:47.000,=EMS1 - ALS1 RESPONSE,2026-06-08 22:43:47
39.1326290000597,-84.488808,2026-06-08T22:47:07.000,LIFT - 17A4,2026-06-08 22:47:07
39.1400060000598,-84.621132,2026-06-08T22:47:50.000,CHESTPN - 10D5 CARDIAC HX,2026-06-08 22:47:50
39.0861280000598,-84.382611,2026-06-08T22:48:16.000,SICK - 26A1,2026-06-08 22:48:16
39.1317310000598,-84.475397,2026-06-08T22:54:53.000,BREATH - 6D2,2026-06-08 22:54:53
39.1184060000597,-84.517377,2026-06-08T23:02:30.000,BREATH - 6C1E EMPHYSEMA,2026-06-08 23:02:30
39.1908080000597,-84.515765,2026-06-08T23:05:13.000,SICK - 26A1,2026-06-08 23:05:13
39.1148240000598,-84.520121,2026-06-08T23:16:17.000,"OD - (C) 23C1A NOT ALERT, ACC",2026-06-08 23:16:17
39.1989150000597,-84.474744,2026-06-08T23:24:59.000,DOMINJ - (C)(W) =,2026-06-08 23:24:59
39.1424920000597,-84.613886,2026-06-08T23:35:59.000,ASSLTI - (C) =,2026-06-08 23:35:59
39.0983560000598,-84.556694,2026-06-08T23:38:53.000,BREATH - 6D2O,2026-06-08 23:38:53
39.0953450000598,-84.379806,2026-06-09T00:06:00.000,FALL - 17A2,2026-06-09 00:06:00
39.1100760000597,-84.601158,2026-06-09T00:13:48.000,BLEED - 21B1 DANGEROUS,2026-06-09 00:13:48
39.2033450000597,-84.544861,2026-06-09T00:25:38.000,BREATH - 6D2E EMPHYSEMA,2026-06-09 00:25:38
39.0989920000598,-84.562811,2026-06-09T00:36:32.000,OD - (C) 23B1I INTENTIONAL,2026-06-09 00:36:32
39.1133530000598,-84.518437,2026-06-09T00:44:12.000,FALL - 17B4,2026-06-09 00:44:12
39.1567610000597,-84.525402,2026-06-09T00:59:26.000,BREATH - 6D2O,2026-06-09 00:59:26
39.2099010000597,-84.473793,2026-06-09T01:10:23.000,BREATH - 6D2,2026-06-09 01:10:23
39.2004460000597,-84.523467,2026-06-09T01:14:23.000,BREATH - 6D1E NOT ALERT,2026-06-09 01:14:23
39.0893330000598,-84.569105,2026-06-09T01:34:38.000,DIABETIC - 13C3,2026-06-09 01:34:38
39.1886830000597,-84.413477,2026-06-09T01:39:41.000,HEADACHE - 18C2 ABNORM BREATH,2026-06-09 01:39:41
39.1366530000598,-84.460255,2026-06-09T01:42:46.000,STROKE - 28C1F CLEAR EVIDENCE,2026-06-09 01:42:46
39.1907280000597,-84.458455,2026-06-09T02:33:29.000,FALL - 17A2,2026-06-09 02:33:29
39.1440570000597,-84.573114,2026-06-09T02:33:34.000,SICK - 26A4 FEVER,2026-06-09 02:33:34
39.1332690000597,-84.488048,2026-06-09T02:34:36.000,SICK - 26A2 ABNORMAL BP,2026-06-09 02:34:36
39.1530090000597,-84.533818,2026-06-09T02:48:54.000,CHESTPN - 10C3,2026-06-09 02:48:54
39.1812370000597,-84.511645,2026-06-09T03:23:52.000,ABDOM - 1A1,2026-06-09 03:23:52
39.1552640000597,-84.576062,2026-06-09T03:37:33.000,BREATH - 6D2,2026-06-09 03:37:33
39.1229270000597,-84.50426,2026-06-09T04:08:07.000,SEIZURE - 12C5 STROKE HX,2026-06-09 04:08:07
39.1174300000597,-84.51738,2026-06-09T04:30:42.000,SICK - 26A8 PAIN,2026-06-09 04:30:42
39.1420790000597,-84.4959,2026-06-09T05:34:06.000,CHESTPN - 10D4 CLAMMY,2026-06-09 05:34:06
39.1399420000597,-84.439043,2026-06-09T05:42:42.000,FALL - 17B4,2026-06-09 05:42:42
39.1653910000597,-84.470872,2026-06-09T05:43:20.000,BLEED - 21B2 SERIOUS,2026-06-09 05:43:20
39.2078780000597,-84.469843,2026-06-09T05:52:50.000,CHESTPN - 10C1 ABNORMAL BREATH,2026-06-09 05:52:50
39.1192760000597,-84.517447,2026-06-09T05:59:55.000,BREATH - 6D2E EMPHYSEMA,2026-06-09 05:59:55
39.1081230000598,-84.530924,2026-06-09T06:29:01.000,ABDOM - 1D1 NOT ALERT,2026-06-09 06:29:01
39.1525250000597,-84.485091,2026-06-09T06:35:46.000,FALL - 17B4,2026-06-09 06:35:46
39.1330620000598,-84.568848,2026-06-09T06:35:47.000,CHESTPN - 10D2 DIFF SPEAKING,2026-06-09 06:35:47
39.1226720000597,-84.578089,2026-06-09T06:48:57.000,CHESTPN - 10D4 CLAMMY,2026-06-09 06:48:57
39.1042640000598,-84.51646,2026-06-09T07:05:06.000,PERDWN - 32B2 MEDICAL ALARM,2026-06-09 07:05:06
39.2084640000597,-84.471746,2026-06-09T07:05:33.000,FALL - 17B4,2026-06-09 07:05:33
39.2087640000597,-84.471246,2026-06-09T07:08:58.000,PERDWN - 32B2 MEDICAL ALARM,2026-06-09 07:08:58
39.1328600000598,-84.572493,2026-06-09T07:11:56.000,SICK - 26A8 PAIN,2026-06-09 07:11:56
39.1498180000597,-84.562664,2026-06-09T07:33:13.000,PERDWN - 32B2 MEDICAL ALARM,2026-06-09 07:33:13
39.1615710000597,-84.544207,2026-06-09T07:34:03.000,DIABETIC - 13D1 UNCONSCIOUS,2026-06-09 07:34:03
39.1848800000597,-84.422547,2026-06-09T07:41:27.000,BREATH - 6D1 NOT ALERT,2026-06-09 07:41:27
39.2039720000597,-84.554705,2026-06-09T07:53:28.000,FALL - 17B1,2026-06-09 07:53:28
39.1965310000597,-84.577099,2026-06-09T07:55:15.000,BREATH - 6D1 NOT ALERT,2026-06-09 07:55:15
39.1117920000597,-84.532168,2026-06-09T08:03:06.000,FAINT - 31C1 ABNORMAL BREATH,2026-06-09 08:03:06
39.1365790000597,-84.610733,2026-06-09T08:03:56.000,HEADACHE - 18C2C POSS STROKE,2026-06-09 08:03:56
39.1411780000597,-84.440152,2026-06-09T08:15:23.000,BREATH - 6D1O NOT ALERT,2026-06-09 08:15:23
39.1156550000598,-84.585385,2026-06-09T08:15:51.000,ABDOM - 1A1,2026-06-09 08:15:51
39.1676810000597,-84.468419,2026-06-09T08:25:36.000,STROKE - 28C4 SIDE WEAKNESS,2026-06-09 08:25:36
39.1695430000597,-84.549539,2026-06-09T08:27:53.000,SICK - 26A2 ABNORMAL BP,2026-06-09 08:27:53
39.1615500000597,-84.404122,2026-06-09T08:40:01.000,PERDWN - 32D1 UNKNOWN,2026-06-09 08:40:01
39.1587460000597,-84.504005,2026-06-09T08:57:43.000,SICK - 26C1 ALTERED LOC,2026-06-09 08:57:43
39.1119280000598,-84.518914,2026-06-09T09:23:14.000,CHESTPN - 10C3,2026-06-09 09:23:14
39.1193070000598,-84.509498,2026-06-09T09:36:05.000,FAINT - 31C1 ABNORMAL BREATH,2026-06-09 09:36:05
39.1301960000598,-84.598863,2026-06-09T09:47:51.000,SEIZURE - 12D4,2026-06-09 09:47:51
39.1333220000597,-84.47606,2026-06-09T09:51:28.000,FAINT - 31D2 ABNORMAL BREATH,2026-06-09 09:51:28
39.2037990000597,-84.548815,2026-06-09T10:00:45.000,SICK - 26B1,2026-06-09 10:00:45
39.1162920000598,-84.530908,2026-06-09T10:01:47.000,SICK - 26A8 PAIN,2026-06-09 10:01:47
39.1167420000597,-84.598112,2026-06-09T10:03:05.000,ARREST - 9E1 NOT BREATHING,2026-06-09 10:03:05
39.1103910000598,-84.514296,2026-06-09T10:28:38.000,FAINT - 31C3 ABDOMINAL PAIN,2026-06-09 10:28:38
39.1061590000598,-84.510559,2026-06-09T10:29:06.000,=PERDWN,2026-06-09 10:29:06
39.1377400000597,-84.509036,2026-06-09T10:48:07.000,EMS,2026-06-09 10:48:07
39.1063690000598,-84.509789,2026-06-09T10:49:45.000,SEIZURE - 12A2,2026-06-09 10:49:45
39.1069090000598,-84.511649,2026-06-09T10:50:09.000,=PERDWN,2026-06-09 10:50:09
39.1069890000598,-84.510179,2026-06-09T10:51:36.000,SEIZURE - 12A2,2026-06-09 10:51:36
39.1903820000597,-84.460749,2026-06-09T10:56:42.000,PERDWN - 32B2 MEDICAL ALARM,2026-06-09 10:56:42
39.1540880000597,-84.602498,2026-06-09T10:59:14.000,PERDWN - 32D1 UNKNOWN,2026-06-09 10:59:14
39.1531980000597,-84.602838,2026-06-09T10:59:15.000,=PERDWN,2026-06-09 10:59:15
39.1745180000597,-84.431911,2026-06-09T11:01:07.000,CHESTPN - 10D5 CARDIAC HX,2026-06-09 11:01:07
39.1059340000598,-84.511301,2026-06-09T11:03:49.000,=EMS - (C),2026-06-09 11:03:49
39.1089400000598,-84.421211,2026-06-09T11:11:18.000,BREATH - 6D2A ASTHMA,2026-06-09 11:11:18
39.1437270000598,-84.509588,2026-06-09T11:21:37.000,SEIZURE - 12B1,2026-06-09 11:21:37
39.1228270000597,-84.50436,2026-06-09T11:28:39.000,SEIZURE - 12C5 STROKE HX,2026-06-09 11:28:39
39.1167330000597,-84.575848,2026-06-09T11:31:13.000,SICK - 26C2 ABNORMAL BREATH,2026-06-09 11:31:13
39.1489510000597,-84.486638,2026-06-09T11:35:58.000,CHESTPN - 10D5 CARDIAC HX,2026-06-09 11:35:58
39.1645680000597,-84.425028,2026-06-09T11:57:06.000,PERDWN - 32D1 UNKNOWN,2026-06-09 11:57:06
39.1605330000597,-84.407758,2026-06-09T11:57:10.000,CHESTPN - 10C3,2026-06-09 11:57:10
39.1923130000597,-84.457131,2026-06-09T12:00:58.000,SICK - 26C2 ABNORMAL BREATH,2026-06-09 12:00:58
39.1150970000598,-84.513299,2026-06-09T12:02:53.000,BREATH - 6D2O,2026-06-09 12:02:53
39.1480790000597,-84.570577,2026-06-09T12:03:52.000,SICK - 26A8 PAIN,2026-06-09 12:03:52
39.1480690000597,-84.570907,2026-06-09T12:04:04.000,SICK - 26A8 PAIN,2026-06-09 12:04:04
39.1067770000598,-84.567527,2026-06-09T12:08:55.000,SICK - 26A11 VOMITING,2026-06-09 12:08:55
39.1163530000598,-84.443258,2026-06-09T12:11:16.000,LIFT - 17A4,2026-06-09 12:11:16
39.1983220000597,-84.549593,2026-06-09T12:27:28.000,PERDWN - 32D1 UNKNOWN,2026-06-09 12:27:28
39.2033590000597,-84.54741,2026-06-09T12:28:47.000,FALL - 17B1,2026-06-09 12:28:47
39.1247240000598,-84.484189,2026-06-09T12:32:01.000,=EMS1 - ALS1 RESPONSE,2026-06-09 12:32:01
39.1351420000597,-84.505184,2026-06-09T12:36:57.000,FALL - 17B1,2026-06-09 12:36:57
39.1990720000597,-84.506878,2026-06-09T12:39:16.000,CHESTPN - 10C3,2026-06-09 12:39:16
39.2162970000597,-84.487239,2026-06-09T12:40:40.000,SICK - 26A8 PAIN,2026-06-09 12:40:40
39.1183410000598,-84.56126,2026-06-09T12:42:57.000,EMS,2026-06-09 12:42:57
39.1432390000598,-84.488546,2026-06-09T12:48:42.000,=EMS - (C),2026-06-09 12:48:42
39.1680050000597,-84.388705,2026-06-09T12:54:31.000,STROKE - 28C5F CLEAR EVIDENCE,2026-06-09 12:54:31
39.1563910000597,-84.526482,2026-06-09T12:59:31.000,SICK - 26A10 UNWELL,2026-06-09 12:59:31
39.1210240000598,-84.693973,2026-06-09T13:04:30.000,FALL - 17A2,2026-06-09 13:04:30
39.1633380000597,-84.513907,2026-06-09T13:14:50.000,FALL - 17A2,2026-06-09 13:14:50
39.1783740000597,-84.55844,2026-06-09T13:20:32.000,FAINT - 31D4 NOT ALERT,2026-06-09 13:20:32
39.1782940000597,-84.55965,2026-06-09T13:21:32.000,EMS,2026-06-09 13:21:32
39.2019620000597,-84.53516,2026-06-09T13:25:32.000,FALL - 17B1,2026-06-09 13:25:32
39.1353160000597,-84.556428,2026-06-09T13:27:54.000,FAINT - 31A1,2026-06-09 13:27:54
39.1279260000597,-84.602138,2026-06-09T13:30:38.000,EMS - (C) =,2026-06-09 13:30:38
39.1569440000597,-84.559258,2026-06-09T13:35:41.000,EMS,2026-06-09 13:35:41
39.1683550000597,-84.388765,2026-06-09T13:59:29.000,LIFT - 17A4,2026-06-09 13:59:29
39.1407660000597,-84.476058,2026-06-09T14:00:31.000,BREATH - 6D2A ASTHMA,2026-06-09 14:00:31
39.1669450000597,-84.387045,2026-06-09T14:03:37.000,CHESTPN - 10D1 NOT ALERT,2026-06-09 14:03:37
39.1411090000597,-84.49504,2026-06-09T14:08:07.000,STROKE - 28C1 NOT ALERT,2026-06-09 14:08:07
39.1279870000597,-84.548945,2026-06-09T14:11:28.000,EMS,2026-06-09 14:11:28
39.1303340000598,-84.605887,2026-06-09T14:12:58.000,FAINT - 31D3,2026-06-09 14:12:58
39.2031010000597,-84.565323,2026-06-09T14:13:52.000,SEIZURE - 12D4,2026-06-09 14:13:52
39.1585420000597,-84.399427,2026-06-09T14:29:25.000,PERDWN - 32B1 PT MOV/TALK,2026-06-09 14:29:25
39.1348790000598,-84.536797,2026-06-09T14:30:39.000,=PERDWN,2026-06-09 14:30:39
39.1353940000597,-84.536663,2026-06-09T14:31:34.000,=PERDWN,2026-06-09 14:31:34
39.0964610000598,-84.521531,2026-06-09T14:38:04.000,PERDWN - 32D1 UNKNOWN,2026-06-09 14:38:04
39.0975910000598,-84.520641,2026-06-09T14:39:02.000,PERDWN - 32D1 UNKNOWN,2026-06-09 14:39:02
39.2050950000597,-84.454314,2026-06-09T14:46:12.000,SEIZURE - 12B1,2026-06-09 14:46:12
39.1428860000597,-84.591821,2026-06-09T14:48:03.000,SICK - 26D1 NOT ALERT,2026-06-09 14:48:03
39.1518630000598,-84.408141,2026-06-09T14:53:11.000,FALL - 17B1,2026-06-09 14:53:11
39.1150140000598,-84.516201,2026-06-09T14:53:13.000,CHESTPN - 10D2 DIFF SPEAKING,2026-06-09 14:53:13
39.1453460000597,-84.499299,2026-06-09T15:01:09.000,311 TRANSFER FOR EMS,2026-06-09 15:01:09
39.1144870000598,-84.56274,2026-06-09T15:07:21.000,=EMS1 - ALS1 RESPONSE,2026-06-09 15:07:21
39.1318680000597,-84.483246,2026-06-09T15:10:05.000,SEIZURE - 12D2 MULTIPLE,2026-06-09 15:10:05
39.1601690000597,-84.601267,2026-06-09T15:12:29.000,SEIZURE - 12D2 MULTIPLE,2026-06-09 15:12:29
39.1099220000598,-84.43729,2026-06-09T15:21:46.000,CHESTPN - 10D5 CARDIAC HX,2026-06-09 15:21:46
39.1681240000597,-84.479055,2026-06-09T15:21:56.000,PERDWN - 32D1 UNKNOWN,2026-06-09 15:21:56
39.1685320000597,-84.478185,2026-06-09T15:22:59.000,PERDWN - 32D1 UNKNOWN,2026-06-09 15:22:59
39.2108920000597,-84.474332,2026-06-09T15:30:19.000,ARREST - 9E1 NOT BREATHING,2026-06-09 15:30:19
39.1194600000598,-84.578431,2026-06-09T15:33:22.000,OD - (C) 23D2I INTENTIONAL,2026-06-09 15:33:22
39.2020960000597,-84.539822,2026-06-09T15:38:51.000,FAINT - 31C1 ABNORMAL BREATH,2026-06-09 15:38:51
39.1044290000598,-84.389921,2026-06-09T15:48:32.000,FAINT - 31A1,2026-06-09 15:48:32
39.1833040000597,-84.458316,2026-06-09T15:52:48.000,FAINT - 31D1 AGONAL BREATHING,2026-06-09 15:52:48
39.1395030000597,-84.442108,2026-06-09T15:53:57.000,PERDWN - 32D1 UNKNOWN,2026-06-09 15:53:57
39.1423220000597,-84.474817,2026-06-09T15:57:47.000,SICK - 26C1 ALTERED LOC,2026-06-09 15:57:47
39.1042280000598,-84.509033,2026-06-09T16:13:01.000,FALL - 17D4 NOT ALERT,2026-06-09 16:13:01
39.1078670000598,-84.591566,2026-06-09T16:20:53.000,CHESTPN - 10D4 CLAMMY,2026-06-09 16:20:53
39.1272230000598,-84.511588,2026-06-09T16:24:10.000,INJF - 30D4 DIFF BREATHING,2026-06-09 16:24:10
39.1877110000597,-84.510037,2026-06-09T16:25:58.000,=EMS - (C),2026-06-09 16:25:58
39.1048730000598,-84.512285,2026-06-09T16:27:25.000,=ASSLTI - (C),2026-06-09 16:27:25
39.2094890000597,-84.530225,2026-06-09T16:33:11.000,SICK - 26A8 PAIN,2026-06-09 16:33:11
39.1027320000598,-84.528597,2026-06-09T16:36:07.000,=ASSLTI - (C),2026-06-09 16:36:07
39.1888980000597,-84.467865,2026-06-09T16:38:53.000,PREG - 24C4 ABDOMINAL PAIN,2026-06-09 16:38:53
39.1408880000597,-84.439992,2026-06-09T16:44:04.000,BLEED - 21B2 SERIOUS,2026-06-09 16:44:04
39.1507410000597,-84.498647,2026-06-09T16:51:13.000,PERDWN - 32B2 MEDICAL ALARM,2026-06-09 16:51:13
39.2009950000597,-84.538847,2026-06-09T16:51:59.000,BREATH - 6C1A ASTHMA,2026-06-09 16:51:59
39.1571910000597,-84.505227,2026-06-09T16:55:24.000,PERDWN - 32B2 MEDICAL ALARM,2026-06-09 16:55:24
39.1443900000597,-84.577815,2026-06-09T17:02:07.000,SICK - 26A11 VOMITING,2026-06-09 17:02:07
39.1969510000597,-84.478912,2026-06-09T17:02:26.000,EMS,2026-06-09 17:02:26
39.1081170000598,-84.592463,2026-06-09T17:04:58.000,=PERDWN,2026-06-09 17:04:58
39.1346920000598,-84.612093,2026-06-09T17:09:48.000,PERDWN - 32D1 UNKNOWN,2026-06-09 17:09:48
39.1535290000597,-84.411274,2026-06-09T17:10:15.000,SEIZURE - 12C4,2026-06-09 17:10:15
39.1626180000597,-84.539523,2026-06-09T17:13:42.000,EMS,2026-06-09 17:13:42
39.1395160000597,-84.475481,2026-06-09T17:18:53.000,BLEED - 21B2 SERIOUS,2026-06-09 17:18:53
39.1449170000597,-84.594731,2026-06-09T17:20:17.000,STROKE - 28C1 NOT ALERT,2026-06-09 17:20:17
39.1309610000597,-84.572757,2026-06-09T17:22:38.000,BREATH - 6C1,2026-06-09 17:22:38
39.1377810000598,-84.455107,2026-06-09T17:22:59.000,BREATH - 6D1E NOT ALERT,2026-06-09 17:22:59
39.1682550000597,-84.387295,2026-06-09T17:26:13.000,FALL - 17B1,2026-06-09 17:26:13
39.1314950000597,-84.58532,2026-06-09T17:30:16.000,PREG - 24C4 ABDOMINAL PAIN,2026-06-09 17:30:16
39.1273250000597,-84.501147,2026-06-09T17:37:38.000,INJF - 30D4 DIFF BREATHING,2026-06-09 17:37:38
39.2025330000597,-84.456178,2026-06-09T17:38:16.000,ARREST - 9E1 NOT BREATHING,2026-06-09 17:38:16
39.2005840000597,-84.579256,2026-06-09T17:40:13.000,FALL - 17B1,2026-06-09 17:40:13
39.1485490000597,-84.572487,2026-06-09T17:40:14.000,DIABETIC - 13C1 NOT ALERT,2026-06-09 17:40:14
39.1958120000597,-84.476446,2026-06-09T17:40:43.000,FAINT - 31D4 NOT ALERT,2026-06-09 17:40:43
39.1664250000597,-84.387705,2026-06-09T17:46:41.000,STROKE - 28C9 STROKE HX,2026-06-09 17:46:41
39.2169230000597,-84.485186,2026-06-09T18:06:40.000,EMS,2026-06-09 18:06:40
39.1149120000598,-84.577534,2026-06-09T18:14:26.000,FAINT - 31D3,2026-06-09 18:14:26
39.1055560000598,-84.549463,2026-06-09T18:21:19.000,INJF - 30B2 BLEEDING,2026-06-09 18:21:19
39.1406420000597,-84.584393,2026-06-09T18:28:02.000,SICK - 26C2 ABNORMAL BREATH,2026-06-09 18:28:02
39.1393770000597,-84.575754,2026-06-09T18:39:33.000,SICK - 26A1,2026-06-09 18:39:33
39.2040240000597,-84.454648,2026-06-09T18:40:33.000,SICK - 26A8 PAIN,2026-06-09 18:40:33
39.1303360000598,-84.598813,2026-06-09T18:41:21.000,FALL - 17D4 NOT ALERT,2026-06-09 18:41:21
39.1107250000598,-84.508259,2026-06-09T18:45:03.000,BREATH - 6D1 NOT ALERT,2026-06-09 18:45:03
39.1262780000597,-84.489401,2026-06-09T18:46:52.000,LIFT - 17A4,2026-06-09 18:46:52
39.1738270000597,-84.430951,2026-06-09T19:10:05.000,SICK - 26A9 TRANSPORT ONLY,2026-06-09 19:10:05
39.1148920000597,-84.521265,2026-06-09T19:10:50.000,EMS,2026-06-09 19:10:50
39.1572690000597,-84.52514,2026-06-09T19:14:49.000,CHESTPN - 10D4 CLAMMY,2026-06-09 19:14:49
39.1635450000597,-84.540297,2026-06-09T19:15:32.000,CHESTPN - 10D2 DIFF SPEAKING,2026-06-09 19:15:32
39.1847960000597,-84.421376,2026-06-09T19:22:04.000,FALL - 17B1,2026-06-09 19:22:04
39.1089030000598,-84.530449,2026-06-09T19:24:05.000,SICK - 26A8 PAIN,2026-06-09 19:24:05
39.1779780000597,-84.413366,2026-06-09T19:31:38.000,ABDOM - 1C6,2026-06-09 19:31:38
39.1017690000597,-84.519705,2026-06-09T19:32:12.000,SICK - 26A8 PAIN,2026-06-09 19:32:12
39.2024330000597,-84.550306,2026-06-09T19:32:24.000,CHESTPN - 10C3,2026-06-09 19:32:24
39.1388120000598,-84.581276,2026-06-09T19:39:15.000,BREATH - 6C1A ASTHMA,2026-06-09 19:39:15
39.1156280000597,-84.514192,2026-06-09T19:40:17.000,PERDWN - 32B2 MEDICAL ALARM,2026-06-09 19:40:17
39.1077130000598,-84.515045,2026-06-09T19:42:50.000,FAINT - 31C2,2026-06-09 19:42:50
39.1264670000597,-84.502053,2026-06-09T19:45:39.000,EMS,2026-06-09 19:45:39
39.1420920000598,-84.492335,2026-06-09T19:53:14.000,CHESTPN - 10D4 CLAMMY,2026-06-09 19:53:14
39.1530470000597,-84.489452,2026-06-09T20:02:40.000,STROKE - 28C1 NOT ALERT,2026-06-09 20:02:40
39.1941600000597,-84.46992,2026-06-09T20:13:01.000,BREATH - 6D2,2026-06-09 20:13:01
39.1850830000597,-84.511663,2026-06-09T20:13:39.000,SICK - 26D1 NOT ALERT,2026-06-09 20:13:39
39.1064350000598,-84.52931,2026-06-09T20:25:00.000,HEADACHE - 18C3C POSS STROKE,2026-06-09 20:25:00
39.0832800000598,-84.371588,2026-06-09T20:29:56.000,FAINT - 31C2,2026-06-09 20:29:56
39.1144850000598,-84.565923,2026-06-09T20:38:40.000,SEIZURE - 12D4,2026-06-09 20:38:40
39.1576890000597,-84.52591,2026-06-09T20:45:48.000,FAINT - 31D2 ABNORMAL BREATH,2026-06-09 20:45:48
39.1824560000597,-84.512651,2026-06-09T20:50:20.000,BREATH - 6D1O NOT ALERT,2026-06-09 20:50:20
39.1683350000597,-84.387055,2026-06-09T20:55:44.000,EMS,2026-06-09 20:55:44
39.1054680000598,-84.521657,2026-06-09T20:59:47.000,SICK - 26A1,2026-06-09 20:59:47
39.1179020000598,-84.441319,2026-06-09T21:08:02.000,FALL - 17B1,2026-06-09 21:08:02
39.1790020000597,-84.513731,2026-06-09T21:10:15.000,BLEED - 21A1,2026-06-09 21:10:15
39.1455950000597,-84.624309,2026-06-09T21:12:06.000,=ASSLTI - (C),2026-06-09 21:12:06
39.1093330000598,-84.529199,2026-06-09T21:15:58.000,ABDOM - 1A1,2026-06-09 21:15:58
39.1529230000598,-84.408251,2026-06-09T21:21:12.000,SICK - 26A8 PAIN,2026-06-09 21:21:12
39.1301460000597,-84.486194,2026-06-09T22:05:03.000,FALL - 17B4,2026-06-09 22:05:03
39.1677330000597,-84.469222,2026-06-09T22:14:35.000,PERDWN - 32D1 UNKNOWN,2026-06-09 22:14:35
39.1738470000597,-84.431591,2026-06-09T22:30:54.000,CHESTPN - 10C3,2026-06-09 22:30:54
39.1096270000598,-84.567952,2026-06-09T22:40:34.000,OD - (C)(V) 23C1V,2026-06-09 22:40:34
39.1258150000597,-84.502627,2026-06-09T22:56:41.000,SICK - 26A8 PAIN,2026-06-09 22:56:41
39.1455140000598,-84.605709,2026-06-09T22:57:41.000,SICK - 26C1 ALTERED LOC,2026-06-09 22:57:41
39.1323130000598,-84.588538,2026-06-10T00:08:26.000,ABDOM - 1C5,2026-06-10 00:08:26
39.0941660000597,-84.397234,2026-06-10T00:21:45.000,CHESTPN - 10D4 CLAMMY,2026-06-10 00:21:45
39.1365490000597,-84.477127,2026-06-10T00:51:17.000,BREATH - 6D1 NOT ALERT,2026-06-10 00:51:17
39.1868750000597,-84.511067,2026-06-10T00:52:50.000,SICK - 26A8 PAIN,2026-06-10 00:52:50
39.1109640000598,-84.580913,2026-06-10T01:13:27.000,CHESTPN - 10D4 CLAMMY,2026-06-10 01:13:27
39.1233540000597,-84.562588,2026-06-10T01:17:34.000,SICK - 26A1,2026-06-10 01:17:34
39.1218590000598,-84.514572,2026-06-10T01:36:31.000,ABDOM - 1C4,2026-06-10 01:36:31
39.1592650000597,-84.549267,2026-06-10T01:42:37.000,STROKE - 28C2 ABNORMAL BREATH,2026-06-10 01:42:37
39.1152520000598,-84.586554,2026-06-10T01:43:04.000,LIFT - 17A4,2026-06-10 01:43:04
39.1124150000598,-84.530347,2026-06-10T01:45:40.000,EMS,2026-06-10 01:45:40
39.1780400000597,-84.511963,2026-06-10T02:27:36.000,SICK - 26A7 IMMOBILE,2026-06-10 02:27:36
39.1601550000598,-84.392152,2026-06-10T02:39:01.000,DOMINJ - (C) =,2026-06-10 02:39:01
39.1239320000598,-84.571271,2026-06-10T02:46:11.000,CHESTPN - 10C1 ABNORMAL BREATH,2026-06-10 02:46:11
39.1070010000597,-84.579736,2026-06-10T02:47:30.000,DOMINJ - (C) =,2026-06-10 02:47:30
39.1605440000597,-84.601776,2026-06-10T03:00:27.000,DOMINJ - (C) =,2026-06-10 03:00:27
39.1602140000597,-84.602186,2026-06-10T03:19:20.000,=EMS - (C),2026-06-10 03:19:20
39.1667310000597,-84.405442,2026-06-10T03:25:13.000,ABDOM - 1A1,2026-06-10 03:25:13
39.1767720000597,-84.461568,2026-06-10T03:26:29.000,EMS,2026-06-10 03:26:29
39.1039140000597,-84.529956,2026-06-10T03:31:26.000,BREATH - 6D2A ASTHMA,2026-06-10 03:31:26
39.1459500000597,-84.578615,2026-06-10T03:34:02.000,ABDOM - 1A1,2026-06-10 03:34:02
39.1787090000597,-84.511901,2026-06-10T03:40:45.000,BREATH - 6D1A NOT ALERT,2026-06-10 03:40:45
39.1530390000597,-84.533648,2026-06-10T03:47:47.000,LIFT - 17A4,2026-06-10 03:47:47
39.2006460000597,-84.522807,2026-06-10T03:50:51.000,FALL - 17B1,2026-06-10 03:50:51
39.1046680000598,-84.521627,2026-06-10T03:59:42.000,SICK - 26A7 IMMOBILE,2026-06-10 03:59:42
39.2141000000597,-84.487814,2026-06-10T04:16:14.000,FALL - 17B1,2026-06-10 04:16:14
39.1393010000598,-84.456017,2026-06-10T04:22:54.000,BREATH - 6D1E NOT ALERT,2026-06-10 04:22:54
39.1563730000597,-84.390957,2026-06-10T04:27:51.000,PERDWN - 32B2 MEDICAL ALARM,2026-06-10 04:27:51
39.1324780000598,-84.490452,2026-06-10T04:40:37.000,BREATH - 6D2E EMPHYSEMA,2026-06-10 04:40:37
39.1852170000597,-84.459156,2026-06-10T05:23:00.000,LIFT - 53A2,2026-06-10 05:23:00
39.1236720000597,-84.423839,2026-06-10T05:54:04.000,CHESTPN - 10D2 DIFF SPEAKING,2026-06-10 05:54:04
39.1878060000597,-84.456826,2026-06-10T06:10:02.000,SICK - 26A8 PAIN,2026-06-10 06:10:02
39.1242940000598,-84.57826,2026-06-10T06:11:32.000,DIABETIC - 13D1 UNCONSCIOUS,2026-06-10 06:11:32
39.1611610000597,-84.396804,2026-06-10T06:18:46.000,BLEED - 21B1 DANGEROUS,2026-06-10 06:18:46
39.1906690000597,-84.468893,2026-06-10T06:20:08.000,ASSLTI - (C) =,2026-06-10 06:20:08
39.1525620000597,-84.486544,2026-06-10T06:26:08.000,ARREST - 9E1 NOT BREATHING,2026-06-10 06:26:08
39.1194170000597,-84.547906,2026-06-10T06:36:13.000,PERDWN - 32D1 UNKNOWN,2026-06-10 06:36:13
39.1082430000598,-84.527912,2026-06-10T06:57:43.000,LIFT - 17A4,2026-06-10 06:57:43
39.1767020000597,-84.487469,2026-06-10T07:19:30.000,PERDWN - 32D1 UNKNOWN,2026-06-10 07:19:30
39.1837220000597,-84.563762,2026-06-10T07:19:59.000,BLEED - 21B1 DANGEROUS,2026-06-10 07:19:59
39.1747360000597,-84.434622,2026-06-10T07:26:27.000,SICK - 26A5 GEN WEAKNESS,2026-06-10 07:26:27
39.1926790000597,-84.512678,2026-06-10T07:36:49.000,ABDOM - 1A1,2026-06-10 07:36:49
39.2031400000597,-84.565125,2026-06-10T07:38:20.000,CHESTPN - 10D2 DIFF SPEAKING,2026-06-10 07:38:20
39.1095040000598,-84.529456,2026-06-10T07:52:37.000,SICK - 26A8 PAIN,2026-06-10 07:52:37
39.1317350000598,-84.479338,2026-06-10T08:11:58.000,BREATH - 6E1 INEFFECT BREATH,2026-06-10 08:11:58
39.1602630000597,-84.409338,2026-06-10T08:19:08.000,FALL - 17B4,2026-06-10 08:19:08
39.2191410000597,-84.482333,2026-06-10T08:35:52.000,SICK - 26A8 PAIN,2026-06-10 08:35:52
39.1340680000597,-84.488892,2026-06-10T08:37:09.000,CHESTPN - 10C1 ABNORMAL BREATH,2026-06-10 08:37:09
39.1045960000597,-84.515286,2026-06-10T08:37:42.000,CHESTPN - 10D4 CLAMMY,2026-06-10 08:37:42
39.2005690000597,-84.522971,2026-06-10T08:37:46.000,SICK - 26A7 IMMOBILE,2026-06-10 08:37:46
39.1986590000597,-84.550296,2026-06-10T08:40:52.000,HEADACHE - 18C2C POSS STROKE,2026-06-10 08:40:52
39.1485780000597,-84.569656,2026-06-10T08:52:01.000,BREATH - 6C1,2026-06-10 08:52:01
39.1334100000598,-84.57025,2026-06-10T09:00:24.000,BREATH - 6D1A NOT ALERT,2026-06-10 09:00:24
39.1145900000598,-84.518564,2026-06-10T09:09:31.000,SICK - 26A1,2026-06-10 09:09:31
39.1080340000598,-84.578186,2026-06-10T09:24:28.000,CHESTPN - 10D1 NOT ALERT,2026-06-10 09:24:28
39.1910720000597,-84.518085,2026-06-10T09:32:20.000,SICK - 26D1 NOT ALERT,2026-06-10 09:32:20
39.1729770000597,-84.432021,2026-06-10T09:41:27.000,FALL - 17D4 NOT ALERT,2026-06-10 09:41:27
39.1735480000597,-84.430295,2026-06-10T09:42:07.000,FALL - 17D3 UNCONSIOUS,2026-06-10 09:42:07
39.1597610000597,-84.601656,2026-06-10T09:49:56.000,EYEPRB - 16A1 MODERATE,2026-06-10 09:49:56
39.1077670000598,-84.591286,2026-06-10T09:58:55.000,CHESTPN - 10D4 CLAMMY,2026-06-10 09:58:55
39.1440050000597,-84.581229,2026-06-10T10:01:28.000,HEADACHE - 18C3C POSS STROKE,2026-06-10 10:01:28
39.1463680000597,-84.549219,2026-06-10T10:15:45.000,=EMS1 - ALS1 RESPONSE,2026-06-10 10:15:45
39.1093390000598,-84.515148,2026-06-10T10:24:40.000,SEIZURE - 12A2,2026-06-10 10:24:40
39.2006590000597,-84.520517,2026-06-10T10:25:00.000,SICK - 26C1 ALTERED LOC,2026-06-10 10:25:00
39.1906540000597,-84.458976,2026-06-10T10:38:48.000,SICK - 26D1 NOT ALERT,2026-06-10 10:38:48
39.1056190000598,-84.560187,2026-06-10T11:00:21.000,FALL - 17B1,2026-06-10 11:00:21
39.1990060000597,-84.456817,2026-06-10T11:06:47.000,SICK - 26A2 ABNORMAL BP,2026-06-10 11:06:47
39.1283880000598,-84.485398,2026-06-10T11:11:46.000,BREATH - 6C1,2026-06-10 11:11:46
39.2014020000597,-84.516162,2026-06-10T11:30:20.000,LIFT - 17A4,2026-06-10 11:30:20
39.1369940000597,-84.468941,2026-06-10T11:41:37.000,EMS,2026-06-10 11:41:37
39.1358220000597,-84.503604,2026-06-10T11:42:00.000,CHESTPN - 10D4 CLAMMY,2026-06-10 11:42:00
39.1433840000597,-84.499084,2026-06-10T11:47:43.000,BREATH - 6C1,2026-06-10 11:47:43
39.1577050000598,-84.472905,2026-06-10T12:01:54.000,PERDWN - 32B2 MEDICAL ALARM,2026-06-10 12:01:54
39.1083030000598,-84.527342,2026-06-10T12:15:46.000,BREATH - 6D2A ASTHMA,2026-06-10 12:15:46
39.1073130000598,-84.527942,2026-06-10T12:18:37.000,BREATH - 6C1E EMPHYSEMA,2026-06-10 12:18:37
39.1305140000598,-84.523524,2026-06-10T12:21:01.000,SICK - 26A3 VERTIGO,2026-06-10 12:21:01
39.1283020000597,-84.581795,2026-06-10T12:24:52.000,STROKE - 28C2 ABNORMAL BREATH,2026-06-10 12:24:52
39.1731670000597,-84.431301,2026-06-10T12:33:15.000,CHESTPN - 10D1 NOT ALERT,2026-06-10 12:33:15
39.1192260000597,-84.516547,2026-06-10T12:43:55.000,SICK - 26B1,2026-06-10 12:43:55
39.1141420000598,-84.502253,2026-06-10T12:51:02.000,PERDWN - 32D1 UNKNOWN,2026-06-10 12:51:02
39.1190540000598,-84.504163,2026-06-10T12:51:24.000,BREATH - 6D2A ASTHMA,2026-06-10 12:51:24
39.2003470000597,-84.516598,2026-06-10T13:09:15.000,SICK - 26D1 NOT ALERT,2026-06-10 13:09:15
39.1177160000597,-84.516827,2026-06-10T13:20:37.000,311 TRANSFER FOR EMS,2026-06-10 13:20:37
39.1441780000597,-84.505038,2026-06-10T13:29:24.000,FAINT - 31A3,2026-06-10 13:29:24
39.2002770000597,-84.456369,2026-06-10T13:33:08.000,PERDWN - 32B2 MEDICAL ALARM,2026-06-10 13:33:08
39.1481220000597,-84.580279,2026-06-10T13:34:42.000,SICK - 26C1 ALTERED LOC,2026-06-10 13:34:42
39.1063590000598,-84.510019,2026-06-10T13:38:03.000,FAINT - 31D2 ABNORMAL BREATH,2026-06-10 13:38:03
39.1721940000597,-84.507591,2026-06-10T13:40:46.000,SICK - 26A2 ABNORMAL BP,2026-06-10 13:40:46
39.1248040000598,-84.526309,2026-06-10T13:48:02.000,BREATH - 6D2,2026-06-10 13:48:02
39.1870150000597,-84.414348,2026-06-10T13:50:06.000,BLEED - 21D4 DANGEROUS BLEED,2026-06-10 13:50:06
39.1008870000598,-84.561876,2026-06-10T13:52:52.000,PERDWN - 32B2 MEDICAL ALARM,2026-06-10 13:52:52
39.1467620000598,-84.423194,2026-06-10T13:59:45.000,CHESTPN - 10D4 CLAMMY,2026-06-10 13:59:45
39.1354800000597,-84.500715,2026-06-10T14:00:03.000,BREATH - 6D2,2026-06-10 14:00:03
39.1521740000597,-84.551784,2026-06-10T14:08:02.000,FALL - 17B4,2026-06-10 14:08:02
39.1022030000598,-84.511062,2026-06-10T14:09:58.000,CHESTPN - 10D2 DIFF SPEAKING,2026-06-10 14:09:58
39.1028930000598,-84.511722,2026-06-10T14:10:23.000,PERDWN - 32B3 UNKNOWN,2026-06-10 14:10:23
39.1087990000597,-84.596479,2026-06-10T14:28:07.000,FALL - 17B1,2026-06-10 14:28:07
39.1065810000598,-84.509009,2026-06-10T14:29:07.000,OD - 23C8A ACCIDENTAL,2026-06-10 14:29:07
39.1758360000597,-84.431888,2026-06-10T14:33:29.000,FAINT - 31D4 NOT ALERT,2026-06-10 14:33:29
39.1103880000598,-84.577087,2026-06-10T14:44:27.000,BREATH - 6D2E EMPHYSEMA,2026-06-10 14:44:27
39.1557470000597,-84.573541,2026-06-10T14:50:26.000,ASSLTI - (C) =,2026-06-10 14:50:26
39.1576290000597,-84.52549,2026-06-10T15:00:07.000,FALL - 17A2,2026-06-10 15:00:07
39.1273830000597,-84.573973,2026-06-10T15:11:02.000,FAINT - 31D3,2026-06-10 15:11:02
39.2024250000597,-84.567045,2026-06-10T15:11:12.000,FALL - 17A2,2026-06-10 15:11:12
39.1999600000597,-84.5159,2026-06-10T15:20:06.000,BREATH - 6D2E EMPHYSEMA,2026-06-10 15:20:06
39.1313560000598,-84.599113,2026-06-10T15:22:44.000,SEIZURE - 12D2 MULTIPLE,2026-06-10 15:22:44
39.1140060000598,-84.578647,2026-06-10T15:30:57.000,BREATH - 6D2,2026-06-10 15:30:57
39.1223660000598,-84.601815,2026-06-10T15:31:52.000,PERDWN - 32D1 UNKNOWN,2026-06-10 15:31:52
39.1043880000598,-84.521757,2026-06-10T15:32:44.000,SEIZURE - 12D2 MULTIPLE,2026-06-10 15:32:44
39.1249190000598,-84.58991,2026-06-10T15:33:37.000,FAINT - 31C2,2026-06-10 15:33:37
39.1051580000598,-84.508293,2026-06-10T15:37:08.000,PERDWN - 32B3 UNKNOWN,2026-06-10 15:37:08
39.1072030000598,-84.526902,2026-06-10T15:37:43.000,FALL - 17B1,2026-06-10 15:37:43
39.2068520000597,-84.529273,2026-06-10T15:41:45.000,SICK - 26A8 PAIN,2026-06-10 15:41:45
39.1798420000597,-84.509703,2026-06-10T15:57:17.000,SICK - 26A1,2026-06-10 15:57:17
39.1267730000598,-84.560918,2026-06-10T16:00:55.000,SICK - 26D1 NOT ALERT,2026-06-10 16:00:55
39.1269130000598,-84.559728,2026-06-10T16:05:01.000,=ASSLTI - (C),2026-06-10 16:05:01
39.1685100000597,-84.477186,2026-06-10T16:08:22.000,LIFT - 53A2,2026-06-10 16:08:22
39.1936790000597,-84.414908,2026-06-10T16:16:03.000,FALL - 17A2,2026-06-10 16:16:03
39.1368230000598,-84.460315,2026-06-10T16:19:56.000,CHESTPN - 10C3,2026-06-10 16:19:56
39.1471190000597,-84.612838,2026-06-10T16:20:15.000,EMS,2026-06-10 16:20:15
39.1230320000598,-84.57033,2026-06-10T16:21:03.000,=EMS - (C),2026-06-10 16:21:03
39.1492240000598,-84.613165,2026-06-10T16:24:13.000,PERDWN - 32D1 UNKNOWN,2026-06-10 16:24:13
39.1575520000597,-84.404336,2026-06-10T16:33:31.000,OD - (C) 23D2 UNCONSIOUS,2026-06-10 16:33:31
39.1270950000597,-84.501667,2026-06-10T16:47:01.000,SICK - 26A8 PAIN,2026-06-10 16:47:01
39.1306260000598,-84.598713,2026-06-10T16:49:27.000,SICK - 26A8 PAIN,2026-06-10 16:49:27
39.1411000000597,-84.61564,2026-06-10T16:50:48.000,LIFT - 17A4,2026-06-10 16:50:48
39.1881660000597,-84.465098,2026-06-10T16:53:29.000,CHESTPN - 10D1 NOT ALERT,2026-06-10 16:53:29
39.0979300000598,-84.509651,2026-06-10T16:56:41.000,=EMS - (C),2026-06-10 16:56:41
39.1615530000597,-84.407526,2026-06-10T17:01:03.000,BREATH - 6D4 CLAMMY,2026-06-10 17:01:03
39.1098790000598,-84.516721,2026-06-10T17:02:25.000,CHESTPN - 10D4 CLAMMY,2026-06-10 17:02:25
39.1537980000597,-84.503342,2026-06-10T17:04:28.000,BREATH - 6D2,2026-06-10 17:04:28
39.1085280000597,-84.530383,2026-06-10T17:04:49.000,SICK - 26A8 PAIN,2026-06-10 17:04:49
39.1323050000598,-84.486746,2026-06-10T17:14:29.000,FALL - 17B1,2026-06-10 17:14:29
39.1856390000597,-84.426337,2026-06-10T17:15:14.000,STROKE - 28C1F CLEAR EVIDENCE,2026-06-10 17:15:14
39.1112320000598,-84.584338,2026-06-10T17:16:10.000,CHESTPN - 10D4 CLAMMY,2026-06-10 17:16:10
39.1409200000598,-84.492596,2026-06-10T17:18:55.000,DOMINJ - (C)(W) =,2026-06-10 17:18:55
39.1486770000598,-84.486864,2026-06-10T17:31:05.000,EMS,2026-06-10 17:31:05
39.1260050000597,-84.502257,2026-06-10T17:37:08.000,SICK - 26C2 ABNORMAL BREATH,2026-06-10 17:37:08
39.1401670000597,-84.579739,2026-06-10T17:40:07.000,CHESTPN - 10D4 CLAMMY,2026-06-10 17:40:07
39.1902670000597,-84.49037,2026-06-10T17:44:19.000,SEIZURE - 12D2 MULTIPLE,2026-06-10 17:44:19
39.1988170000597,-84.476343,2026-06-10T17:46:04.000,BREATH - 6D2,2026-06-10 17:46:04
39.1149800000598,-84.519849,2026-06-10T17:53:18.000,BREATH - 6D2A ASTHMA,2026-06-10 17:53:18
39.1366380000597,-84.501129,2026-06-10T17:58:03.000,"OD - (C) 23C1A NOT ALERT, ACC",2026-06-10 17:58:03
39.1415870000597,-84.493297,2026-06-10T17:59:06.000,EMS,2026-06-10 17:59:06
39.1525430000598,-84.409941,2026-06-10T17:59:40.000,FALL - 17B1,2026-06-10 17:59:40
39.1529030000598,-84.408661,2026-06-10T18:01:11.000,FALL - 17B1,2026-06-10 18:01:11
39.1998860000597,-84.523907,2026-06-10T18:14:32.000,BREATH - 6D1E NOT ALERT,2026-06-10 18:14:32
39.1004020000598,-84.5148,2026-06-10T18:37:03.000,CHESTPN - 10D4 CLAMMY,2026-06-10 18:37:03
39.1088280000598,-84.508006,2026-06-10T18:53:35.000,SICK - 26A8 PAIN,2026-06-10 18:53:35
39.1602580000597,-84.383073,2026-06-10T19:04:06.000,FAINT - 31C3 ABDOMINAL PAIN,2026-06-10 19:04:06
39.1066600000598,-84.683265,2026-06-10T19:15:53.000,SICK - 26C1 ALTERED LOC,2026-06-10 19:15:53
39.1303910000597,-84.573167,2026-06-10T19:22:07.000,BREATH - 6D1 NOT ALERT,2026-06-10 19:22:07
39.1161650000598,-84.529908,2026-06-10T19:24:15.000,CHESTPN - 10D4 CLAMMY,2026-06-10 19:24:15
39.1433890000597,-84.593919,2026-06-10T19:28:43.000,PERDWN - 32D1 UNKNOWN,2026-06-10 19:28:43
39.1580200000597,-84.381835,2026-06-10T19:33:25.000,SICK - 26O2 BOILS,2026-06-10 19:33:25
39.1325560000597,-84.587549,2026-06-10T19:35:14.000,ASSLTI - (C) =,2026-06-10 19:35:14
39.1131490000597,-84.52109,2026-06-10T19:41:14.000,EMS,2026-06-10 19:41:14
39.1274340000598,-84.503532,2026-06-10T19:42:17.000,ABDOM - 1A1,2026-06-10 19:42:17
39.1391860000597,-84.43958,2026-06-10T19:43:17.000,BREATH - 6C1,2026-06-10 19:43:17
39.1390920000597,-84.421167,2026-06-10T19:46:08.000,INVEST - 68A2 ODOR OF SMOKE,2026-06-10 19:46:08
39.1608380000597,-84.426693,2026-06-10T19:47:17.000,SICK - 26D1 NOT ALERT,2026-06-10 19:47:17
39.1387340000597,-84.443521,2026-06-10T19:50:42.000,PERDWN - 32D1 UNKNOWN,2026-06-10 19:50:42
39.1035290000598,-84.553477,2026-06-10T20:00:26.000,SICK - 26A10 UNWELL,2026-06-10 20:00:26
39.1223080000597,-84.578908,2026-06-10T20:05:27.000,FALL - 17D4 NOT ALERT,2026-06-10 20:05:27
39.1887980000597,-84.468531,2026-06-10T20:22:52.000,BREATH - 6C1,2026-06-10 20:22:52
39.1146080000598,-84.41109,2026-06-10T20:23:09.000,DIABETIC - 13A1,2026-06-10 20:23:09
39.1133650000598,-84.572856,2026-06-10T20:26:45.000,CHESTPN - 10C3,2026-06-10 20:26:45
39.1561990000597,-84.418983,2026-06-10T20:27:18.000,FALL - 17A2,2026-06-10 20:27:18
39.1431640000597,-84.472161,2026-06-10T20:31:14.000,FALL - 17B1,2026-06-10 20:31:14
39.1444320000597,-84.584063,2026-06-10T20:33:28.000,SICK - 26C2 ABNORMAL BREATH,2026-06-10 20:33:28
39.1327690000598,-84.413538,2026-06-10T20:38:45.000,=EMS - (C),2026-06-10 20:38:45
39.1570110000597,-84.540622,2026-06-10T20:46:51.000,=EMS - (C),2026-06-10 20:46:51
39.1147600000598,-84.527988,2026-06-10T20:51:57.000,DOMINJ - (C) =,2026-06-10 20:51:57
39.1749580000597,-84.472687,2026-06-10T20:53:06.000,=EMS1 - ALS1 RESPONSE,2026-06-10 20:53:06
39.1395510000597,-84.490633,2026-06-10T20:57:30.000,SICK - 26D1 NOT ALERT,2026-06-10 20:57:30
39.1089110000598,-84.597022,2026-06-10T21:04:36.000,EMS,2026-06-10 21:04:36
39.1315460000597,-84.587539,2026-06-10T21:07:53.000,BREATH - 6C1O,2026-06-10 21:07:53
39.1262250000597,-84.502857,2026-06-10T21:24:32.000,BLEED - 21D4 DANGEROUS BLEED,2026-06-10 21:24:32
39.2009680000597,-84.462354,2026-06-10T21:28:38.000,ABDOM - 1C6,2026-06-10 21:28:38
39.1480950000598,-84.560688,2026-06-10T21:45:31.000,SICK - 26C2 ABNORMAL BREATH,2026-06-10 21:45:31
39.1507490000597,-84.408622,2026-06-10T21:56:34.000,STROKE - 28C2F CLEAR EVIDENCE,2026-06-10 21:56:34
39.1417020000598,-84.491555,2026-06-10T21:57:54.000,SICK - 26A8 PAIN,2026-06-10 21:57:54
39.1751020000597,-84.473818,2026-06-10T22:10:28.000,EMS - (C)(W) =,2026-06-10 22:10:28
39.0982580000598,-84.52737,2026-06-10T22:13:50.000,OD - (C) 23D2A ACCIDENTAL,2026-06-10 22:13:50
39.1074590000597,-84.526793,2026-06-10T22:16:16.000,ASSLTI - (C) =,2026-06-10 22:16:16
39.1019850000598,-84.51235,2026-06-10T22:20:53.000,EMS,2026-06-10 22:20:53
39.0954050000598,-84.385949,2026-06-10T22:26:22.000,SEIZURE - 12C5 STROKE HX,2026-06-10 22:26:22
39.1499180000597,-84.562414,2026-06-10T22:36:19.000,SICK - 26A8 PAIN,2026-06-10 22:36:19
39.1731170000597,-84.431491,2026-06-10T22:38:37.000,ABDOM - 1A1,2026-06-10 22:38:37
39.1101680000598,-84.576987,2026-06-10T22:41:09.000,DIABETIC - 13C3,2026-06-10 22:41:09
39.1957520000597,-84.566668,2026-06-10T22:42:48.000,CHESTPN - 10D2 DIFF SPEAKING,2026-06-10 22:42:48
39.1457460000597,-84.514939,2026-06-10T23:03:37.000,INVEST - 68A2 ODOR OF SMOKE,2026-06-10 23:03:37
39.1121290000598,-84.51625,2026-06-10T23:06:10.000,PERDWN - 32D1 UNKNOWN,2026-06-10 23:06:10
39.1121640000598,-84.515125,2026-06-10T23:06:28.000,SEIZURE - 12D2 MULTIPLE,2026-06-10 23:06:28
39.1841140000597,-84.560492,2026-06-10T23:17:05.000,SICK - 26A8 PAIN,2026-06-10 23:17:05
39.1241670000598,-84.581013,2026-06-10T23:34:40.000,CHESTPN - 10D1 NOT ALERT,2026-06-10 23:34:40
39.1315280000598,-84.487259,2026-06-10T23:35:33.000,CHESTPN - 10D2 DIFF SPEAKING,2026-06-10 23:35:33
39.2009170000597,-84.524052,2026-06-10T23:54:47.000,FALL - 17A2,2026-06-10 23:54:47
39.1780460000597,-84.510008,2026-06-11T00:41:41.000,SEIZURE - 12C3 DIABETIC,2026-06-11 00:41:41
39.1503090000597,-84.487086,2026-06-11T00:43:11.000,FALL - 17B1,2026-06-11 00:43:11
39.1931180000597,-84.543556,2026-06-11T00:51:31.000,BLEED - 21D3 NOT ALERT,2026-06-11 00:51:31
39.1120440000598,-84.515375,2026-06-11T00:58:18.000,ASSLTI - (C) =,2026-06-11 00:58:18
39.1001630000598,-84.499397,2026-06-11T01:24:58.000,EMS,2026-06-11 01:24:58
39.0992360000598,-84.5633,2026-06-11T01:25:41.000,CHESTPN - 10D2 DIFF SPEAKING,2026-06-11 01:25:41
39.1308740000598,-84.524214,2026-06-11T01:43:10.000,SICK - 26C2 ABNORMAL BREATH,2026-06-11 01:43:10
39.1198770000597,-84.549316,2026-06-11T01:51:10.000,CHESTPN - 10D1 NOT ALERT,2026-06-11 01:51:10
39.1190270000597,-84.547876,2026-06-11T01:51:53.000,CHESTPN - 10D5 CARDIAC HX,2026-06-11 01:51:53
39.1045530000598,-84.50988,2026-06-11T01:57:26.000,FAINT - 31D3,2026-06-11 01:57:26
39.1042910000598,-84.588613,2026-06-11T02:08:43.000,SICK - 26A1,2026-06-11 02:08:43
39.1170100000598,-84.529537,2026-06-11T02:12:59.000,BREATH - 6C1,2026-06-11 02:12:59
39.1083450000597,-84.584203,2026-06-11T02:15:14.000,SICK - 26A4 FEVER,2026-06-11 02:15:14
39.1055130000598,-84.595422,2026-06-11T02:25:24.000,BREATH - 6D2,2026-06-11 02:25:24
39.1264670000598,-84.603958,2026-06-11T02:48:21.000,PERDWN - 32D1 UNKNOWN,2026-06-11 02:48:21
39.1388100000597,-84.605002,2026-06-11T02:50:03.000,EMS,2026-06-11 02:50:03
39.1500420000597,-84.491005,2026-06-11T03:04:25.000,PERDWN - 32B2 MEDICAL ALARM,2026-06-11 03:04:25
39.1241870000598,-84.569093,2026-06-11T03:16:35.000,SICK - 26C3 SICKLE CELL,2026-06-11 03:16:35
39.0949250000598,-84.563185,2026-06-11T03:41:31.000,BLEED - 21D5 ABNORMAL BREATH,2026-06-11 03:41:31
39.1117680000598,-84.526602,2026-06-11T03:42:04.000,FAINT - 31C1 ABNORMAL BREATH,2026-06-11 03:42:04
39.1139310000598,-84.572029,2026-06-11T03:58:24.000,SICK - 26C2 ABNORMAL BREATH,2026-06-11 03:58:24
39.1290400000597,-84.593648,2026-06-11T04:03:02.000,SICK - 26A8 PAIN,2026-06-11 04:03:02
39.1820960000597,-84.510196,2026-06-11T04:08:28.000,SICK - 26A11 VOMITING,2026-06-11 04:08:28
39.1811860000597,-84.511916,2026-06-11T04:57:30.000,SICK - 26D1 NOT ALERT,2026-06-11 04:57:30
39.1117890000598,-84.557834,2026-06-11T05:12:52.000,BREATH - 6D2A ASTHMA,2026-06-11 05:12:52
39.1492180000597,-84.563484,2026-06-11T05:34:52.000,PERDWN - 32B1 PT MOV/TALK,2026-06-11 05:34:52
39.1292470000598,-84.488665,2026-06-11T06:35:03.000,ASSLTI - (C)(W) =,2026-06-11 06:35:03
39.2048980000597,-84.456016,2026-06-11T06:40:57.000,SEIZURE - 12D4,2026-06-11 06:40:57
39.1487090000597,-84.407116,2026-06-11T06:52:26.000,CHESTPN - 10C3,2026-06-11 06:52:26
39.1020770000598,-84.505861,2026-06-11T07:00:32.000,CHESTPN - 10C3,2026-06-11 07:00:32
39.0914670000598,-84.391812,2026-06-11T07:06:37.000,CHESTPN - 10C3,2026-06-11 07:06:37
39.1657700000597,-84.532825,2026-06-11T07:08:26.000,INVEST - 68A2 ODOR OF SMOKE,2026-06-11 07:08:26
39.1747210000597,-84.459701,2026-06-11T07:39:12.000,FALL - 17B1,2026-06-11 07:39:12
39.1992670000597,-84.456179,2026-06-11T07:44:44.000,ASSLTI - (C)(W) =,2026-06-11 07:44:44
39.1565910000597,-84.382771,2026-06-11T07:45:29.000,CHESTPN - 10D4 CLAMMY,2026-06-11 07:45:29
39.1282740000598,-84.594313,2026-06-11T08:11:11.000,DIABETIC - 13C1 NOT ALERT,2026-06-11 08:11:11
39.1809170000597,-84.511726,2026-06-11T08:15:16.000,BLEED - 21A1,2026-06-11 08:15:16
39.1282680000598,-84.485298,2026-06-11T08:32:05.000,BREATH - 6D2,2026-06-11 08:32:05
39.1581320000597,-84.558607,2026-06-11T08:34:30.000,SICK - 26A10 UNWELL,2026-06-11 08:34:30
39.1827240000597,-84.560818,2026-06-11T08:37:05.000,FAINT - 31D4 NOT ALERT,2026-06-11 08:37:05
39.1749380000597,-84.433747,2026-06-11T08:37:54.000,FAINT - 31C1 ABNORMAL BREATH,2026-06-11 08:37:54
39.1304350000598,-84.502493,2026-06-11T08:43:08.000,=EMS1 - ALS1 RESPONSE,2026-06-11 08:43:08
39.1240690000597,-84.408399,2026-06-11T08:47:12.000,SEIZURE - 12D2 MULTIPLE,2026-06-11 08:47:12
39.1418590000597,-84.536441,2026-06-11T09:02:30.000,SEIZURE - 12D4,2026-06-11 09:02:30
39.1406420000597,-84.584783,2026-06-11T09:05:31.000,SICK - 26A7 IMMOBILE,2026-06-11 09:05:31
39.1314560000598,-84.597953,2026-06-11T09:09:10.000,SICK - 26A8 PAIN,2026-06-11 09:09:10
39.1176610000597,-84.524288,2026-06-11T09:21:31.000,CHESTPN - 10C3,2026-06-11 09:21:31
39.1672500000597,-84.38816,2026-06-11T09:33:05.000,SICK - 26C1 ALTERED LOC,2026-06-11 09:33:05
39.1462380000597,-84.549699,2026-06-11T09:35:58.000,EMS,2026-06-11 09:35:58
39.1070800000598,-84.50797,2026-06-11T09:36:12.000,OD - 23C8A ACCIDENTAL,2026-06-11 09:36:12
39.1230520000598,-84.574868,2026-06-11T09:40:08.000,EMS,2026-06-11 09:40:08
39.1518930000598,-84.409841,2026-06-11T09:51:59.000,FALL - 17D4 NOT ALERT,2026-06-11 09:51:59
39.1148110000597,-84.574457,2026-06-11T10:02:21.000,EYEPRB - 16A1 MODERATE,2026-06-11 10:02:21
39.2035570000597,-84.541173,2026-06-11T10:03:02.000,EMS,2026-06-11 10:03:02
39.1229100000597,-84.57313,2026-06-11T10:10:52.000,BLEED - 21A1,2026-06-11 10:10:52
39.1609730000598,-84.420547,2026-06-11T10:13:22.000,BREATH - 6D1O NOT ALERT,2026-06-11 10:13:22
39.1195110000598,-84.499804,2026-06-11T10:15:58.000,SICK - 26D1 NOT ALERT,2026-06-11 10:15:58
39.1322350000597,-84.497697,2026-06-11T10:17:12.000,FALL - 17B3 STAIRS,2026-06-11 10:17:12
39.1672940000597,-84.468949,2026-06-11T10:22:59.000,SICK - 26C1 ALTERED LOC,2026-06-11 10:22:59
39.1257070000598,-84.570283,2026-06-11T10:26:59.000,SICK - 26C2 ABNORMAL BREATH,2026-06-11 10:26:59
39.1347800000597,-84.53193,2026-06-11T10:30:56.000,BREATH - 6D2E EMPHYSEMA,2026-06-11 10:30:56
39.2054970000597,-84.458214,2026-06-11T10:31:48.000,BLEED - 21D5 ABNORMAL BREATH,2026-06-11 10:31:48
39.1150420000597,-84.522195,2026-06-11T10:32:49.000,BREATH - 6D4O CLAMMY,2026-06-11 10:32:49
39.1451950000597,-84.429342,2026-06-11T10:40:25.000,CHESTPN - 10C3,2026-06-11 10:40:25
39.1199180000598,-84.508377,2026-06-11T10:53:55.000,SICK - 26A8 PAIN,2026-06-11 10:53:55
39.1269520000598,-84.499093,2026-06-11T11:39:29.000,SEIZURE - 12A1,2026-06-11 11:39:29
39.2152600000597,-84.487504,2026-06-11T11:44:46.000,SICK - 26D1 NOT ALERT,2026-06-11 11:44:46
39.1477140000598,-84.611385,2026-06-11T11:47:19.000,BREATH - 6D2,2026-06-11 11:47:19
39.0867560000598,-84.389344,2026-06-11T11:50:06.000,SICK - 26C2 ABNORMAL BREATH,2026-06-11 11:50:06
39.1378690000597,-84.604128,2026-06-11T11:53:18.000,EMS,2026-06-11 11:53:18
39.1617030000597,-84.407776,2026-06-11T11:57:03.000,BLEED - 21D4 DANGEROUS BLEED,2026-06-11 11:57:03
39.1315570000598,-84.488382,2026-06-11T11:57:43.000,STROKE - 28C7 VISION PROBLEMS,2026-06-11 11:57:43
39.1607230000597,-84.407686,2026-06-11T12:06:58.000,FALL - 17B1,2026-06-11 12:06:58
39.1784080000597,-84.412766,2026-06-11T12:09:46.000,CHESTPN - 10D1 NOT ALERT,2026-06-11 12:09:46
39.1589170000597,-84.496581,2026-06-11T12:10:55.000,HEARTPRB - 19C2 ABNORM BREATH,2026-06-11 12:10:55
39.0863540000598,-84.570244,2026-06-11T12:14:45.000,FAINT - 31A1,2026-06-11 12:14:45
39.0757600000598,-84.37099,2026-06-11T12:17:51.000,CHESTPN - 10D5 CARDIAC HX,2026-06-11 12:17:51
39.1606930000597,-84.407506,2026-06-11T12:29:37.000,SICK - 26A8 PAIN,2026-06-11 12:29:37
39.1572340000597,-84.558624,2026-06-11T12:30:41.000,DOMINJ - (C) =,2026-06-11 12:30:41
39.1671900000597,-84.47052,2026-06-11T12:38:20.000,SICK - 26D1 NOT ALERT,2026-06-11 12:38:20
39.1978350000597,-84.478071,2026-06-11T12:39:46.000,FALL - 17D4 NOT ALERT,2026-06-11 12:39:46
39.1985200000597,-84.478207,2026-06-11T12:45:38.000,FALL - 17C2 FAINTING,2026-06-11 12:45:38
39.1139650000598,-84.517042,2026-06-11T12:50:49.000,BREATH - 6D1O NOT ALERT,2026-06-11 12:50:49
39.1298460000597,-84.605089,2026-06-11T12:54:24.000,EMS,2026-06-11 12:54:24
39.1474300000597,-84.611602,2026-06-11T13:04:20.000,HEADACHE - 18C1C POSS STROKE,2026-06-11 13:04:20
39.1334650000598,-84.512811,2026-06-11T13:18:23.000,FAINT - 31A3,2026-06-11 13:18:23
39.1475690000597,-84.571007,2026-06-11T13:18:27.000,BLEED - 21A1,2026-06-11 13:18:27
39.1342430000598,-84.609789,2026-06-11T13:21:11.000,PERDWN - 32D1 UNKNOWN,2026-06-11 13:21:11
39.1921520000597,-84.461809,2026-06-11T13:23:33.000,PERDWN - 32B2 MEDICAL ALARM,2026-06-11 13:23:33
39.2001510000597,-84.540537,2026-06-11T13:28:50.000,BREATH - 6D2,2026-06-11 13:28:50
39.0979380000598,-84.52571,2026-06-11T13:33:51.000,FALL - 17D4 NOT ALERT,2026-06-11 13:33:51
39.1305380000597,-84.489583,2026-06-11T13:34:29.000,FAINT - 31D4 NOT ALERT,2026-06-11 13:34:29
39.1424540000597,-84.556409,2026-06-11T13:38:16.000,BURN - 7A1 MINOR,2026-06-11 13:38:16
39.1634790000597,-84.488177,2026-06-11T13:38:22.000,SICK - 26D1 NOT ALERT,2026-06-11 13:38:22
39.1437180000597,-84.621121,2026-06-11T13:39:07.000,FAINT - 31D4 NOT ALERT,2026-06-11 13:39:07
39.1130550000598,-84.517272,2026-06-11T13:53:04.000,=PERDWN,2026-06-11 13:53:04
39.1147720000597,-84.520985,2026-06-11T13:53:20.000,SICK - 26C2 ABNORMAL BREATH,2026-06-11 13:53:20
39.1123680000597,-84.517378,2026-06-11T13:53:41.000,FAINT - 31D4 NOT ALERT,2026-06-11 13:53:41
39.0901870000598,-84.569245,2026-06-11T13:56:51.000,LIFT - 17A4,2026-06-11 13:56:51
39.0931170000598,-84.514734,2026-06-11T14:02:39.000,LIFT - 17A4,2026-06-11 14:02:39
39.1067900000598,-84.512971,2026-06-11T14:08:58.000,=EMS1 - ALS1 RESPONSE,2026-06-11 14:08:58
39.2001900000597,-84.51493,2026-06-11T14:12:46.000,SICK - 26A1,2026-06-11 14:12:46
39.1129760000598,-84.576718,2026-06-11T14:20:44.000,FAINT - 31D2 ABNORMAL BREATH,2026-06-11 14:20:44
39.1181440000597,-84.443624,2026-06-11T14:24:20.000,=PERDWN,2026-06-11 14:24:20
39.0911370000598,-84.39558,2026-06-11T14:27:24.000,SICK - 26C1 ALTERED LOC,2026-06-11 14:27:24
39.1167400000598,-84.514241,2026-06-11T14:28:05.000,CHESTPN - 10D4 CLAMMY,2026-06-11 14:28:05
39.2128180000597,-84.481732,2026-06-11T14:31:10.000,SICK - 26C1 ALTERED LOC,2026-06-11 14:31:10
39.1160270000598,-84.595057,2026-06-11T14:45:32.000,PERDWN - 32D1 UNKNOWN,2026-06-11 14:45:32
39.1152720000597,-84.514013,2026-06-11T14:53:34.000,SEIZURE - 12A1,2026-06-11 14:53:34
39.1084080000598,-84.528664,2026-06-11T14:53:59.000,BREATH - 6D2O,2026-06-11 14:53:59
39.1410020000598,-84.491595,2026-06-11T14:55:28.000,SICK - 26C2 ABNORMAL BREATH,2026-06-11 14:55:28
39.1429670000598,-84.510238,2026-06-11T14:58:44.000,FAINT - 31A1,2026-06-11 14:58:44
39.1003310000598,-84.511284,2026-06-11T14:59:01.000,CHESTPN - 10D1 NOT ALERT,2026-06-11 14:59:01
39.1545580000597,-84.431491,2026-06-11T15:06:42.000,=EMS1 - ALS1 RESPONSE,2026-06-11 15:06:42
39.1450800000597,-84.458728,2026-06-11T15:07:31.000,SICK - 26A9 TRANSPORT ONLY,2026-06-11 15:07:31
39.1602540000597,-84.420797,2026-06-11T15:08:23.000,ABDOM - 1A1,2026-06-11 15:08:23
39.2159070000597,-84.485729,2026-06-11T15:24:33.000,SICK - 26C1 ALTERED LOC,2026-06-11 15:24:33
39.1227240000597,-84.533025,2026-06-11T15:34:44.000,EMS - (C) =,2026-06-11 15:34:44
39.1831840000597,-84.561688,2026-06-11T15:35:47.000,CHESTPN - 10D4 CLAMMY,2026-06-11 15:35:47
39.1422140000597,-84.468846,2026-06-11T15:37:40.000,CHESTPN - 10A1,2026-06-11 15:37:40
39.1579660000597,-84.427066,2026-06-11T15:38:47.000,BREATH - 6D2A ASTHMA,2026-06-11 15:38:47
39.1438500000597,-84.457998,2026-06-11T15:48:26.000,BLEED - 21D4 DANGEROUS BLEED,2026-06-11 15:48:26
39.1167860000598,-84.561753,2026-06-11T15:53:57.000,EMS,2026-06-11 15:53:57
39.1918200000597,-84.480923,2026-06-11T16:03:51.000,"TRAP - 22C1 NON-MVA, INJURIES",2026-06-11 16:03:51
39.1037080000598,-84.521217,2026-06-11T16:06:31.000,CHESTPN - 10C1 ABNORMAL BREATH,2026-06-11 16:06:31
39.1086990000598,-84.51089,2026-06-11T16:11:42.000,PERDWN - 32D1 UNKNOWN,2026-06-11 16:11:42
39.1190180000598,-84.520917,2026-06-11T16:13:39.000,BREATH - 6D1A NOT ALERT,2026-06-11 16:13:39
39.1412050000597,-84.502084,2026-06-11T16:17:19.000,CHESTPN - 10D4 CLAMMY,2026-06-11 16:17:19
39.1251570000597,-84.501347,2026-06-11T16:18:06.000,SEIZURE - 12B1,2026-06-11 16:18:06
39.2055390000597,-84.53666,2026-06-11T16:24:27.000,CHESTPN - 10D2 DIFF SPEAKING,2026-06-11 16:24:27
39.1372970000598,-84.475748,2026-06-11T16:54:48.000,BLEED - 21D3 NOT ALERT,2026-06-11 16:54:48
39.1988510000597,-84.457096,2026-06-11T17:00:42.000,PERDWN - 32B3 UNKNOWN,2026-06-11 17:00:42
39.1676950000597,-84.387815,2026-06-11T17:09:02.000,FALL - 17B4,2026-06-11 17:09:02
39.1083230000598,-84.688413,2026-06-11T17:10:39.000,BLEED - 21A1,2026-06-11 17:10:39
39.1018690000598,-84.496637,2026-06-11T17:13:46.000,SEIZURE - 12D4,2026-06-11 17:13:46
39.2163880000597,-84.482976,2026-06-11T17:19:01.000,DOMINJ - (C) =,2026-06-11 17:19:01
39.2020640000597,-84.46008,2026-06-11T17:31:22.000,=EMS1 - ALS1 RESPONSE,2026-06-11 17:31:22
39.1121450000598,-84.527471,2026-06-11T17:43:03.000,SICK - 26A10 UNWELL,2026-06-11 17:43:03
39.1288200000598,-84.509686,2026-06-11T17:44:48.000,SICK - 26C1 ALTERED LOC,2026-06-11 17:44:48
39.1457860000597,-84.49452,2026-06-11T17:54:57.000,CHESTPN - 10D2 DIFF SPEAKING,2026-06-11 17:54:57
39.1903550000597,-84.46909,2026-06-11T18:03:50.000,PERDWN - 32D1 UNKNOWN,2026-06-11 18:03:50
39.1071570000598,-84.579127,2026-06-11T18:05:41.000,OD - (C) 23C2A ACCIDENTAL,2026-06-11 18:05:41
39.1032900000598,-84.51746,2026-06-11T18:06:40.000,=EMS1 - ALS1 RESPONSE,2026-06-11 18:06:40
39.1552700000597,-84.58146,2026-06-11T18:06:55.000,STROKE - 28C3F CLEAR EVIDENCE,2026-06-11 18:06:55
39.1617670000597,-84.385991,2026-06-11T18:11:25.000,PERDWN - 32B3 UNKNOWN,2026-06-11 18:11:25
39.2152080000597,-84.482846,2026-06-11T18:12:58.000,=EMS1 - ALS1 RESPONSE,2026-06-11 18:12:58
39.1585870000597,-84.539953,2026-06-11T18:16:03.000,PERDWN - 32D1 UNKNOWN,2026-06-11 18:16:03
39.1743420000597,-84.462701,2026-06-11T18:17:13.000,FAINT - 31D3,2026-06-11 18:17:13
39.1390530000597,-84.532671,2026-06-11T18:18:22.000,HEADACHE - 18C2 ABNORM BREATH,2026-06-11 18:18:22
39.1042560000598,-84.552935,2026-06-11T18:26:17.000,FAINT - 31A1,2026-06-11 18:26:17
39.1441690000597,-84.519897,2026-06-11T18:27:38.000,DIABETIC - 13C1 NOT ALERT,2026-06-11 18:27:38
39.1213600000598,-84.531563,2026-06-11T18:32:50.000,SICK - 26A5 GEN WEAKNESS,2026-06-11 18:32:50
39.1453600000597,-84.459748,2026-06-11T18:32:53.000,PERDWN - 32B3 UNKNOWN,2026-06-11 18:32:53
39.1589630000597,-84.395063,2026-06-11T18:34:07.000,FAINT - 31D4 NOT ALERT,2026-06-11 18:34:07
39.1548810000597,-84.551527,2026-06-11T18:37:32.000,CHESTPN - 10D2 DIFF SPEAKING,2026-06-11 18:37:32
39.1102510000598,-84.502808,2026-06-11T18:46:20.000,=EMS2 - ALS2 RESPONSE,2026-06-11 18:46:20
39.1910980000597,-84.45771,2026-06-11T18:58:59.000,SICK - 26A8 PAIN,2026-06-11 18:58:59
39.0844520000598,-84.583502,2026-06-11T19:00:51.000,CHESTPN - 10D2 DIFF SPEAKING,2026-06-11 19:00:51
39.1269830000598,-84.605887,2026-06-11T19:08:17.000,=OD - (C),2026-06-11 19:08:17
39.1174340000597,-84.530321,2026-06-11T19:10:39.000,PERDWN - 32B2 MEDICAL ALARM,2026-06-11 19:10:39
39.1799220000597,-84.509464,2026-06-11T19:11:36.000,BLEED - 21D5 ABNORMAL BREATH,2026-06-11 19:11:36
39.1810860000597,-84.520037,2026-06-11T19:13:42.000,DIABETIC - 13A1,2026-06-11 19:13:42
39.1013600000597,-84.512407,2026-06-11T19:15:05.000,FAINT - 31C2,2026-06-11 19:15:05
39.1027100000597,-84.513757,2026-06-11T19:19:44.000,FAINT - 31C2,2026-06-11 19:19:44
39.1798750000597,-84.511983,2026-06-11T19:20:26.000,ASSLTI - (C) =,2026-06-11 19:20:26
39.1128800000598,-84.598162,2026-06-11T19:31:42.000,FALL - 17D4 NOT ALERT,2026-06-11 19:31:42
39.0825880000598,-84.380676,2026-06-11T19:36:03.000,SICK - 26C2 ABNORMAL BREATH,2026-06-11 19:36:03
39.1987740000597,-84.477227,2026-06-11T19:46:05.000,ABDOM - 1C5,2026-06-11 19:46:05
39.1165720000597,-84.513853,2026-06-11T19:50:26.000,CHESTPN - 10C3,2026-06-11 19:50:26
39.1022190000598,-84.496207,2026-06-11T19:50:57.000,SICK - 26A1,2026-06-11 19:50:57
39.1112950000598,-84.529283,2026-06-11T19:58:26.000,SICK - 26A8 PAIN,2026-06-11 19:58:26
39.1374070000598,-84.462795,2026-06-11T19:58:53.000,BREATH - 6D1E NOT ALERT,2026-06-11 19:58:53
39.1580010000597,-84.402819,2026-06-11T19:59:16.000,FAINT - 31C2,2026-06-11 19:59:16
39.1147200000598,-84.528778,2026-06-11T19:59:33.000,PREG - 24C4 ABDOMINAL PAIN,2026-06-11 19:59:33
39.1418020000597,-84.493121,2026-06-11T20:09:27.000,PERDWN - 32D1 UNKNOWN,2026-06-11 20:09:27
39.0966330000598,-84.564905,2026-06-11T20:10:54.000,FALL - 17B1,2026-06-11 20:10:54
39.1169160000597,-84.515458,2026-06-11T20:12:13.000,INVEST - 69D5F BURNED FOOD,2026-06-11 20:12:13
39.1273880000597,-84.48577,2026-06-11T20:26:49.000,ASSLTI - (C) =,2026-06-11 20:26:49
39.1069330000598,-84.530497,2026-06-11T20:28:05.000,DOMINJ - (C) =,2026-06-11 20:28:05
39.2172550000597,-84.532695,2026-06-11T20:35:04.000,BREATH - 6D2A ASTHMA,2026-06-11 20:35:04
39.1020250000598,-84.510268,2026-06-11T20:40:13.000,=EMS1 - ALS1 RESPONSE,2026-06-11 20:40:13
39.1083630000598,-84.527402,2026-06-11T20:41:44.000,DIABETIC - 13C1 NOT ALERT,2026-06-11 20:41:44
39.1388470000598,-84.475686,2026-06-11T20:46:14.000,BREATH - 6D2E EMPHYSEMA,2026-06-11 20:46:14
39.1068910000598,-84.509769,2026-06-11T20:52:50.000,=EMS2 - ALS2 RESPONSE,2026-06-11 20:52:50
39.1358320000598,-84.485155,2026-06-11T20:55:19.000,CHESTPN - 10D4 CLAMMY,2026-06-11 20:55:19
39.1141850000598,-84.565443,2026-06-11T21:01:48.000,SEIZURE - 12A2,2026-06-11 21:01:48
39.1100950000598,-84.506571,2026-06-11T21:20:16.000,DOMINJ - (C) =,2026-06-11 21:20:16
39.1112520000597,-84.532408,2026-06-11T21:32:01.000,ARREST - 9E1 NOT BREATHING,2026-06-11 21:32:01
39.1192540000598,-84.504543,2026-06-11T21:38:58.000,BLEED - 21D4 DANGEROUS BLEED,2026-06-11 21:38:58
39.1106050000598,-84.506081,2026-06-11T21:41:48.000,=EMS2 - ALS2 RESPONSE,2026-06-11 21:41:48
39.1846350000597,-84.565465,2026-06-11T21:47:04.000,SEIZURE - 12A3,2026-06-11 21:47:04
39.1754480000597,-84.473047,2026-06-11T21:55:08.000,SICK - 26C2 ABNORMAL BREATH,2026-06-11 21:55:08
39.1084830000598,-84.526772,2026-06-11T21:56:08.000,DIABETIC - 13C1 NOT ALERT,2026-06-11 21:56:08
39.1253490000598,-84.604466,2026-06-11T22:11:32.000,PERDWN - 32D1 UNKNOWN,2026-06-11 22:11:32
39.1143200000598,-84.587241,2026-06-11T22:27:08.000,CHESTPN - 10D2 DIFF SPEAKING,2026-06-11 22:27:08
39.2160920000597,-84.532286,2026-06-11T22:27:42.000,PREG - 24C3 BLEEDING,2026-06-11 22:27:42
39.2148300000597,-84.488094,2026-06-11T22:51:09.000,SICK - 26A8 PAIN,2026-06-11 22:51:09
39.1436890000597,-84.59458,2026-06-11T22:59:12.000,BREATH - 6D2A ASTHMA,2026-06-11 22:59:12
39.1073510000598,-84.688638,2026-06-11T23:12:24.000,PERDWN - 32B2 MEDICAL ALARM,2026-06-11 23:12:24
39.1143600000598,-84.529554,2026-06-11T23:16:50.000,BREATH - 6C1A ASTHMA,2026-06-11 23:16:50
39.1552130000597,-84.58214,2026-06-11T23:18:50.000,SICK - 26A8 PAIN,2026-06-11 23:18:50
39.1438460000598,-84.427577,2026-06-11T23:26:28.000,FALL - 17B1,2026-06-11 23:26:28
39.1670350000597,-84.387065,2026-06-11T23:31:28.000,FALL - 17B4,2026-06-11 23:31:28
39.1191070000598,-84.502905,2026-06-11T23:43:56.000,PREG - 24D3 IMMINENT,2026-06-11 23:43:56
39.1840020000597,-84.427189,2026-06-11T23:47:14.000,INVEST - 69D5O ODOR OF SMOKE,2026-06-11 23:47:14
39.1757300000597,-84.51946,2026-06-11T23:50:21.000,BLEED - 21D3 NOT ALERT,2026-06-11 23:50:21
39.1191460000597,-84.517937,2026-06-11T23:55:38.000,BREATH - 6C1E EMPHYSEMA,2026-06-11 23:55:38
39.1255670000598,-84.604678,2026-06-11T23:56:21.000,PERDWN - 32D1 UNKNOWN,2026-06-11 23:56:21
39.1759140000597,-84.465078,2026-06-11T23:57:39.000,=DOMINJ - (C),2026-06-11 23:57:39
39.1079270000598,-84.511597,2026-06-12T00:13:52.000,FALL - 17A2,2026-06-12 00:13:52
39.1064810000598,-84.568185,2026-06-12T00:30:08.000,FALL - 17B4,2026-06-12 00:30:08
39.1794940000597,-84.55934,2026-06-12T00:36:58.000,FAINT - 31D4 NOT ALERT,2026-06-12 00:36:58
39.1302660000598,-84.598593,2026-06-12T00:49:04.000,FALL - 17B4,2026-06-12 00:49:04
39.1544520000597,-84.50281,2026-06-12T01:22:12.000,CHESTPN - 10D4 CLAMMY,2026-06-12 01:22:12
39.1077520000597,-84.515249,2026-06-12T01:28:57.000,SEIZURE - 12D4,2026-06-12 01:28:57
39.1399020000597,-84.42388,2026-06-12T01:38:00.000,EMS,2026-06-12 01:38:00
39.1055500000597,-84.510184,2026-06-12T01:38:45.000,ABDOM - 1C5,2026-06-12 01:38:45
39.1796010000597,-84.50956,2026-06-12T01:51:28.000,FAINT - 31D3,2026-06-12 01:51:28
39.1438880000597,-84.583392,2026-06-12T01:52:18.000,BREATH - 6D4A ASTHMA,2026-06-12 01:52:18
39.0981440000598,-84.578398,2026-06-12T01:54:50.000,BREATH - 6D1 NOT ALERT,2026-06-12 01:54:50
39.1440380000597,-84.583952,2026-06-12T02:01:45.000,ASSLTI - (C) =,2026-06-12 02:01:45
39.1052890000598,-84.560367,2026-06-12T02:10:05.000,ASSLTI - (C) =,2026-06-12 02:10:05
39.1110840000598,-84.505825,2026-06-12T02:28:59.000,CHESTPN - 10D2 DIFF SPEAKING,2026-06-12 02:28:59
39.1421220000598,-84.491385,2026-06-12T02:30:28.000,ABDOM - 1C6,2026-06-12 02:30:28
39.1790580000597,-84.474363,2026-06-12T02:49:09.000,BLEED - 21C2 DIALYSIS FISTULA,2026-06-12 02:49:09
39.0980940000598,-84.579198,2026-06-12T02:57:22.000,FALL - 17D4 NOT ALERT,2026-06-12 02:57:22
39.1946980000597,-84.551137,2026-06-12T03:20:06.000,SICK - 26A8 PAIN,2026-06-12 03:20:06
39.1478640000597,-84.501603,2026-06-12T03:40:28.000,BREATH - 6D2,2026-06-12 03:40:28
39.1007340000598,-84.512411,2026-06-12T03:49:02.000,INVEST - 69D2O ODOR OF SMOKE,2026-06-12 03:49:02
39.1436290000597,-84.495313,2026-06-12T04:05:18.000,SEIZURE - 12B1,2026-06-12 04:05:18
39.1629610000597,-84.504253,2026-06-12T04:09:09.000,BLEED - 21D5 ABNORMAL BREATH,2026-06-12 04:09:09
39.1624110000597,-84.504143,2026-06-12T04:09:48.000,EMS - (C) =,2026-06-12 04:09:48
39.1309580000598,-84.482454,2026-06-12T04:23:49.000,SICK - 26A8 PAIN,2026-06-12 04:23:49
39.1489610000597,-84.585237,2026-06-12T04:25:09.000,BREATH - 6D4 CLAMMY,2026-06-12 04:25:09
39.1099880000598,-84.529495,2026-06-12T04:28:16.000,FALL - 17D4 NOT ALERT,2026-06-12 04:28:16
39.1436390000597,-84.494853,2026-06-12T04:38:06.000,EMS,2026-06-12 04:38:06
39.1436820000597,-84.525989,2026-06-12T05:07:38.000,FALL - 17B4,2026-06-12 05:07:38
39.1349040000597,-84.553469,2026-06-12T05:18:50.000,CHESTPN - 10D4 CLAMMY,2026-06-12 05:18:50
39.1331500000598,-84.570813,2026-06-12T05:20:10.000,CHESTPN - 10D4 CLAMMY,2026-06-12 05:20:10
39.2011180000597,-84.461594,2026-06-12T05:36:23.000,BLEED - 21D4 DANGEROUS BLEED,2026-06-12 05:36:23
39.1498490000597,-84.496398,2026-06-12T05:37:53.000,FALL - 17B1,2026-06-12 05:37:53
39.0763410000598,-84.605629,2026-06-12T05:51:10.000,SICK - 26A11 VOMITING,2026-06-12 05:51:10
39.1656860000597,-84.548954,2026-06-12T05:58:09.000,FALL - 17B4,2026-06-12 05:58:09
39.1516600000598,-84.4117,2026-06-12T06:06:49.000,LIFT - 17A4,2026-06-12 06:06:49
39.2025500000597,-84.463202,2026-06-12T06:13:55.000,FALL - 17D5 SOB,2026-06-12 06:13:55
39.1936800000597,-84.484111,2026-06-12T06:22:21.000,CHESTPN - 10D5 CARDIAC HX,2026-06-12 06:22:21
39.1983610000597,-84.456036,2026-06-12T06:32:11.000,SICK - 26A6 NAUSEA,2026-06-12 06:32:11
39.1321180000598,-84.487849,2026-06-12T06:38:28.000,CHESTPN - 10D4 CLAMMY,2026-06-12 06:38:28
39.0981340000598,-84.511409,2026-06-12T06:40:32.000,FAINT - 31D3,2026-06-12 06:40:32
39.1693450000597,-84.547435,2026-06-12T06:47:52.000,FALL - 17D5 SOB,2026-06-12 06:47:52
39.1304960000598,-84.598893,2026-06-12T06:54:08.000,FALL - 17B4,2026-06-12 06:54:08
39.1412620000598,-84.492425,2026-06-12T07:09:32.000,SICK - 26A2 ABNORMAL BP,2026-06-12 07:09:32
39.1126340000598,-84.693497,2026-06-12T07:20:34.000,SICK - 26D1 NOT ALERT,2026-06-12 07:20:34
39.1085670000598,-84.515948,2026-06-12T07:32:22.000,CHESTPN - 10D4 CLAMMY,2026-06-12 07:32:22
39.1627870000597,-84.529714,2026-06-12T07:45:04.000,CHESTPN - 10D5 CARDIAC HX,2026-06-12 07:45:04
39.1272900000598,-84.606546,2026-06-12T08:10:40.000,PERDWN - 32D1 UNKNOWN,2026-06-12 08:10:40
39.1033480000598,-84.507973,2026-06-12T08:22:09.000,EMS,2026-06-12 08:22:09
39.1036990000598,-84.597734,2026-06-12T08:22:19.000,ABDOM - 1C6,2026-06-12 08:22:19
39.1029340000598,-84.509305,2026-06-12T08:27:27.000,SICK - 26C2 ABNORMAL BREATH,2026-06-12 08:27:27
39.1175760000597,-84.517637,2026-06-12T08:35:37.000,PERDWN - 32D1 UNKNOWN,2026-06-12 08:35:37
39.1061560000598,-84.498386,2026-06-12T09:22:06.000,ABDOM - 1A2,2026-06-12 09:22:06
39.2153000000597,-84.487634,2026-06-12T09:41:16.000,BLEED - 21D4 DANGEROUS BLEED,2026-06-12 09:41:16
39.1413590000597,-84.49598,2026-06-12T09:51:01.000,CHESTPN - 10D2 DIFF SPEAKING,2026-06-12 09:51:01
39.1328390000598,-84.589953,2026-06-12T10:09:57.000,SEIZURE - 12D2 MULTIPLE,2026-06-12 10:09:57
39.1278570000598,-84.606778,2026-06-12T10:15:29.000,EMS,2026-06-12 10:15:29
39.1517840000597,-84.379118,2026-06-12T10:20:57.000,SICK - 26A3 VERTIGO,2026-06-12 10:20:57
39.1508100000597,-84.426506,2026-06-12T10:30:10.000,FALL - 17D4 NOT ALERT,2026-06-12 10:30:10
39.0934860000598,-84.380578,2026-06-12T10:32:38.000,BREATH - 6E1 INEFFECT BREATH,2026-06-12 10:32:38
39.1452930000597,-84.492101,2026-06-12T10:38:15.000,STROKE - 28C1 NOT ALERT,2026-06-12 10:38:15
39.1309960000598,-84.599213,2026-06-12T10:40:36.000,FAINT - 31D3,2026-06-12 10:40:36
39.1266090000597,-84.595578,2026-06-12T11:20:13.000,BREATH - 6D4E EMPHYSEMA,2026-06-12 11:20:13
39.1935710000597,-84.534355,2026-06-12T11:25:44.000,INVEST - 69D5O ODOR OF SMOKE,2026-06-12 11:25:44
39.1268580000598,-84.486468,2026-06-12T11:27:41.000,DIABETIC - 13C3,2026-06-12 11:27:41
39.1629060000597,-84.541919,2026-06-12T11:30:57.000,SEIZURE - 12D2 MULTIPLE,2026-06-12 11:30:57
39.1419920000597,-84.475867,2026-06-12T11:31:29.000,FAINT - 31D4 NOT ALERT,2026-06-12 11:31:29
39.1495380000597,-84.495187,2026-06-12T11:34:17.000,SICK - 26A8 PAIN,2026-06-12 11:34:17
39.1080710000597,-84.516069,2026-06-12T11:37:08.000,CHESTPN - 10D2 DIFF SPEAKING,2026-06-12 11:37:08
39.1737760000597,-84.550446,2026-06-12T11:39:47.000,BREATH - 6D2O,2026-06-12 11:39:47
39.0653650000598,-84.408159,2026-06-12T11:43:51.000,INJF - 30D4 DIFF BREATHING,2026-06-12 11:43:51
39.1422820000597,-84.492331,2026-06-12T11:44:22.000,DIABETIC - 13C1 NOT ALERT,2026-06-12 11:44:22
39.1044990000598,-84.561517,2026-06-12T11:44:48.000,FALL - 17A2,2026-06-12 11:44:48
39.1260630000598,-84.560628,2026-06-12T11:48:17.000,BLEED - 21D4 DANGEROUS BLEED,2026-06-12 11:48:17
39.1078800000598,-84.50908,2026-06-12T11:57:40.000,FAINT - 31D4 NOT ALERT,2026-06-12 11:57:40
39.1599580000597,-84.428073,2026-06-12T12:15:19.000,SICK - 26C2 ABNORMAL BREATH,2026-06-12 12:15:19
39.1370820000598,-84.537185,2026-06-12T12:25:12.000,PERDWN - 32D1 UNKNOWN,2026-06-12 12:25:12
39.1438520000597,-84.553951,2026-06-12T12:35:20.000,ARREST - 9E1 NOT BREATHING,2026-06-12 12:35:20
39.1071100000598,-84.50785,2026-06-12T12:44:24.000,PERDWN - 32B3 UNKNOWN,2026-06-12 12:44:24
39.1196110000597,-84.567639,2026-06-12T12:45:02.000,CHESTPN - 10C3,2026-06-12 12:45:02
39.1455440000598,-84.615256,2026-06-12T13:08:53.000,SICK - 26A11 VOMITING,2026-06-12 13:08:53
39.1152160000597,-84.568807,2026-06-12T13:16:41.000,FAINT - 31A3,2026-06-12 13:16:41
39.1070500000598,-84.50936,2026-06-12T13:20:17.000,SEIZURE - 12D2 MULTIPLE,2026-06-12 13:20:17
39.1170320000598,-84.57807,2026-06-12T13:24:01.000,EMS,2026-06-12 13:24:01
39.1293450000598,-84.604339,2026-06-12T13:24:52.000,EMS,2026-06-12 13:24:52
39.1998160000597,-84.457657,2026-06-12T13:27:05.000,FAINT - 31D4 NOT ALERT,2026-06-12 13:27:05
39.2006570000597,-84.457623,2026-06-12T13:27:59.000,=PERDWN,2026-06-12 13:27:59
39.1989260000597,-84.456567,2026-06-12T13:28:03.000,FALL - 17B1,2026-06-12 13:28:03
39.1912190000597,-84.460461,2026-06-12T13:28:38.000,BREATH - 6E1 INEFFECT BREATH,2026-06-12 13:28:38
39.1642190000597,-84.386778,2026-06-12T13:30:17.000,SICK - 26C2 ABNORMAL BREATH,2026-06-12 13:30:17
39.1288990000597,-84.605004,2026-06-12T13:33:08.000,PERDWN - 32D1 UNKNOWN,2026-06-12 13:33:08
39.1902410000597,-84.461033,2026-06-12T13:33:54.000,ASSLTI - (C) =,2026-06-12 13:33:54
39.1105710000598,-84.566728,2026-06-12T13:39:27.000,FAINT - 31D4 NOT ALERT,2026-06-12 13:39:27
39.1269730000597,-84.549134,2026-06-12T13:41:45.000,=EMS - (C),2026-06-12 13:41:45
39.2013300000597,-84.463542,2026-06-12T13:46:51.000,LIFT - 17A4,2026-06-12 13:46:51
39.1331550000597,-84.510706,2026-06-12T13:47:15.000,FAINT - 31D2 ABNORMAL BREATH,2026-06-12 13:47:15
39.1877970000597,-84.512489,2026-06-12T13:48:57.000,FAINT - 31D3,2026-06-12 13:48:57
39.1497430000597,-84.591104,2026-06-12T14:02:21.000,=EMS1 - ALS1 RESPONSE,2026-06-12 14:02:21
39.1635600000597,-84.539385,2026-06-12T14:14:34.000,FALL - 17A3 NON RECENT,2026-06-12 14:14:34
39.2030990000597,-84.54696,2026-06-12T14:15:26.000,BREATH - 6D2,2026-06-12 14:15:26
39.1278930000598,-84.604747,2026-06-12T14:19:11.000,FAINT - 31D3,2026-06-12 14:19:11
39.2188090000597,-84.485007,2026-06-12T14:21:44.000,311 TRANSFER FOR EMS,2026-06-12 14:21:44
39.2053020000597,-84.4646,2026-06-12T14:22:02.000,EMS,2026-06-12 14:22:02
39.2008500000597,-84.464162,2026-06-12T14:26:28.000,FALL - 17B4,2026-06-12 14:26:28
39.1517790000597,-84.408202,2026-06-12T14:34:57.000,SICK - 26A8 PAIN,2026-06-12 14:34:57
39.1613110000597,-84.395794,2026-06-12T14:45:45.000,ABDOM - 1C3,2026-06-12 14:45:45
39.1000300000598,-84.521505,2026-06-12T15:15:43.000,PERDWN - 32D1 UNKNOWN,2026-06-12 15:15:43
39.1043040000598,-84.571231,2026-06-12T15:23:38.000,PERDWN - 32B2 MEDICAL ALARM,2026-06-12 15:23:38
39.1423400000598,-84.50763,2026-06-12T15:35:34.000,EMS,2026-06-12 15:35:34
39.1240870000597,-84.501287,2026-06-12T15:48:04.000,SICK - 26A8 PAIN,2026-06-12 15:48:04
39.2070550000597,-84.459414,2026-06-12T15:49:00.000,"OD - (C) 23C1A NOT ALERT, ACC",2026-06-12 15:49:00
39.0927110000598,-84.389313,2026-06-12T15:55:50.000,LIFT - 17A4,2026-06-12 15:55:50
39.1921420000597,-84.570021,2026-06-12T15:58:26.000,SEIZURE - 12D2 MULTIPLE,2026-06-12 15:58:26
39.1083890000598,-84.578448,2026-06-12T16:00:35.000,FAINT - 31C2,2026-06-12 16:00:35
39.1535290000597,-84.507155,2026-06-12T16:04:23.000,SICK - 26C2 ABNORMAL BREATH,2026-06-12 16:04:23
39.1262190000598,-84.52595,2026-06-12T16:04:51.000,INVEST - 69D5O ODOR OF SMOKE,2026-06-12 16:04:51
39.1182880000598,-84.519847,2026-06-12T16:05:07.000,BREATH - 6C1,2026-06-12 16:05:07
39.1314940000597,-84.528152,2026-06-12T16:06:24.000,BLEED - 21D3 NOT ALERT,2026-06-12 16:06:24
39.1999520000597,-84.460756,2026-06-12T16:08:23.000,BREATH - 6D2,2026-06-12 16:08:23
39.1077590000598,-84.510929,2026-06-12T16:20:42.000,=PERDWN,2026-06-12 16:20:42
39.1870050000597,-84.51279,2026-06-12T16:36:23.000,=ASSLTI - (C),2026-06-12 16:36:23
39.1239540000597,-84.516967,2026-06-12T16:40:45.000,PERDWN - 32B2 MEDICAL ALARM,2026-06-12 16:40:45
39.1471260000597,-84.514925,2026-06-12T16:48:50.000,HEARTPRB - 19C2 ABNORM BREATH,2026-06-12 16:48:50
39.1474220000597,-84.423197,2026-06-12T17:00:42.000,CHESTPN - 10C3,2026-06-12 17:00:42
39.1306460000598,-84.598853,2026-06-12T17:01:18.000,SICK - 26C1 ALTERED LOC,2026-06-12 17:01:18
39.0996710000598,-84.663998,2026-06-12T17:13:41.000,STROKE - 28C2 ABNORMAL BREATH,2026-06-12 17:13:41
39.1407690000597,-84.44353,2026-06-12T17:41:44.000,FALL - 17D5 SOB,2026-06-12 17:41:44
39.1059810000598,-84.567985,2026-06-12T17:44:47.000,FAINT - 31C2,2026-06-12 17:44:47
39.2045220000597,-84.461965,2026-06-12T17:46:25.000,EMS - (C) =,2026-06-12 17:46:25
39.1257200000598,-84.495394,2026-06-12T17:48:35.000,=EMS1 - ALS1 RESPONSE,2026-06-12 17:48:35
39.1037560000597,-84.516176,2026-06-12T17:48:52.000,CHESTPN - 10D1 NOT ALERT,2026-06-12 17:48:52
39.1382900000597,-84.604919,2026-06-12T17:55:18.000,ASSLTI - (C) =,2026-06-12 17:55:18
39.1664350000597,-84.388015,2026-06-12T18:08:24.000,BLEED - 21B1 DANGEROUS,2026-06-12 18:08:24
39.1305880000597,-84.501683,2026-06-12T18:10:56.000,INVEST - 69D2O ODOR OF SMOKE,2026-06-12 18:10:56
39.1610700000597,-84.427543,2026-06-12T18:15:44.000,FAINT - 31D4 NOT ALERT,2026-06-12 18:15:44
39.1123810000597,-84.526256,2026-06-12T18:21:54.000,STROKE - 28C2 ABNORMAL BREATH,2026-06-12 18:21:54
39.1301060000598,-84.598633,2026-06-12T18:42:15.000,LIFT - 17A4,2026-06-12 18:42:15
39.1406800000598,-84.493876,2026-06-12T18:54:50.000,SICK - 26A10 UNWELL,2026-06-12 18:54:50
39.1256180000597,-84.588186,2026-06-12T19:18:08.000,=ASSLTI - (C),2026-06-12 19:18:08
39.1291870000597,-84.576922,2026-06-12T19:21:34.000,=ASSLTI - (C),2026-06-12 19:21:34
39.1254980000597,-84.588886,2026-06-12T19:29:15.000,=EMS1 - ALS1 RESPONSE,2026-06-12 19:29:15
39.1331480000598,-84.56406,2026-06-12T19:37:58.000,EMS - (C) =,2026-06-12 19:37:58
39.2048290000597,-84.453908,2026-06-12T19:48:52.000,OD - (C) 23O1 ACCIDENTAL,2026-06-12 19:48:52
39.1372270000597,-84.586378,2026-06-12T20:09:16.000,SICK - 26A1,2026-06-12 20:09:16
39.1065350000598,-84.52942,2026-06-12T20:11:10.000,ASSLTI - (C) =,2026-06-12 20:11:10
39.1491480000597,-84.563094,2026-06-12T20:14:41.000,SICK - 26C1 ALTERED LOC,2026-06-12 20:14:41
39.1046930000598,-84.594422,2026-06-12T20:35:12.000,LIFT - 17A4,2026-06-12 20:35:12
39.2027020000597,-84.55517,2026-06-12T20:45:45.000,FALL - 17D3 UNCONSIOUS,2026-06-12 20:45:45
39.1666450000597,-84.388175,2026-06-12T20:50:47.000,SICK - 26C1 ALTERED LOC,2026-06-12 20:50:47
39.1289910000597,-84.508907,2026-06-12T20:57:26.000,SEIZURE - 12A2,2026-06-12 20:57:26
39.0970130000598,-84.512389,2026-06-12T21:27:33.000,FALL - 17D4 NOT ALERT,2026-06-12 21:27:33
39.1370580000598,-84.586667,2026-06-12T21:30:19.000,SEIZURE - 12D2 MULTIPLE,2026-06-12 21:30:19
39.1151410000598,-84.52922,2026-06-12T21:31:25.000,DIABETIC - 13C3,2026-06-12 21:31:25
39.1058200000598,-84.581418,2026-06-12T21:48:32.000,=EMS1 - ALS1 RESPONSE,2026-06-12 21:48:32
39.1288470000598,-84.594507,2026-06-12T22:05:06.000,SICK - 26A8 PAIN,2026-06-12 22:05:06
39.1755120000597,-84.410585,2026-06-12T22:06:38.000,PERDWN - 32B2 MEDICAL ALARM,2026-06-12 22:06:38
39.1317660000598,-84.610039,2026-06-12T22:10:19.000,PERDWN - 32D1 UNKNOWN,2026-06-12 22:10:19
39.2013210000597,-84.54309,2026-06-12T22:14:21.000,INVEST - 69D6O ODOR OF SMOKE,2026-06-12 22:14:21
39.1459800000598,-84.61907,2026-06-12T22:14:30.000,SEIZURE - 12D2 MULTIPLE,2026-06-12 22:14:30
39.1681010000597,-84.415752,2026-06-12T22:16:16.000,BLEED - 21B1 DANGEROUS,2026-06-12 22:16:16
39.1102300000598,-84.50684,2026-06-12T22:19:35.000,EMS,2026-06-12 22:19:35
39.1023190000598,-84.513453,2026-06-12T22:28:12.000,SICK - 26C2 ABNORMAL BREATH,2026-06-12 22:28:12
39.1166180000597,-84.577292,2026-06-12T22:30:56.000,BLEED - 21A1,2026-06-12 22:30:56
39.1803200000597,-84.510351,2026-06-12T22:30:58.000,HEARTPRB - 19C2 ABNORM BREATH,2026-06-12 22:30:58
39.1159720000598,-84.519423,2026-06-12T22:31:46.000,=EMS1 - ALS1 RESPONSE,2026-06-12 22:31:46
39.1017230000598,-84.512885,2026-06-12T22:36:34.000,=EMS1 - ALS1 RESPONSE,2026-06-12 22:36:34
39.1904880000597,-84.45717,2026-06-12T22:39:57.000,CHESTPN - 10C1 ABNORMAL BREATH,2026-06-12 22:39:57
39.1433840000597,-84.552618,2026-06-12T22:40:57.000,OD - (C) 23O1 ACCIDENTAL,2026-06-12 22:40:57
39.1162950000598,-84.514383,2026-06-12T22:44:45.000,CHESTPN - 10C1 ABNORMAL BREATH,2026-06-12 22:44:45
39.1148770000598,-84.581753,2026-06-12T22:46:56.000,SEIZURE - 12C4,2026-06-12 22:46:56
39.1449900000597,-84.458848,2026-06-12T22:55:58.000,SICK - 26C2 ABNORMAL BREATH,2026-06-12 22:55:58
39.1462700000597,-84.499374,2026-06-12T23:04:26.000,BREATH - 6C1E EMPHYSEMA,2026-06-12 23:04:26
39.1051930000598,-84.595402,2026-06-12T23:05:46.000,BREATH - 6D2,2026-06-12 23:05:46
39.1370790000597,-84.471877,2026-06-12T23:23:46.000,BREATH - 6D2,2026-06-12 23:23:46
39.1221060000598,-84.501774,2026-06-12T23:30:07.000,EMS,2026-06-12 23:30:07
39.1546880000597,-84.5787,2026-06-12T23:36:48.000,DOMINJ - (C) =,2026-06-12 23:36:48
39.1321010000597,-84.489385,2026-06-12T23:39:21.000,EMS,2026-06-12 23:39:21
39.1983170000597,-84.457738,2026-06-12T23:48:49.000,BREATH - 6D2O,2026-06-12 23:48:49
39.1125840000598,-84.587608,2026-06-12T23:55:08.000,SICK - 26C2 ABNORMAL BREATH,2026-06-12 23:55:08
39.1013640000598,-84.513151,2026-06-12T23:55:30.000,CHESTPN - 10C1 ABNORMAL BREATH,2026-06-12 23:55:30
39.1264100000597,-84.486455,2026-06-12T23:57:28.000,BREATH - 6D4 CLAMMY,2026-06-12 23:57:28
39.1516590000597,-84.533848,2026-06-13T00:16:33.000,SICK - 26A8 PAIN,2026-06-13 00:16:33
39.1334000000597,-84.527304,2026-06-13T00:25:18.000,FAINT - 31D2 ABNORMAL BREATH,2026-06-13 00:25:18
39.1256650000597,-84.502367,2026-06-13T00:26:53.000,SICK - 26A7 IMMOBILE,2026-06-13 00:26:53
39.1403970000597,-84.580766,2026-06-13T00:42:26.000,DIABETIC - 13A1,2026-06-13 00:42:26
39.1848850000597,-84.4236,2026-06-13T00:43:27.000,=PERDWN - MEDICAL ALARM,2026-06-13 00:43:27
39.1288850000598,-84.601774,2026-06-13T00:48:14.000,ASSLTI - (C) =,2026-06-13 00:48:14
39.1135540000598,-84.509379,2026-06-13T00:53:41.000,SICK - 26C1 ALTERED LOC,2026-06-13 00:53:41
39.1580010000597,-84.540208,2026-06-13T01:03:31.000,EMS - (C) =,2026-06-13 01:03:31
39.1070800000598,-84.5081,2026-06-13T01:05:23.000,SICK - 26B1,2026-06-13 01:05:23
39.1137100000598,-84.530134,2026-06-13T01:48:20.000,SICK - 26A11 VOMITING,2026-06-13 01:48:20
39.1365790000598,-84.572662,2026-06-13T01:50:28.000,BLEED - 21D3 NOT ALERT,2026-06-13 01:50:28
39.1005760000598,-84.507742,2026-06-13T01:54:07.000,=EMS - (C),2026-06-13 01:54:07
39.1362140000598,-84.454213,2026-06-13T02:03:04.000,PERDWN - 32D1 UNKNOWN,2026-06-13 02:03:04
39.1522180000597,-84.434863,2026-06-13T02:44:18.000,BREATH - 6D2E EMPHYSEMA,2026-06-13 02:44:18
39.1319280000597,-84.50906,2026-06-13T02:45:18.000,ASSLTI - (C) =,2026-06-13 02:45:18
39.1344040000597,-84.49739,2026-06-13T02:53:41.000,PERDWN - 32D1 UNKNOWN,2026-06-13 02:53:41
39.1244700000597,-84.49081,2026-06-13T02:57:39.000,DOMINJ - (C) =,2026-06-13 02:57:39
39.1362640000597,-84.532299,2026-06-13T03:18:09.000,"OD - (C) 23C5A NARCOTIC, ACC",2026-06-13 03:18:09
39.1064100000598,-84.499374,2026-06-13T03:34:35.000,FALL - 17A2,2026-06-13 03:34:35
39.1484810000597,-84.601604,2026-06-13T03:36:38.000,FALL - 17B4,2026-06-13 03:36:38
39.1351220000597,-84.48303,2026-06-13T03:48:14.000,EMS,2026-06-13 03:48:14
39.1072840000598,-84.682886,2026-06-13T03:50:48.000,BREATH - 6D2A ASTHMA,2026-06-13 03:50:48
39.0859140000598,-84.575342,2026-06-13T04:00:12.000,BREATH - 6D1 NOT ALERT,2026-06-13 04:00:12
39.1557640000597,-84.503194,2026-06-13T04:28:28.000,BREATH - 6D2A ASTHMA,2026-06-13 04:28:28
39.1957370000597,-84.478685,2026-06-13T04:33:09.000,PERDWN - 32B3 UNKNOWN,2026-06-13 04:33:09
39.1111480000598,-84.507602,2026-06-13T04:40:47.000,CHESTPN - 10D5 CARDIAC HX,2026-06-13 04:40:47
39.1723000000597,-84.51807,2026-06-13T05:23:17.000,DOMINJ - (C) =,2026-06-13 05:23:17
39.1135310000598,-84.518233,2026-06-13T05:28:28.000,SEIZURE - 12D2 MULTIPLE,2026-06-13 05:28:28
39.1733370000597,-84.430771,2026-06-13T05:39:01.000,BLEED - 21D3 NOT ALERT,2026-06-13 05:39:01
39.2086640000597,-84.471686,2026-06-13T05:42:30.000,PERDWN - 32B2 MEDICAL ALARM,2026-06-13 05:42:30
39.1523990000597,-84.386008,2026-06-13T05:45:15.000,ABDOM - 1A1,2026-06-13 05:45:15
39.1876640000597,-84.434874,2026-06-13T06:02:34.000,BREATH - 6D4 CLAMMY,2026-06-13 06:02:34
39.1346240000597,-84.49696,2026-06-13T06:05:38.000,PERDWN - 32D1 UNKNOWN,2026-06-13 06:05:38
39.1015490000597,-84.519885,2026-06-13T06:39:20.000,FALL - 17B4,2026-06-13 06:39:20
39.1286250000598,-84.604539,2026-06-13T06:44:49.000,PERDWN - 32B3 UNKNOWN,2026-06-13 06:44:49
39.1510430000598,-84.487051,2026-06-13T07:24:33.000,FAINT - 31D1 AGONAL BREATHING,2026-06-13 07:24:33
39.1222830000597,-84.603683,2026-06-13T08:04:08.000,PERDWN - 32D1 UNKNOWN,2026-06-13 08:04:08
39.1035670000598,-84.51202,2026-06-13T08:15:43.000,PERDWN - 32D1 UNKNOWN,2026-06-13 08:15:43
39.1310470000597,-84.508959,2026-06-13T08:16:59.000,EMS - (C) =,2026-06-13 08:16:59
39.1419760000597,-84.493882,2026-06-13T08:19:14.000,BREATH - 6E1 INEFFECT BREATH,2026-06-13 08:19:14
39.1231590000598,-84.602249,2026-06-13T08:35:30.000,EMS,2026-06-13 08:35:30
39.1364110000597,-84.511008,2026-06-13T08:39:38.000,PERDWN - 32D1 UNKNOWN,2026-06-13 08:39:38
39.1486650000598,-84.558968,2026-06-13T08:40:54.000,CHESTPN - 10D4 CLAMMY,2026-06-13 08:40:54
39.1306350000597,-84.594528,2026-06-13T08:49:16.000,CHESTPN - 10C3,2026-06-13 08:49:16
39.1415410000597,-84.438805,2026-06-13T09:10:04.000,FAINT - 31C2,2026-06-13 09:10:04
39.1944210000597,-84.540211,2026-06-13T09:14:27.000,CHESTPN - 10D5 CARDIAC HX,2026-06-13 09:14:27
39.1144430000598,-84.585006,2026-06-13T09:19:18.000,PERDWN - 32B1 PT MOV/TALK,2026-06-13 09:19:18
39.1566900000597,-84.390541,2026-06-13T09:19:24.000,SICK - 26O3 BUMPS,2026-06-13 09:19:24
39.0973640000598,-84.558392,2026-06-13T09:33:37.000,BREATH - 6C1,2026-06-13 09:33:37
39.1441800000598,-84.48934,2026-06-13T09:44:56.000,FAINT - 31D2 ABNORMAL BREATH,2026-06-13 09:44:56
39.1120590000598,-84.558634,2026-06-13T10:07:57.000,BREATH - 6D2A ASTHMA,2026-06-13 10:07:57
39.1191570000597,-84.548676,2026-06-13T10:11:59.000,=EMS1 - ALS1 RESPONSE,2026-06-13 10:11:59
39.1819890000597,-84.427109,2026-06-13T10:19:23.000,FALL - 17B1,2026-06-13 10:19:23
39.1097260000598,-84.514645,2026-06-13T10:23:29.000,"OD - (C) 23E1A ARREST, ACC",2026-06-13 10:23:29
39.2185290000597,-84.486923,2026-06-13T10:33:35.000,BLEED - 21D5 ABNORMAL BREATH,2026-06-13 10:33:35
39.1332590000597,-84.488848,2026-06-13T10:52:21.000,BREATH - 6C1A ASTHMA,2026-06-13 10:52:21
39.2029830000597,-84.453419,2026-06-13T10:57:03.000,EMS - (C) =,2026-06-13 10:57:03
39.1344310000597,-84.462051,2026-06-13T10:57:21.000,FALL - 17A3 NON RECENT,2026-06-13 10:57:21
39.1797290000597,-84.512937,2026-06-13T11:12:09.000,STROKE - 28C4 SIDE WEAKNESS,2026-06-13 11:12:09
39.1827330000597,-84.510173,2026-06-13T11:38:22.000,SICK - 26O3 BUMPS,2026-06-13 11:38:22
39.1972730000597,-84.538903,2026-06-13T11:46:33.000,FALL - 17A2,2026-06-13 11:46:33
39.1181680000598,-84.520157,2026-06-13T11:58:47.000,SEIZURE - 12D2 MULTIPLE,2026-06-13 11:58:47
39.1015930000598,-84.499137,2026-06-13T12:00:38.000,PERDWN - 32D1 UNKNOWN,2026-06-13 12:00:38
39.1108710000598,-84.514956,2026-06-13T12:02:19.000,PERDWN - 32D1 UNKNOWN,2026-06-13 12:02:19
39.1384350000597,-84.551917,2026-06-13T12:17:01.000,FALL - 17D5 SOB,2026-06-13 12:17:01
39.1111370000598,-84.504757,2026-06-13T12:17:57.000,EMS,2026-06-13 12:17:57
39.1139670000598,-84.584757,2026-06-13T12:19:09.000,FALL - 17B1,2026-06-13 12:19:09
39.1328100000598,-84.571653,2026-06-13T12:31:45.000,SEIZURE - 12C5 STROKE HX,2026-06-13 12:31:45
39.2052310000597,-84.458152,2026-06-13T12:40:45.000,FAINT - 31A1,2026-06-13 12:40:45
39.1672440000597,-84.389985,2026-06-13T12:40:54.000,SICK - 26A11 VOMITING,2026-06-13 12:40:54
39.1135390000597,-84.59118,2026-06-13T12:47:28.000,=EMS1 - ALS1 RESPONSE,2026-06-13 12:47:28
39.1070690000598,-84.509979,2026-06-13T13:00:37.000,=EMS - (C),2026-06-13 13:00:37
39.1588730000597,-84.409578,2026-06-13T13:11:55.000,BREATH - 6D1 NOT ALERT,2026-06-13 13:11:55
39.1618840000597,-84.515177,2026-06-13T13:17:57.000,PERDWN - 32D1 UNKNOWN,2026-06-13 13:17:57
39.1574970000598,-84.5591,2026-06-13T13:20:58.000,BREATH - 6C1,2026-06-13 13:20:58
39.1039920000598,-84.514327,2026-06-13T13:39:57.000,FAINT - 31C1 ABNORMAL BREATH,2026-06-13 13:39:57
39.1437100000598,-84.498535,2026-06-13T13:51:26.000,SICK - 26A8 PAIN,2026-06-13 13:51:26
39.1768850000597,-84.548525,2026-06-13T14:03:35.000,DIABETIC - 13C2,2026-06-13 14:03:35
39.1305400000597,-84.560642,2026-06-13T14:06:23.000,SEIZURE - 12C4,2026-06-13 14:06:23
39.2065220000597,-84.530743,2026-06-13T14:11:18.000,CHESTPN - 10C3,2026-06-13 14:11:18
39.0964560000597,-84.509155,2026-06-13T14:16:51.000,SEIZURE - 12D4,2026-06-13 14:16:51
39.1128890000598,-84.557574,2026-06-13T14:21:39.000,BREATH - 6D1A NOT ALERT,2026-06-13 14:21:39
39.1751970000597,-84.402558,2026-06-13T14:28:54.000,DOMINJ - (C)(W) =,2026-06-13 14:28:54
39.1095960000598,-84.511828,2026-06-13T14:29:27.000,ASSLTI - (C) =,2026-06-13 14:29:27
39.1478850000597,-84.494205,2026-06-13T14:47:41.000,"PREG - 24D3C IMMINENT, PRETERM",2026-06-13 14:47:41
39.1809100000597,-84.518389,2026-06-13T14:48:11.000,CHESTPN - 10C1 ABNORMAL BREATH,2026-06-13 14:48:11
39.1439850000597,-84.440882,2026-06-13T14:50:32.000,FALL - 17A2,2026-06-13 14:50:32
39.1905890000597,-84.570096,2026-06-13T15:00:22.000,BLEED - 21A1,2026-06-13 15:00:22
39.1526380000597,-84.603387,2026-06-13T15:08:52.000,PERDWN - 32D1 UNKNOWN,2026-06-13 15:08:52
39.2159200000597,-84.487674,2026-06-13T15:12:00.000,BREATH - 6C1,2026-06-13 15:12:00
39.2090400000597,-84.537148,2026-06-13T15:40:28.000,SICK - 26A1,2026-06-13 15:40:28
39.1268150000597,-84.502577,2026-06-13T15:42:10.000,SICK - 26A8 PAIN,2026-06-13 15:42:10
39.1974080000597,-84.532429,2026-06-13T15:45:59.000,FALL - 17A3 NON RECENT,2026-06-13 15:45:59
39.1037670000598,-84.552687,2026-06-13T15:52:09.000,INJF - 30B2 BLEEDING,2026-06-13 15:52:09
39.1332020000597,-84.601428,2026-06-13T15:53:23.000,SICK - 26A8 PAIN,2026-06-13 15:53:23
39.1427820000597,-84.58404,2026-06-13T16:00:44.000,DOMINJ - (C) =,2026-06-13 16:00:44
39.2057810000597,-84.458304,2026-06-13T16:04:27.000,BREATH - 6C1O,2026-06-13 16:04:27
39.1327950000597,-84.567196,2026-06-13T16:07:20.000,=EMS1 - ALS1 RESPONSE,2026-06-13 16:07:20
39.1453970000597,-84.623072,2026-06-13T16:17:03.000,FAINT - 31D4 NOT ALERT,2026-06-13 16:17:03
39.1353030000598,-84.587976,2026-06-13T16:18:10.000,CHESTPN - 10C3,2026-06-13 16:18:10
39.1769280000597,-84.546672,2026-06-13T16:20:20.000,SICK - 26A8 PAIN,2026-06-13 16:20:20
39.1104120000598,-84.566128,2026-06-13T16:22:30.000,SICK - 26A10 UNWELL,2026-06-13 16:22:30
39.2050820000597,-84.555586,2026-06-13T16:29:59.000,FALL - 17D6 LONG,2026-06-13 16:29:59
39.1615610000598,-84.53711,2026-06-13T16:31:47.000,SEIZURE - 12D2 MULTIPLE,2026-06-13 16:31:47
39.1117060000597,-84.684553,2026-06-13T16:33:00.000,FALL - 17D4 NOT ALERT,2026-06-13 16:33:00
39.1130890000597,-84.565903,2026-06-13T16:33:05.000,=ASSLTI - (C),2026-06-13 16:33:05
39.1259850000597,-84.502017,2026-06-13T16:50:14.000,BREATH - 6D1A NOT ALERT,2026-06-13 16:50:14
39.1009430000598,-84.511775,2026-06-13T16:50:57.000,PERDWN - 32D1 UNKNOWN,2026-06-13 16:50:57
39.1029790000598,-84.513243,2026-06-13T16:51:11.000,FAINT - 31D3,2026-06-13 16:51:11
39.1018130000598,-84.513515,2026-06-13T16:51:39.000,=EMS - (C),2026-06-13 16:51:39
39.1497020000597,-84.492255,2026-06-13T16:53:42.000,SEIZURE - 12D2 MULTIPLE,2026-06-13 16:53:42
39.1998330000597,-84.540057,2026-06-13T16:57:59.000,SEIZURE - 12D2 MULTIPLE,2026-06-13 16:57:59
39.2000730000597,-84.541667,2026-06-13T17:00:47.000,SEIZURE - 12D4,2026-06-13 17:00:47
39.1336300000598,-84.556911,2026-06-13T17:26:16.000,ABDOM - 1A1,2026-06-13 17:26:16
39.1096110000598,-84.499324,2026-06-13T17:28:03.000,ABDOM - 1D1 NOT ALERT,2026-06-13 17:28:03
39.1667450000597,-84.388815,2026-06-13T17:32:03.000,FAINT - 31D3,2026-06-13 17:32:03
39.1321650000598,-84.535002,2026-06-13T17:52:39.000,FAINT - 31D4 NOT ALERT,2026-06-13 17:52:39
39.1387510000597,-84.527362,2026-06-13T17:53:34.000,PREG - 24D3 IMMINENT,2026-06-13 17:53:34
39.1329740000597,-84.460705,2026-06-13T17:59:00.000,BLEED - 21D3 NOT ALERT,2026-06-13 17:59:00
39.1031950000598,-84.515937,2026-06-13T18:04:42.000,SICK - 26A8 PAIN,2026-06-13 18:04:42
39.0974920000598,-84.509848,2026-06-13T18:12:29.000,=PERDWN,2026-06-13 18:12:29
39.1874050000597,-84.546922,2026-06-13T18:14:20.000,CHESTPN - 10C3,2026-06-13 18:14:20
39.1606660000597,-84.422722,2026-06-13T18:15:03.000,=PERDWN,2026-06-13 18:15:03
39.1570750000597,-84.503738,2026-06-13T18:25:54.000,SEIZURE - 12D2 MULTIPLE,2026-06-13 18:25:54
39.1321540000597,-84.458872,2026-06-13T18:39:11.000,BLEED - 21D3 NOT ALERT,2026-06-13 18:39:11
39.1155870000598,-84.562816,2026-06-13T18:51:13.000,CHESTPN - 10D4 CLAMMY,2026-06-13 18:51:13
39.1597870000597,-84.600287,2026-06-13T18:59:11.000,FALL - 17B4,2026-06-13 18:59:11
39.1354140000597,-84.523692,2026-06-13T19:01:00.000,ARREST - 9E1 NOT BREATHING,2026-06-13 19:01:00
39.1358640000597,-84.523492,2026-06-13T19:01:10.000,ARREST - 9E1 NOT BREATHING,2026-06-13 19:01:10
39.1221250000597,-84.594889,2026-06-13T19:02:13.000,STROKE - 28C3 SPEECH PROBLEMS,2026-06-13 19:02:13
39.1554890000597,-84.549714,2026-06-13T19:02:55.000,FALL - 17B1,2026-06-13 19:02:55
39.1429380000598,-84.491927,2026-06-13T19:11:32.000,DOMINJ - (C) =,2026-06-13 19:11:32
39.1887520000597,-84.574249,2026-06-13T19:15:55.000,OUTDR - 67A2 ILLEGAL BURN,2026-06-13 19:15:55
39.1003930000598,-84.511875,2026-06-13T19:26:17.000,=EMS - (C),2026-06-13 19:26:17
39.1860020000597,-84.432555,2026-06-13T19:28:16.000,OD - (C) 23O1 ACCIDENTAL,2026-06-13 19:28:16
39.0990110000598,-84.42704,2026-06-13T19:37:28.000,FALL - 17B1,2026-06-13 19:37:28
39.0998400000598,-84.42583,2026-06-13T19:37:36.000,FALL - 17B1,2026-06-13 19:37:36
39.1588740000597,-84.47257,2026-06-13T19:43:54.000,EMS,2026-06-13 19:43:54
39.1638420000598,-84.543723,2026-06-13T19:47:19.000,FAINT - 31D2 ABNORMAL BREATH,2026-06-13 19:47:19
39.1285110000598,-84.489704,2026-06-13T19:48:32.000,BREATH - 6D1O NOT ALERT,2026-06-13 19:48:32
39.1376080000597,-84.499649,2026-06-13T19:52:07.000,ABDOM - 1A1,2026-06-13 19:52:07
39.1102250000598,-84.512366,2026-06-13T19:52:53.000,SEIZURE - 12A2,2026-06-13 19:52:53
39.1277280000597,-84.489251,2026-06-13T19:55:53.000,PERDWN - 32B2 MEDICAL ALARM,2026-06-13 19:55:53
39.1150140000598,-84.519806,2026-06-13T19:58:15.000,BLEED - 21A1,2026-06-13 19:58:15
39.1741670000597,-84.432011,2026-06-13T20:03:38.000,FALL - 17A2,2026-06-13 20:03:38
39.2037010000597,-84.565673,2026-06-13T20:10:12.000,BREATH - 6C1,2026-06-13 20:10:12
39.1495320000598,-84.488195,2026-06-13T20:31:53.000,FALL - 17B1,2026-06-13 20:31:53
39.1568600000597,-84.594254,2026-06-13T20:35:02.000,PERDWN - 32D1 UNKNOWN,2026-06-13 20:35:02
39.1381340000597,-84.531122,2026-06-13T20:46:09.000,OD - (C) 23C2A ACCIDENTAL,2026-06-13 20:46:09
39.1026990000598,-84.512983,2026-06-13T20:47:13.000,PERDWN - 32D1 UNKNOWN,2026-06-13 20:47:13
39.1025290000598,-84.513143,2026-06-13T20:48:06.000,=EMS - (C),2026-06-13 20:48:06
39.1129100000598,-84.59436,2026-06-13T21:03:08.000,BLEED - 21D4 DANGEROUS BLEED,2026-06-13 21:03:08
39.1303480000597,-84.556239,2026-06-13T21:09:20.000,ABDOM - 1D1 NOT ALERT,2026-06-13 21:09:20
39.1547590000597,-84.550224,2026-06-13T21:18:10.000,SICK - 26C1 ALTERED LOC,2026-06-13 21:18:10
39.1540840000597,-84.575662,2026-06-13T21:26:47.000,ASSLTI - (C) =,2026-06-13 21:26:47
39.1075830000597,-84.565805,2026-06-13T21:46:47.000,CHESTPN - 10A1,2026-06-13 21:46:47
39.1676650000597,-84.387955,2026-06-13T22:00:28.000,ABDOM - 1A1,2026-06-13 22:00:28
39.1302780000597,-84.501203,2026-06-13T22:00:28.000,PERDWN - 32B2 MEDICAL ALARM,2026-06-13 22:00:28
39.1332230000598,-84.587408,2026-06-13T22:04:15.000,BREATH - 6D2A ASTHMA,2026-06-13 22:04:15
39.1332000000597,-84.527004,2026-06-13T22:08:52.000,BLEED - 21B1 DANGEROUS,2026-06-13 22:08:52
39.1259950000597,-84.501507,2026-06-13T22:10:10.000,SICK - 26A8 PAIN,2026-06-13 22:10:10
39.0982120000598,-84.508978,2026-06-13T22:13:20.000,EMS,2026-06-13 22:13:20
39.1494090000597,-84.591077,2026-06-13T22:23:23.000,FAINT - 31D3,2026-06-13 22:23:23
39.1121620000598,-84.515095,2026-06-13T22:29:45.000,FAINT - 31D3,2026-06-13 22:29:45
39.1119520000598,-84.516245,2026-06-13T22:32:46.000,=EMS - (C),2026-06-13 22:32:46
39.1730570000597,-84.432181,2026-06-13T22:32:57.000,SICK - 26A1,2026-06-13 22:32:57
39.1068180000598,-84.581713,2026-06-13T22:34:45.000,EMS,2026-06-13 22:34:45
39.1051770000598,-84.511561,2026-06-13T22:58:02.000,SEIZURE - 12C5 STROKE HX,2026-06-13 22:58:02
39.0824520000598,-84.376009,2026-06-13T23:01:34.000,EMS,2026-06-13 23:01:34
39.0947160000598,-84.382548,2026-06-13T23:10:49.000,BREATH - 6D2A ASTHMA,2026-06-13 23:10:49
39.1620630000598,-84.421157,2026-06-13T23:17:51.000,BLEED - 21B2 SERIOUS,2026-06-13 23:17:51
39.0861580000598,-84.382558,2026-06-13T23:20:51.000,BLEED - 21D4 DANGEROUS BLEED,2026-06-13 23:20:51
39.1120600000598,-84.526339,2026-06-13T23:30:55.000,ASSLTI - (C) =,2026-06-13 23:30:55
39.0969410000598,-84.510199,2026-06-13T23:35:42.000,FAINT - 31D4 NOT ALERT,2026-06-13 23:35:42
39.1284990000598,-84.571096,2026-06-13T23:39:21.000,BREATH - 6E1 INEFFECT BREATH,2026-06-13 23:39:21
39.1934860000597,-84.413169,2026-06-13T23:59:47.000,CHESTPN - 10C3,2026-06-13 23:59:47
39.1803400000597,-84.510101,2026-06-14T00:08:36.000,FAINT - 31C1 ABNORMAL BREATH,2026-06-14 00:08:36
39.1012530000598,-84.512985,2026-06-14T00:09:40.000,=EMS - (C),2026-06-14 00:09:40
39.1795940000597,-84.510069,2026-06-14T00:12:05.000,FALL - 17B1,2026-06-14 00:12:05
39.0931700000598,-84.574985,2026-06-14T00:15:46.000,BREATH - 6D1 NOT ALERT,2026-06-14 00:15:46
39.1281290000598,-84.499464,2026-06-14T00:19:46.000,PERDWN - 32D1 UNKNOWN,2026-06-14 00:19:46
39.1292860000598,-84.498645,2026-06-14T00:20:36.000,PERDWN - 32D1 UNKNOWN,2026-06-14 00:20:36
39.1174860000597,-84.516697,2026-06-14T00:23:07.000,BREATH - 6D1E NOT ALERT,2026-06-14 00:23:07
39.1162120000598,-84.531758,2026-06-14T01:03:26.000,FALL - 17B4,2026-06-14 01:03:26
39.1420030000597,-84.491946,2026-06-14T01:10:04.000,CHESTPN - 10C1 ABNORMAL BREATH,2026-06-14 01:10:04
39.1364200000598,-84.570999,2026-06-14T01:12:48.000,DOMINJ - (C) =,2026-06-14 01:12:48
39.1570550000598,-84.472135,2026-06-14T01:20:29.000,"FUMES - 60D4V SICK, MULTI-FAM",2026-06-14 01:20:29
39.1315310000597,-84.526051,2026-06-14T01:31:48.000,FALL - 17A2,2026-06-14 01:31:48
39.1364500000598,-84.572549,2026-06-14T01:34:42.000,EMS,2026-06-14 01:34:42
39.1361000000598,-84.570959,2026-06-14T01:46:23.000,EMS,2026-06-14 01:46:23
39.1013260000598,-84.50406,2026-06-14T02:10:40.000,SICK - 26C2 ABNORMAL BREATH,2026-06-14 02:10:40
39.1443800000598,-84.557718,2026-06-14T02:29:17.000,FAINT - 31D3,2026-06-14 02:29:17
39.1072280000598,-84.518325,2026-06-14T02:49:54.000,LIFT - 17A4,2026-06-14 02:49:54
39.1210390000598,-84.51554,2026-06-14T02:53:26.000,BLEED - 21B1 DANGEROUS,2026-06-14 02:53:26
39.1351100000598,-84.572509,2026-06-14T02:59:16.000,CHESTPN - 10D4 CLAMMY,2026-06-14 02:59:16
39.1991080000597,-84.481827,2026-06-14T03:09:21.000,PERDWN - 32D1 UNKNOWN,2026-06-14 03:09:21
39.1209020000597,-84.523816,2026-06-14T03:10:21.000,EMS,2026-06-14 03:10:21
39.1093720000598,-84.510729,2026-06-14T03:29:21.000,FAINT - 31D4 NOT ALERT,2026-06-14 03:29:21
39.1317510000598,-84.594629,2026-06-14T03:29:46.000,DOMINJ - (C)(W) =,2026-06-14 03:29:46
39.2007950000597,-84.539327,2026-06-14T03:31:23.000,SICK - 26A11 VOMITING,2026-06-14 03:31:23
39.1221840000597,-84.501199,2026-06-14T03:38:46.000,ARREST - 9E1 NOT BREATHING,2026-06-14 03:38:46
39.1617130000597,-84.406746,2026-06-14T03:58:02.000,ABDOM - 1A1,2026-06-14 03:58:02
39.1607430000597,-84.407526,2026-06-14T04:17:55.000,FALL - 17B1,2026-06-14 04:17:55
39.1513860000597,-84.553091,2026-06-14T04:20:33.000,BREATH - 6C1A ASTHMA,2026-06-14 04:20:33
39.1108080000598,-84.509968,2026-06-14T04:29:42.000,=ASSLTI - (C),2026-06-14 04:29:42
39.1041250000598,-84.574305,2026-06-14T04:40:33.000,SICK - 26A3 VERTIGO,2026-06-14 04:40:33
39.1098770000598,-84.556364,2026-06-14T04:46:51.000,=PERDWN,2026-06-14 04:46:51
39.1033670000597,-84.594042,2026-06-14T05:14:07.000,PERDWN - 32B2 MEDICAL ALARM,2026-06-14 05:14:07
39.1656130000597,-84.390407,2026-06-14T05:39:50.000,BREATH - 6C1E EMPHYSEMA,2026-06-14 05:39:50
39.1083540000598,-84.528946,2026-06-14T05:51:07.000,ABDOM - 1A2,2026-06-14 05:51:07
39.0903630000598,-84.430086,2026-06-14T06:03:57.000,FALL - 17A2,2026-06-14 06:03:57
39.1310110000597,-84.464229,2026-06-14T06:25:26.000,ABDOM - 1C6,2026-06-14 06:25:26
39.1099050000598,-84.563431,2026-06-14T06:48:34.000,CHESTPN - 10D4 CLAMMY,2026-06-14 06:48:34
39.1134010000598,-84.51728,2026-06-14T06:58:16.000,FALL - 17B1,2026-06-14 06:58:16
39.1988390000597,-84.550286,2026-06-14T07:11:03.000,PREG - 24C2 POSS MISCARRIAGE,2026-06-14 07:11:03
39.1536680000597,-84.605844,2026-06-14T07:13:15.000,SICK - 26C1 ALTERED LOC,2026-06-14 07:13:15
39.1734470000597,-84.430871,2026-06-14T07:44:11.000,DIABETIC - 13C1 NOT ALERT,2026-06-14 07:44:11
39.1269250000597,-84.502687,2026-06-14T07:55:57.000,ABDOM - 1A1,2026-06-14 07:55:57
39.1852720000597,-84.43006,2026-06-14T08:02:58.000,ABDOM - 1A1,2026-06-14 08:02:58
39.1631210000597,-84.549441,2026-06-14T08:08:51.000,CHESTPN - 10C3,2026-06-14 08:08:51
39.1743270000597,-84.431011,2026-06-14T08:17:34.000,SICK - 26C2 ABNORMAL BREATH,2026-06-14 08:17:34
39.1304660000598,-84.599553,2026-06-14T08:33:38.000,SICK - 26A1,2026-06-14 08:33:38
39.1912940000597,-84.458726,2026-06-14T08:35:07.000,SICK - 26C2 ABNORMAL BREATH,2026-06-14 08:35:07
39.1597230000597,-84.407798,2026-06-14T08:37:15.000,BLEED - 21D4 DANGEROUS BLEED,2026-06-14 08:37:15
39.1525890000598,-84.49985,2026-06-14T08:55:21.000,SICK - 26A11 VOMITING,2026-06-14 08:55:21
39.1776000000597,-84.509309,2026-06-14T09:28:46.000,BREATH - 6E1A ASTHMA,2026-06-14 09:28:46
39.1011850000598,-84.529891,2026-06-14T09:31:23.000,SICK - 26C2 ABNORMAL BREATH,2026-06-14 09:31:23
39.1516660000597,-84.554981,2026-06-14T09:36:37.000,BREATH - 6E1A ASTHMA,2026-06-14 09:36:37
39.1381980000597,-84.498665,2026-06-14T09:40:56.000,ABDOM - 1A1,2026-06-14 09:40:56
39.1576790000597,-84.52578,2026-06-14T09:48:28.000,SICK - 26A8 PAIN,2026-06-14 09:48:28
39.2153670000597,-84.487539,2026-06-14T10:19:17.000,SICK - 26D1 NOT ALERT,2026-06-14 10:19:17
39.2159070000597,-84.487139,2026-06-14T10:48:40.000,FALL - 17A2,2026-06-14 10:48:40
39.0989280000598,-84.52619,2026-06-14T10:52:58.000,SICK - 26B1,2026-06-14 10:52:58
39.1310660000598,-84.598393,2026-06-14T10:54:13.000,FALL - 17B1,2026-06-14 10:54:13
39.1051370000598,-84.566037,2026-06-14T11:10:05.000,FAINT - 31A1,2026-06-14 11:10:05
39.1358730000598,-84.553192,2026-06-14T11:12:35.000,BLEED - 21A1,2026-06-14 11:12:35
39.1831020000597,-84.481161,2026-06-14T11:12:38.000,FAINT - 31D4 NOT ALERT,2026-06-14 11:12:38
39.1453830000597,-84.467776,2026-06-14T11:19:40.000,BREATH - 6D2,2026-06-14 11:19:40
39.1500080000597,-84.569687,2026-06-14T11:27:35.000,ABDOM - 1A1,2026-06-14 11:27:35
39.1972710000597,-84.476885,2026-06-14T11:31:43.000,PERDWN - 32D1 UNKNOWN,2026-06-14 11:31:43
39.1120580000597,-84.587944,2026-06-14T11:49:05.000,BREATH - 6C1E EMPHYSEMA,2026-06-14 11:49:05
39.1533570000597,-84.485377,2026-06-14T11:49:31.000,CHESTPN - 10D5 CARDIAC HX,2026-06-14 11:49:31
39.1181310000598,-84.526207,2026-06-14T12:05:33.000,EMS,2026-06-14 12:05:33
39.1197800000597,-84.525029,2026-06-14T12:05:52.000,=EMS - (C),2026-06-14 12:05:52
39.0964260000598,-84.569653,2026-06-14T12:14:31.000,SEIZURE - 12C4,2026-06-14 12:14:31
39.1385670000598,-84.579167,2026-06-14T12:19:09.000,=EMS - (C),2026-06-14 12:19:09
39.1424240000598,-84.612941,2026-06-14T12:25:29.000,LIFT - 17A4,2026-06-14 12:25:29
39.1160520000598,-84.61092,2026-06-14T12:47:24.000,BREATH - 6D1 NOT ALERT,2026-06-14 12:47:24
39.1169800000598,-84.587926,2026-06-14T12:51:53.000,PERDWN - 32B3 UNKNOWN,2026-06-14 12:51:53
39.1409060000597,-84.616635,2026-06-14T12:59:58.000,PERDWN - 32D1 UNKNOWN,2026-06-14 12:59:58
39.1523250000597,-84.601976,2026-06-14T13:23:28.000,FALL - 17B1,2026-06-14 13:23:28
39.1010580000598,-84.509567,2026-06-14T13:28:31.000,PERDWN - 32D1 UNKNOWN,2026-06-14 13:28:31
39.1412440000598,-84.532806,2026-06-14T13:43:16.000,EMS,2026-06-14 13:43:16
39.1351770000598,-84.527112,2026-06-14T14:07:22.000,=ASSLTI - (C),2026-06-14 14:07:22
39.0989280000598,-84.52675,2026-06-14T14:09:19.000,BLEED - 21B1 DANGEROUS,2026-06-14 14:09:19
39.1650060000597,-84.471469,2026-06-14T14:10:04.000,BREATH - 6D2A ASTHMA,2026-06-14 14:10:04
39.1080920000597,-84.515499,2026-06-14T14:25:05.000,BREATH - 6C1,2026-06-14 14:25:05
39.1606330000597,-84.39837,2026-06-14T14:36:59.000,SICK - 26D1 NOT ALERT,2026-06-14 14:36:59
39.1184040000598,-84.503783,2026-06-14T14:43:59.000,SICK - 26C2 ABNORMAL BREATH,2026-06-14 14:43:59
39.1231410000597,-84.532232,2026-06-14T14:45:13.000,=EMS1 - ALS1 RESPONSE,2026-06-14 14:45:13
39.1398960000598,-84.579493,2026-06-14T14:47:19.000,SICK - 26A8 PAIN,2026-06-14 14:47:19
39.2057320000597,-84.4606,2026-06-14T14:59:02.000,BREATH - 6D2,2026-06-14 14:59:02
39.1428640000598,-84.485319,2026-06-14T15:18:43.000,ABDOM - 1D1 NOT ALERT,2026-06-14 15:18:43
39.0995600000598,-84.433091,2026-06-14T15:20:45.000,PERDWN - 32D1 UNKNOWN,2026-06-14 15:20:45
39.2132940000597,-84.483227,2026-06-14T15:24:01.000,BLEED - 21B1 DANGEROUS,2026-06-14 15:24:01
39.1453080000597,-84.550644,2026-06-14T16:08:07.000,=EMS - (C),2026-06-14 16:08:07
39.1650360000597,-84.554275,2026-06-14T16:18:56.000,OD - (C)(V) 23C1V,2026-06-14 16:18:56
39.1443450000598,-84.561675,2026-06-14T16:32:14.000,LIFT - 17A4,2026-06-14 16:32:14
39.1406690000597,-84.439175,2026-06-14T16:41:53.000,BREATH - 6D2,2026-06-14 16:41:53
39.1412210000597,-84.557758,2026-06-14T16:42:59.000,SICK - 26A8 PAIN,2026-06-14 16:42:59
39.1743360000597,-84.514176,2026-06-14T16:44:35.000,LIFT - 17A4,2026-06-14 16:44:35
39.1053570000598,-84.511929,2026-06-14T16:44:45.000,FALL - 17B1,2026-06-14 16:44:45
39.0782430000598,-84.622163,2026-06-14T16:51:53.000,=EMS - (C),2026-06-14 16:51:53
39.1134050000598,-84.519073,2026-06-14T16:52:35.000,ASSLTI - (C) =,2026-06-14 16:52:35
39.1088360000598,-84.60007,2026-06-14T17:04:21.000,ASSLTI - (C) =,2026-06-14 17:04:21
39.1795950000597,-84.424762,2026-06-14T17:11:14.000,"OD - (C) 23C1A NOT ALERT, ACC",2026-06-14 17:11:14
39.1465520000597,-84.488074,2026-06-14T17:18:43.000,SICK - 26B1,2026-06-14 17:18:43
39.0972480000598,-84.505095,2026-06-14T17:21:54.000,=PERDWN,2026-06-14 17:21:54
39.1340530000598,-84.587598,2026-06-14T17:29:49.000,BREATH - 6D2A ASTHMA,2026-06-14 17:29:49
39.2010230000597,-84.541117,2026-06-14T17:31:58.000,DOMINJ - (C) =,2026-06-14 17:31:58
39.0984980000598,-84.52738,2026-06-14T17:41:56.000,BLEED - 21B1 DANGEROUS,2026-06-14 17:41:56
39.1240750000598,-84.458722,2026-06-14T17:48:39.000,PREG - 24D3 IMMINENT,2026-06-14 17:48:39
39.1627330000598,-84.421277,2026-06-14T18:02:31.000,CHESTPN - 10D5 CARDIAC HX,2026-06-14 18:02:31
39.1542340000597,-84.574682,2026-06-14T18:06:34.000,INVEST - 69D5F BURNED FOOD,2026-06-14 18:06:34
39.1328200000598,-84.571113,2026-06-14T18:18:37.000,CHESTPN - 10C1 ABNORMAL BREATH,2026-06-14 18:18:37
39.1070900000598,-84.50918,2026-06-14T18:42:32.000,SEIZURE - 12D2 MULTIPLE,2026-06-14 18:42:32
39.1031920000598,-84.551192,2026-06-14T18:47:37.000,FAINT - 31C1 ABNORMAL BREATH,2026-06-14 18:47:37
39.1105140000597,-84.515065,2026-06-14T18:53:15.000,SICK - 26A8 PAIN,2026-06-14 18:53:15
39.1450490000597,-84.59447,2026-06-14T18:59:58.000,SEIZURE - 12D4,2026-06-14 18:59:58
39.1018610000598,-84.512715,2026-06-14T19:02:41.000,SICK - 26A1,2026-06-14 19:02:41
39.1176840000598,-84.598044,2026-06-14T19:03:40.000,BLEED - 21B1 DANGEROUS,2026-06-14 19:03:40
39.1215500000597,-84.529694,2026-06-14T19:24:30.000,ABDOM - 1A1,2026-06-14 19:24:30
39.1572600000597,-84.480226,2026-06-14T19:26:40.000,BREATH - 6C1,2026-06-14 19:26:40
39.1803360000597,-84.561013,2026-06-14T19:32:52.000,SICK - 26A1,2026-06-14 19:32:52
39.1340100000598,-84.571403,2026-06-14T19:37:16.000,BREATH - 6D2E EMPHYSEMA,2026-06-14 19:37:16
39.1238870000597,-84.574907,2026-06-14T19:38:04.000,FALL - 17B1,2026-06-14 19:38:04
39.0832540000598,-84.61959,2026-06-14T19:45:46.000,FALL - 17B1,2026-06-14 19:45:46
39.1846630000597,-84.511079,2026-06-14T19:51:50.000,LIFT - 17A4,2026-06-14 19:51:50
39.1115240000598,-84.519265,2026-06-14T20:00:40.000,FALL - 17C2 FAINTING,2026-06-14 20:00:40
39.1216710000598,-84.577765,2026-06-14T20:04:42.000,PERDWN - 32D1 UNKNOWN,2026-06-14 20:04:42
39.1434300000598,-84.558598,2026-06-14T20:08:51.000,BREATH - 6D2O,2026-06-14 20:08:51
39.1901300000597,-84.515281,2026-06-14T20:22:12.000,BLEED - 21B1 DANGEROUS,2026-06-14 20:22:12
39.0913770000598,-84.392312,2026-06-14T20:27:13.000,STROKE - 28C1F CLEAR EVIDENCE,2026-06-14 20:27:13
39.1430080000598,-84.49774,2026-06-14T21:05:49.000,PERDWN - 32D1 UNKNOWN,2026-06-14 21:05:49
39.1885260000597,-84.467549,2026-06-14T21:11:23.000,SICK - 26A8 PAIN,2026-06-14 21:11:23
39.1417400000598,-84.494046,2026-06-14T21:13:05.000,FALL - 17D4 NOT ALERT,2026-06-14 21:13:05
39.1185470000597,-84.599769,2026-06-14T21:24:11.000,EMS - (C) =,2026-06-14 21:24:11
39.1346880000597,-84.532461,2026-06-14T21:26:12.000,SICK - 26D1 NOT ALERT,2026-06-14 21:26:12
39.1142370000598,-84.582113,2026-06-14T21:29:38.000,CHESTPN - 10A1,2026-06-14 21:29:38
39.1048130000598,-84.594552,2026-06-14T21:39:10.000,BREATH - 6D2O,2026-06-14 21:39:10
39.1444670000597,-84.515957,2026-06-14T21:51:40.000,SICK - 26C2 ABNORMAL BREATH,2026-06-14 21:51:40
39.1441900000597,-84.502121,2026-06-14T22:03:47.000,BREATH - 6D4A ASTHMA,2026-06-14 22:03:47
39.1674640000597,-84.390995,2026-06-14T22:16:03.000,SICK - 26D1 NOT ALERT,2026-06-14 22:16:03
39.1200100000598,-84.491509,2026-06-14T22:26:11.000,FALL - 17B1,2026-06-14 22:26:11
39.1480140000597,-84.501103,2026-06-14T22:50:46.000,SICK - 26A8 PAIN,2026-06-14 22:50:46
39.1235950000598,-84.532184,2026-06-14T22:53:45.000,SICK - 26O5 URINARY,2026-06-14 22:53:45
39.0961820000598,-84.510286,2026-06-14T23:09:24.000,EMS,2026-06-14 23:09:24
39.1073660000597,-84.599246,2026-06-14T23:18:28.000,SICK - 26C2 ABNORMAL BREATH,2026-06-14 23:18:28
39.1404910000597,-84.557338,2026-06-14T23:30:26.000,EMS,2026-06-14 23:30:26
39.1708280000597,-84.519472,2026-06-14T23:39:46.000,ASSLTI - (C) =,2026-06-14 23:39:46
39.1064750000597,-84.587429,2026-06-14T23:41:52.000,EMS,2026-06-14 23:41:52
39.1789440000597,-84.473302,2026-06-14T23:44:01.000,EMS,2026-06-14 23:44:01
39.1344230000597,-84.611676,2026-06-14T23:48:25.000,ABDOM - 1C7,2026-06-14 23:48:25
39.1293980000597,-84.489053,2026-06-14T23:50:12.000,EMS,2026-06-14 23:50:12
39.1238630000597,-84.602393,2026-06-14T23:52:58.000,PERDWN - 32D1 UNKNOWN,2026-06-14 23:52:58
39.1260040000597,-84.545481,2026-06-14T23:55:17.000,PERDWN - 32D1 UNKNOWN,2026-06-14 23:55:17
39.2049540000597,-84.458784,2026-06-15T00:10:37.000,DOMINJ - (C) =,2026-06-15 00:10:37
39.1539920000597,-84.59207,2026-06-15T00:19:01.000,BREATH - 6D1 NOT ALERT,2026-06-15 00:19:01
39.1447700000597,-84.490586,2026-06-15T00:35:04.000,PERDWN - 32D1 UNKNOWN,2026-06-15 00:35:04
39.1090750000597,-84.599793,2026-06-15T00:36:19.000,ASSLTI - (C) =,2026-06-15 00:36:19
39.1261930000598,-84.484299,2026-06-15T00:51:59.000,PERDWN - 32D1 UNKNOWN,2026-06-15 00:51:59
39.1284740000598,-84.503522,2026-06-15T01:12:44.000,BREATH - 6D2,2026-06-15 01:12:44
39.1286620000598,-84.513955,2026-06-15T01:18:54.000,EMS,2026-06-15 01:18:54
39.1563270000598,-84.559037,2026-06-15T01:27:55.000,BLEED - 21B1 DANGEROUS,2026-06-15 01:27:55
39.1462770000598,-84.607052,2026-06-15T01:40:04.000,BREATH - 6D2,2026-06-15 01:40:04
39.1444650000598,-84.55812,2026-06-15T01:53:00.000,SEIZURE - 12D2 MULTIPLE,2026-06-15 01:53:00
39.1106580000598,-84.511068,2026-06-15T02:11:05.000,FAINT - 31A1,2026-06-15 02:11:05
39.0955950000598,-84.563825,2026-06-15T02:27:06.000,SICK - 26C2 ABNORMAL BREATH,2026-06-15 02:27:06
39.0801290000598,-84.38106,2026-06-15T03:17:39.000,SICK - 26D1 NOT ALERT,2026-06-15 03:17:39
39.2131980000597,-84.482572,2026-06-15T03:23:49.000,SICK - 26C1 ALTERED LOC,2026-06-15 03:23:49
39.1466170000598,-84.607092,2026-06-15T03:26:20.000,=EMS2 - ALS2 RESPONSE,2026-06-15 03:26:20
39.1173050000598,-84.51481,2026-06-15T03:40:18.000,BREATH - 6D2O,2026-06-15 03:40:18
39.1054040000598,-84.515875,2026-06-15T04:34:45.000,LIFT - 53A2,2026-06-15 04:34:45
39.1008520000598,-84.564971,2026-06-15T04:56:22.000,HEADACHE - 18C2 ABNORM BREATH,2026-06-15 04:56:22
39.1128960000597,-84.576208,2026-06-15T05:11:12.000,CHESTPN - 10C3,2026-06-15 05:11:12
39.1301230000598,-84.512013,2026-06-15T06:01:42.000,EMS,2026-06-15 06:01:42
39.1310620000597,-84.606403,2026-06-15T06:17:24.000,PERDWN - 32B2 MEDICAL ALARM,2026-06-15 06:17:24
39.1928200000597,-84.546996,2026-06-15T06:19:19.000,ASSLTI - (C) =,2026-06-15 06:19:19
39.2022860000597,-84.51574,2026-06-15T06:30:35.000,BLEED - 21B1 DANGEROUS,2026-06-15 06:30:35
39.1197310000598,-84.602104,2026-06-15T06:34:17.000,ABDOM - 1C4,2026-06-15 06:34:17
39.1509290000597,-84.405916,2026-06-15T06:46:08.000,CHESTPN - 10D1 NOT ALERT,2026-06-15 06:46:08
39.1906510000597,-84.468906,2026-06-15T07:15:37.000,HEADACHE - 18C1C POSS STROKE,2026-06-15 07:15:37
39.1805490000597,-84.457769,2026-06-15T07:16:58.000,SEIZURE - 12C5 STROKE HX,2026-06-15 07:16:58
39.1332000000597,-84.528784,2026-06-15T07:40:07.000,SICK - 26O28 INFECTION,2026-06-15 07:40:07
39.1021620000598,-84.392685,2026-06-15T07:41:09.000,STROKE - 28C4 SIDE WEAKNESS,2026-06-15 07:41:09
39.1047810000598,-84.568839,2026-06-15T07:42:28.000,SICK - 26C2 ABNORMAL BREATH,2026-06-15 07:42:28
39.1882560000597,-84.467149,2026-06-15T07:45:26.000,SICK - 26A8 PAIN,2026-06-15 07:45:26
39.1277920000597,-84.606321,2026-06-15T07:51:45.000,=EMS1 - ALS1 RESPONSE,2026-06-15 07:51:45
39.1611440000597,-84.504892,2026-06-15T07:59:02.000,SICK - 26O27 TOOTHACHE,2026-06-15 07:59:02
39.2004470000597,-84.515148,2026-06-15T08:08:10.000,SICK - 26C1 ALTERED LOC,2026-06-15 08:08:10
39.1009450000598,-84.510413,2026-06-15T08:19:58.000,EMS,2026-06-15 08:19:58
39.1314170000597,-84.530905,2026-06-15T08:26:43.000,ASSLTI - (C) =,2026-06-15 08:26:43
39.1591960000597,-84.424869,2026-06-15T08:43:38.000,PERDWN - 32D1 UNKNOWN,2026-06-15 08:43:38
39.1056590000598,-84.559937,2026-06-15T08:52:38.000,LIFT - 17A4,2026-06-15 08:52:38
39.1319060000597,-84.574051,2026-06-15T08:57:35.000,BREATH - 6D2A ASTHMA,2026-06-15 08:57:35
39.2011140000597,-84.478876,2026-06-15T08:59:44.000,BREATH - 6C1,2026-06-15 08:59:44
39.1232200000598,-84.595356,2026-06-15T09:02:02.000,FALL - 17B1,2026-06-15 09:02:02
39.1429490000597,-84.491697,2026-06-15T09:02:49.000,CHESTPN - 10D2 DIFF SPEAKING,2026-06-15 09:02:49
39.1747840000597,-84.46784,2026-06-15T09:07:31.000,FALL - 17B3 STAIRS,2026-06-15 09:07:31
39.1601830000597,-84.408166,2026-06-15T09:07:44.000,CHESTPN - 10D5 CARDIAC HX,2026-06-15 09:07:44
39.1074090000598,-84.509969,2026-06-15T09:27:39.000,=EMS - (C),2026-06-15 09:27:39
39.1344980000598,-84.616565,2026-06-15T09:29:07.000,SEIZURE - 12D4,2026-06-15 09:29:07
39.1454450000597,-84.620473,2026-06-15T09:35:10.000,FALL - 17D4 NOT ALERT,2026-06-15 09:35:10
39.1994960000597,-84.457787,2026-06-15T09:40:24.000,FALL - 17B1,2026-06-15 09:40:24
39.1059540000597,-84.590907,2026-06-15T09:54:12.000,FALL - 17B4,2026-06-15 09:54:12
39.1401930000597,-84.528596,2026-06-15T09:54:31.000,BREATH - 6D4A ASTHMA,2026-06-15 09:54:31
39.1397490000597,-84.60533,2026-06-15T09:56:10.000,PREG - 24D6 BABY BORN,2026-06-15 09:56:10
39.1832020000597,-84.405887,2026-06-15T10:00:58.000,ASSLTI - (C)(W) =,2026-06-15 10:00:58
39.1284120000597,-84.502743,2026-06-15T10:02:34.000,=EMS - (C),2026-06-15 10:02:34
39.1096200000598,-84.529711,2026-06-15T10:05:39.000,SICK - 26C2 ABNORMAL BREATH,2026-06-15 10:05:39
39.1085670000597,-84.52915,2026-06-15T10:07:52.000,BREATH - 6C1A ASTHMA,2026-06-15 10:07:52
39.1996070000597,-84.516568,2026-06-15T10:10:01.000,FALL - 17B4,2026-06-15 10:10:01
39.1187160000597,-84.516767,2026-06-15T10:14:09.000,EMS,2026-06-15 10:14:09
39.1180260000597,-84.518427,2026-06-15T10:15:39.000,BREATH - 6C1E EMPHYSEMA,2026-06-15 10:15:39
39.1674710000597,-84.468914,2026-06-15T10:21:04.000,FALL - 17D4 NOT ALERT,2026-06-15 10:21:04
39.1424390000597,-84.49437,2026-06-15T10:31:38.000,BREATH - 6D2E EMPHYSEMA,2026-06-15 10:31:38
39.1958880000597,-84.539427,2026-06-15T10:33:22.000,BREATH - 6D2O,2026-06-15 10:33:22
39.1595330000597,-84.409438,2026-06-15T10:50:23.000,FALL - 17D4 NOT ALERT,2026-06-15 10:50:23
39.1062160000598,-84.586814,2026-06-15T10:57:55.000,STROKE - 28C2 ABNORMAL BREATH,2026-06-15 10:57:55
39.1404000000597,-84.604461,2026-06-15T10:59:45.000,CHESTPN - 10C3,2026-06-15 10:59:45
39.1901680000597,-84.459395,2026-06-15T10:59:51.000,CHESTPN - 10D4 CLAMMY,2026-06-15 10:59:51
39.1990470000597,-84.456919,2026-06-15T11:04:05.000,PERDWN - 32D1 UNKNOWN,2026-06-15 11:04:05
39.1295960000597,-84.605019,2026-06-15T11:06:03.000,FAINT - 31D2 ABNORMAL BREATH,2026-06-15 11:06:03
39.1299700000598,-84.484286,2026-06-15T11:06:16.000,=EMS1 - ALS1 RESPONSE,2026-06-15 11:06:16
39.1411390000597,-84.49611,2026-06-15T11:11:39.000,BREATH - 6D2E EMPHYSEMA,2026-06-15 11:11:39
39.1254580000598,-84.505333,2026-06-15T11:37:42.000,SICK - 26A8 PAIN,2026-06-15 11:37:42
39.1449520000597,-84.424672,2026-06-15T11:38:29.000,BREATH - 6C1,2026-06-15 11:38:29
39.1543710000597,-84.486222,2026-06-15T11:41:47.000,SEIZURE - 12D2 MULTIPLE,2026-06-15 11:41:47
39.1886270000597,-84.510751,2026-06-15T11:48:15.000,STROKE - 28C2F CLEAR EVIDENCE,2026-06-15 11:48:15
39.1457540000597,-84.490762,2026-06-15T11:49:18.000,SICK - 26A2 ABNORMAL BP,2026-06-15 11:49:18
39.1283300000598,-84.605786,2026-06-15T11:52:58.000,=PERDWN,2026-06-15 11:52:58
39.1070500000598,-84.511571,2026-06-15T12:03:26.000,SEIZURE - 12D2 MULTIPLE,2026-06-15 12:03:26
39.1663410000597,-84.471082,2026-06-15T12:17:48.000,SEIZURE - 12D2 MULTIPLE,2026-06-15 12:17:48
39.0980540000598,-84.512458,2026-06-15T12:17:59.000,PERDWN - 32D1 UNKNOWN,2026-06-15 12:17:59
39.1948680000597,-84.550067,2026-06-15T12:41:01.000,BREATH - 6C1,2026-06-15 12:41:01
39.1598430000597,-84.408978,2026-06-15T12:58:29.000,STROKE - 28C5 FACIAL DROOP,2026-06-15 12:58:29
39.1483150000597,-84.497648,2026-06-15T13:10:58.000,FALL - 17A3 NON RECENT,2026-06-15 13:10:58
39.1165040000597,-84.580507,2026-06-15T13:14:55.000,EMS,2026-06-15 13:14:55
39.1207070000597,-84.548876,2026-06-15T13:20:32.000,PREG - 24D6 BABY BORN,2026-06-15 13:20:32
39.1695120000597,-84.550806,2026-06-15T13:23:23.000,EMS,2026-06-15 13:23:23
39.1394120000597,-84.53897,2026-06-15T13:32:10.000,DIABETIC - (C)(V) 13C1C COMBAT,2026-06-15 13:32:10
39.1193370000597,-84.549106,2026-06-15T13:39:08.000,BREATH - 6E1A ASTHMA,2026-06-15 13:39:08
39.2020060000597,-84.51539,2026-06-15T13:41:03.000,ABDOM - 1A1,2026-06-15 13:41:03
39.1316560000597,-84.487854,2026-06-15T13:48:17.000,FALL - 17B1,2026-06-15 13:48:17
39.1477750000597,-84.494735,2026-06-15T13:59:59.000,SICK - 26A8 PAIN,2026-06-15 13:59:59
39.1408720000598,-84.584649,2026-06-15T14:14:22.000,SICK - 26C2 ABNORMAL BREATH,2026-06-15 14:14:22
39.0645180000598,-84.427239,2026-06-15T14:16:52.000,PERDWN - 32B2 MEDICAL ALARM,2026-06-15 14:16:52
39.1336710000598,-84.50045,2026-06-15T14:18:02.000,PERDWN - 32D1 UNKNOWN,2026-06-15 14:18:02
39.1208570000597,-84.548156,2026-06-15T14:18:31.000,PREG - 24D3 IMMINENT,2026-06-15 14:18:31
39.2059960000597,-84.554319,2026-06-15T14:21:07.000,BREATH - 6D4A ASTHMA,2026-06-15 14:21:07
39.1640750000597,-84.535585,2026-06-15T14:21:17.000,BLEED - 21D4 DANGEROUS BLEED,2026-06-15 14:21:17
39.1125970000598,-84.515789,2026-06-15T14:29:36.000,=EMS1 - ALS1 RESPONSE,2026-06-15 14:29:36
39.1252030000598,-84.502757,2026-06-15T14:44:40.000,ABDOM - 1A1,2026-06-15 14:44:40
39.1435400000598,-84.559208,2026-06-15T14:46:22.000,BREATH - 6D4A ASTHMA,2026-06-15 14:46:22
39.1923490000597,-84.459681,2026-06-15T14:48:12.000,FALL - 17A2,2026-06-15 14:48:12
39.1069890000598,-84.510699,2026-06-15T14:52:30.000,PERDWN - 32D1 UNKNOWN,2026-06-15 14:52:30
39.1480550000598,-84.559218,2026-06-15T14:55:44.000,CHESTPN - 10D5 CARDIAC HX,2026-06-15 14:55:44
39.2018340000597,-84.536841,2026-06-15T15:11:52.000,CHESTPN - 10C3,2026-06-15 15:11:52
39.1204070000597,-84.547886,2026-06-15T15:17:56.000,BLEED - 21B1 DANGEROUS,2026-06-15 15:17:56
39.1321210000597,-84.590039,2026-06-15T15:18:30.000,SICK - 26A5 GEN WEAKNESS,2026-06-15 15:18:30
39.0836360000598,-84.619564,2026-06-15T15:23:44.000,BREATH - 6C1,2026-06-15 15:23:44
39.1946730000597,-84.48546,2026-06-15T15:23:47.000,=EMS1 - ALS1 RESPONSE,2026-06-15 15:23:47
39.1377830000598,-84.536851,2026-06-15T15:24:41.000,PERDWN - 32B1 PT MOV/TALK,2026-06-15 15:24:41
39.1316990000597,-84.492159,2026-06-15T15:26:12.000,=EMS1 - ALS1 RESPONSE,2026-06-15 15:26:12
39.1099530000598,-84.570697,2026-06-15T15:27:25.000,=EMS1 - ALS1 RESPONSE,2026-06-15 15:27:25
39.1110080000598,-84.530055,2026-06-15T15:36:49.000,SICK - 26C1 ALTERED LOC,2026-06-15 15:36:49
39.1781290000597,-84.509196,2026-06-15T15:36:54.000,SEIZURE - 12D4,2026-06-15 15:36:54
39.1767870000597,-84.510623,2026-06-15T15:37:02.000,FAINT - 31D4 NOT ALERT,2026-06-15 15:37:02
39.1792320000597,-84.512748,2026-06-15T15:53:06.000,CHESTPN - 10D5 CARDIAC HX,2026-06-15 15:53:06
39.1286550000598,-84.603759,2026-06-15T15:54:54.000,EMS - (C) =,2026-06-15 15:54:54
39.1314110000597,-84.511314,2026-06-15T15:56:07.000,PERDWN - 32D1 UNKNOWN,2026-06-15 15:56:07
39.1495790000597,-84.408386,2026-06-15T16:01:06.000,HEARTPRB - 19C4 CARDIAC HX,2026-06-15 16:01:06
39.1646190000597,-84.551117,2026-06-15T16:04:44.000,SICK - 26C2 ABNORMAL BREATH,2026-06-15 16:04:44
39.1198670000597,-84.548166,2026-06-15T16:06:34.000,BREATH - 6E1A ASTHMA,2026-06-15 16:06:34
39.1190570000597,-84.547516,2026-06-15T16:11:37.000,BLEED - 21B1 DANGEROUS,2026-06-15 16:11:37
39.1084450000598,-84.526857,2026-06-15T16:42:14.000,DIABETIC - 13A1,2026-06-15 16:42:14
39.1189570000597,-84.548006,2026-06-15T16:44:37.000,RIVER - (C) 81E2 VEH IN FLOOD,2026-06-15 16:44:37
39.1450740000597,-84.489532,2026-06-15T16:44:54.000,DIABETIC - 13A1,2026-06-15 16:44:54
39.1439130000597,-84.470122,2026-06-15T16:47:17.000,SICK - 26A8 PAIN,2026-06-15 16:47:17
39.1031520000598,-84.50141,2026-06-15T16:52:37.000,=PERDWN,2026-06-15 16:52:37
39.1037520000598,-84.50155,2026-06-15T16:54:28.000,PERDWN - 32D1 UNKNOWN,2026-06-15 16:54:28
39.1904460000597,-84.411519,2026-06-15T17:01:26.000,PERDWN - 32B2 MEDICAL ALARM,2026-06-15 17:01:26
39.1390900000598,-84.486851,2026-06-15T17:03:59.000,PERDWN - 32D1 UNKNOWN,2026-06-15 17:03:59
39.1742460000597,-84.47568,2026-06-15T17:24:30.000,SEIZURE - 12C4,2026-06-15 17:24:30
39.1164660000598,-84.523104,2026-06-15T17:36:49.000,ABDOM - 1C4,2026-06-15 17:36:49
39.1067810000598,-84.508502,2026-06-15T17:37:42.000,EMS,2026-06-15 17:37:42
39.1041110000598,-84.520435,2026-06-15T17:40:58.000,CHESTPN - 10D4 CLAMMY,2026-06-15 17:40:58
39.1030330000598,-84.512752,2026-06-15T17:57:49.000,FAINT - 31D3,2026-06-15 17:57:49
39.1448950000598,-84.55828,2026-06-15T17:58:59.000,PREG - 24B2,2026-06-15 17:58:59
39.1558860000597,-84.552691,2026-06-15T18:04:30.000,"OD - (C) 23C4A COCAINE, ACC",2026-06-15 18:04:30
39.1053020000598,-84.514677,2026-06-15T18:06:17.000,EMS,2026-06-15 18:06:17
39.1250990000598,-84.475057,2026-06-15T18:16:40.000,FALL - 17A1 DEFORMITY,2026-06-15 18:16:40
39.2046830000597,-84.457633,2026-06-15T18:18:06.000,SICK - 26A8 PAIN,2026-06-15 18:18:06
39.0993610000598,-84.512078,2026-06-15T18:23:15.000,EMS,2026-06-15 18:23:15
39.2042420000597,-84.547252,2026-06-15T18:41:10.000,EMS,2026-06-15 18:41:10
39.1174670000598,-84.529713,2026-06-15T18:51:40.000,SEIZURE - 12A1,2026-06-15 18:51:40
39.1096160000598,-84.565584,2026-06-15T18:59:14.000,BLEED - 21A1,2026-06-15 18:59:14
39.1465290000597,-84.567578,2026-06-15T19:01:22.000,SICK - 26D1 NOT ALERT,2026-06-15 19:01:22
39.1342370000598,-84.554129,2026-06-15T19:03:04.000,CHESTPN - 10C1 ABNORMAL BREATH,2026-06-15 19:03:04
39.1462120000597,-84.423862,2026-06-15T19:18:20.000,PERDWN - 32B2 MEDICAL ALARM,2026-06-15 19:18:20
39.0839890000598,-84.579964,2026-06-15T19:20:54.000,FALL - 17B1,2026-06-15 19:20:54
39.1378120000598,-84.536453,2026-06-15T19:21:00.000,BREATH - 6C1,2026-06-15 19:21:00
39.1376880000597,-84.457141,2026-06-15T19:22:06.000,STROKE - 28C3 SPEECH PROBLEMS,2026-06-15 19:22:06
39.0826580000598,-84.585701,2026-06-15T19:23:33.000,SICK - 26D1 NOT ALERT,2026-06-15 19:23:33
39.1573780000598,-84.603588,2026-06-15T19:42:02.000,DIABETIC - 13C3,2026-06-15 19:42:02
39.1097900000598,-84.529731,2026-06-15T19:43:59.000,BLEED - 21B4 BLOOD THINNERS,2026-06-15 19:43:59
39.1958680000597,-84.569433,2026-06-15T19:45:01.000,BREATH - 6D2O,2026-06-15 19:45:01
39.1127860000598,-84.579522,2026-06-15T19:46:47.000,PERDWN - 32D1 UNKNOWN,2026-06-15 19:46:47
39.1405220000597,-84.492635,2026-06-15T19:49:48.000,ARREST - 9E1 NOT BREATHING,2026-06-15 19:49:48
39.1929100000597,-84.546906,2026-06-15T19:52:58.000,ASSLTI - (C) 4A3 NON-RECENT,2026-06-15 19:52:58
39.1552160000597,-84.552671,2026-06-15T20:57:14.000,SEIZURE - 12D4,2026-06-15 20:57:14
39.1533960000597,-84.436358,2026-06-15T21:03:57.000,INVEST - 69D6O ODOR OF SMOKE,2026-06-15 21:03:57
39.1171040000598,-84.550719,2026-06-15T21:10:15.000,BURN - 7B2,2026-06-15 21:10:15
39.1292150000598,-84.604439,2026-06-15T21:10:59.000,PERDWN - 32D1 UNKNOWN,2026-06-15 21:10:59
39.1172640000598,-84.551509,2026-06-15T21:12:09.000,BURN - 7A1 MINOR,2026-06-15 21:12:09
39.1215260000598,-84.544905,2026-06-15T21:33:35.000,BREATH - 6C1E EMPHYSEMA,2026-06-15 21:33:35
39.1604530000597,-84.407636,2026-06-15T21:53:17.000,SICK - 26A11 VOMITING,2026-06-15 21:53:17
39.1551130000597,-84.502487,2026-06-15T21:57:39.000,BREATH - 6C1E EMPHYSEMA,2026-06-15 21:57:39
39.1115810000598,-84.503388,2026-06-15T22:02:37.000,SICK - 26A1,2026-06-15 22:02:37
39.0887560000598,-84.40474,2026-06-15T22:10:55.000,DOMINJ - (C) =,2026-06-15 22:10:55
39.1596560000597,-84.418964,2026-06-15T22:11:37.000,HEARTPRB - 19C2 ABNORM BREATH,2026-06-15 22:11:37
39.1358740000597,-84.523682,2026-06-15T22:22:45.000,SICK - 26A10 UNWELL,2026-06-15 22:22:45
39.0869060000598,-84.40564,2026-06-15T22:36:52.000,EMS,2026-06-15 22:36:52
39.2153520000597,-84.486084,2026-06-15T22:46:59.000,FALL - 17B4,2026-06-15 22:46:59
39.1270580000597,-84.488631,2026-06-15T22:47:18.000,PERDWN - 32B2 MEDICAL ALARM,2026-06-15 22:47:18
39.2113090000597,-84.469004,2026-06-15T22:56:32.000,SICK - 26A7 IMMOBILE,2026-06-15 22:56:32
39.1274720000598,-84.483983,2026-06-15T22:58:35.000,CHESTPN - 10C3,2026-06-15 22:58:35
39.1529090000597,-84.532488,2026-06-15T23:53:39.000,BREATH - 6D2O,2026-06-15 23:53:39
39.1264750000597,-84.501847,2026-06-16T00:04:05.000,SICK - 26C2 ABNORMAL BREATH,2026-06-16 00:04:05
39.1214410000597,-84.582496,2026-06-16T00:05:39.000,BREATH - 6D1 NOT ALERT,2026-06-16 00:05:39
39.1404210000597,-84.527662,2026-06-16T00:05:45.000,ABDOM - 1C3,2026-06-16 00:05:45
39.1516330000598,-84.533965,2026-06-16T00:15:12.000,ABDOM - 1C5,2026-06-16 00:15:12
39.1373840000597,-84.579416,2026-06-16T00:19:18.000,CHESTPN - 10D2 DIFF SPEAKING,2026-06-16 00:19:18
39.1461020000597,-84.424952,2026-06-16T00:37:30.000,PERDWN - 32B2 MEDICAL ALARM,2026-06-16 00:37:30
39.1138300000598,-84.527538,2026-06-16T00:42:10.000,BREATH - 6D1 NOT ALERT,2026-06-16 00:42:10
39.1455500000597,-84.459888,2026-06-16T00:44:36.000,BREATH - 6D2A ASTHMA,2026-06-16 00:44:36
39.1155530000598,-84.581678,2026-06-16T00:48:26.000,SEIZURE - 12D4,2026-06-16 00:48:26
39.1910660000597,-84.457519,2026-06-16T00:51:13.000,PERDWN - 32B2 MEDICAL ALARM,2026-06-16 00:51:13
39.2037160000597,-84.540532,2026-06-16T00:53:24.000,SEIZURE - 12D2 MULTIPLE,2026-06-16 00:53:24
39.1412750000597,-84.446285,2026-06-16T01:51:59.000,SICK - 26A11 VOMITING,2026-06-16 01:51:59
39.1044380000598,-84.520417,2026-06-16T02:01:44.000,FALL - 17A2,2026-06-16 02:01:44
39.1072230000598,-84.567353,2026-06-16T02:13:58.000,CHESTPN - 10D4 CLAMMY,2026-06-16 02:13:58
39.1228890000597,-84.500785,2026-06-16T02:16:06.000,SICK - 26C2 ABNORMAL BREATH,2026-06-16 02:16:06
39.1378970000597,-84.606205,2026-06-16T02:20:48.000,ABDOM - 1C5,2026-06-16 02:20:48
39.1859620000597,-84.479161,2026-06-16T02:52:45.000,FALL - 17B4,2026-06-16 02:52:45
39.1080700000598,-84.5078,2026-06-16T02:55:50.000,DIABETIC - 13C1 NOT ALERT,2026-06-16 02:55:50
39.1136680000597,-84.577634,2026-06-16T03:10:33.000,EMS,2026-06-16 03:10:33
39.1553230000597,-84.399512,2026-06-16T03:16:32.000,EMS,2026-06-16 03:16:32
39.1633750000597,-84.421917,2026-06-16T03:22:31.000,SICK - 26A8 PAIN,2026-06-16 03:22:31
39.1581590000598,-84.502863,2026-06-16T03:30:30.000,BREATH - 6D1A NOT ALERT,2026-06-16 03:30:30
39.1513260000597,-84.554491,2026-06-16T03:55:04.000,=ASSLTI - (C),2026-06-16 03:55:04
39.1502830000597,-84.48781,2026-06-16T03:59:52.000,FAINT - 31D3,2026-06-16 03:59:52
39.1495490000597,-84.554417,2026-06-16T05:10:29.000,PREG - 24B2,2026-06-16 05:10:29
39.1785180000597,-84.475543,2026-06-16T06:22:26.000,CHESTPN - 10C1 ABNORMAL BREATH,2026-06-16 06:22:26
39.1653120000597,-84.467476,2026-06-16T07:09:16.000,FAINT - 31A1,2026-06-16 07:09:16
39.1422690000597,-84.535761,2026-06-16T07:43:00.000,SEIZURE - 12A1,2026-06-16 07:43:00
39.1237230000597,-84.602643,2026-06-16T07:47:52.000,EMS,2026-06-16 07:47:52
39.1976100000597,-84.462824,2026-06-16T07:50:03.000,PERDWN - 32B2 MEDICAL ALARM,2026-06-16 07:50:03
39.1354660000597,-84.616528,2026-06-16T07:53:58.000,BREATH - 6E1O INEFFECT BREATH,2026-06-16 07:53:58
39.1980500000597,-84.463244,2026-06-16T07:54:09.000,PERDWN - 32B2 MEDICAL ALARM,2026-06-16 07:54:09
39.1000540000598,-84.514986,2026-06-16T08:13:29.000,PERDWN - 32D1 UNKNOWN,2026-06-16 08:13:29
39.1412280000597,-84.439172,2026-06-16T08:28:42.000,SICK - 26A8 PAIN,2026-06-16 08:28:42
39.1768040000597,-84.459176,2026-06-16T08:42:09.000,SEIZURE - 12D4,2026-06-16 08:42:09
39.1555520000597,-84.577149,2026-06-16T08:46:11.000,=EMS - (C),2026-06-16 08:46:11
39.1462020000597,-84.424782,2026-06-16T08:47:09.000,SICK - 26A7 IMMOBILE,2026-06-16 08:47:09
39.1760300000597,-84.43348,2026-06-16T08:49:58.000,HEARTPRB - 19C2 ABNORM BREATH,2026-06-16 08:49:58
39.1274640000597,-84.423952,2026-06-16T08:51:37.000,FALL - 17A3 NON RECENT,2026-06-16 08:51:37
39.0988240000598,-84.515066,2026-06-16T08:54:35.000,PERDWN - 32D1 UNKNOWN,2026-06-16 08:54:35
39.1148900000598,-84.517094,2026-06-16T09:01:31.000,ASSLTI - (C) =,2026-06-16 09:01:31
39.1423320000598,-84.491975,2026-06-16T09:07:09.000,SICK - 26A1,2026-06-16 09:07:09
39.1159040000598,-84.521211,2026-06-16T09:18:17.000,"OD - (C) 23C1A NOT ALERT, ACC",2026-06-16 09:18:17
39.1309260000598,-84.598373,2026-06-16T09:18:59.000,FALL - 17B1,2026-06-16 09:18:59
39.1448950000597,-84.568211,2026-06-16T09:20:57.000,DOMINJ - (C) =,2026-06-16 09:20:57
39.1259780000598,-84.474539,2026-06-16T09:38:01.000,ABDOM - 1C5,2026-06-16 09:38:01
39.1462190000597,-84.59485,2026-06-16T09:41:57.000,SICK - 26A11 VOMITING,2026-06-16 09:41:57
39.1942150000597,-84.465416,2026-06-16T09:47:38.000,BLEED - 21B1 DANGEROUS,2026-06-16 09:47:38
39.1322430000598,-84.535692,2026-06-16T09:59:17.000,OD - (C) 23D2 UNCONSIOUS,2026-06-16 09:59:17
39.1238470000597,-84.575837,2026-06-16T10:04:20.000,SICK - 26A8 PAIN,2026-06-16 10:04:20
39.1535370000597,-84.560391,2026-06-16T10:15:29.000,FAINT - 31D3,2026-06-16 10:15:29
39.0797210000598,-84.599328,2026-06-16T10:17:58.000,SICK - 26C2 ABNORMAL BREATH,2026-06-16 10:17:58
39.1873300000597,-84.458838,2026-06-16T10:20:10.000,LIFT - 17A4,2026-06-16 10:20:10
39.1660400000597,-84.513497,2026-06-16T10:33:02.000,EMS - (C) =,2026-06-16 10:33:02
39.1003250000598,-84.376514,2026-06-16T10:47:47.000,PERDWN - 32B2 MEDICAL ALARM,2026-06-16 10:47:47
39.1308510000597,-84.508767,2026-06-16T10:51:24.000,BREATH - 6D1 NOT ALERT,2026-06-16 10:51:24
39.0913870000598,-84.392972,2026-06-16T10:55:12.000,BREATH - 6D3A ASTHMA,2026-06-16 10:55:12
39.1872840000597,-84.468089,2026-06-16T10:56:47.000,SICK - 26A11 VOMITING,2026-06-16 10:56:47
39.1588080000597,-84.49218,2026-06-16T10:58:18.000,BREATH - 6D1E NOT ALERT,2026-06-16 10:58:18
39.1256010000597,-84.601241,2026-06-16T11:01:56.000,=ASSLTI - (C),2026-06-16 11:01:56
39.1529590000597,-84.533658,2026-06-16T11:09:33.000,SICK - 26A8 PAIN,2026-06-16 11:09:33
39.1403580000597,-84.53764,2026-06-16T11:11:11.000,BREATH - 6D2,2026-06-16 11:11:11
39.1676650000597,-84.387935,2026-06-16T11:19:37.000,SICK - 26C1 ALTERED LOC,2026-06-16 11:19:37
39.1145700000598,-84.518874,2026-06-16T11:19:44.000,CHESTPN - 10D1 NOT ALERT,2026-06-16 11:19:44
39.1360030000597,-84.50155,2026-06-16T11:21:47.000,PERDWN - 32D1 UNKNOWN,2026-06-16 11:21:47
39.1107210000598,-84.577703,2026-06-16T11:28:26.000,SEIZURE - 12A1,2026-06-16 11:28:26
39.1610130000597,-84.408216,2026-06-16T11:34:45.000,BREATH - 6D4 CLAMMY,2026-06-16 11:34:45
39.1155300000598,-84.518264,2026-06-16T11:37:38.000,EMS,2026-06-16 11:37:38
39.1256410000597,-84.601411,2026-06-16T11:49:27.000,EMS,2026-06-16 11:49:27
39.1295130000598,-84.480258,2026-06-16T11:50:59.000,=EMS - (C),2026-06-16 11:50:59
39.1493010000597,-84.592812,2026-06-16T11:51:07.000,EMS,2026-06-16 11:51:07
39.1917870000597,-84.517644,2026-06-16T11:54:38.000,DOMINJ - (C)(W) =,2026-06-16 11:54:38
39.1586810000597,-84.540388,2026-06-16T11:56:40.000,=PERDWN,2026-06-16 11:56:40
39.2024080000597,-84.546488,2026-06-16T12:07:05.000,SICK - 26B1,2026-06-16 12:07:05
39.2034000000597,-84.558871,2026-06-16T12:12:01.000,EMS,2026-06-16 12:12:01
39.1945300000597,-84.520583,2026-06-16T12:26:51.000,FALL - 17A2,2026-06-16 12:26:51
39.1317400000598,-84.532222,2026-06-16T12:33:14.000,PERDWN - 32D1 UNKNOWN,2026-06-16 12:33:14
39.1353850000597,-84.537164,2026-06-16T12:38:28.000,PERDWN - 32B3 UNKNOWN,2026-06-16 12:38:28
39.1964840000597,-84.463341,2026-06-16T12:40:11.000,PERDWN - 32B2 MEDICAL ALARM,2026-06-16 12:40:11
39.1028590000597,-84.520635,2026-06-16T12:58:25.000,PERDWN - 32B1 PT MOV/TALK,2026-06-16 12:58:25
39.1145770000598,-84.515903,2026-06-16T13:07:49.000,STROKE - 28C3F CLEAR EVIDENCE,2026-06-16 13:07:49
39.1839990000597,-84.564683,2026-06-16T13:08:51.000,LIFT - 17A4,2026-06-16 13:08:51
39.0993760000598,-84.509407,2026-06-16T13:19:16.000,EMS,2026-06-16 13:19:16
39.1296490000597,-84.606304,2026-06-16T13:30:05.000,=PERDWN,2026-06-16 13:30:05
39.1478280000597,-84.605947,2026-06-16T13:50:03.000,BREATH - 6D2,2026-06-16 13:50:03
39.1252100000597,-84.487725,2026-06-16T13:53:10.000,DIABETIC - 13C1 NOT ALERT,2026-06-16 13:53:10
39.1113440000598,-84.515423,2026-06-16T14:08:32.000,FAINT - 31D3,2026-06-16 14:08:32
39.1243610000598,-84.488034,2026-06-16T14:10:42.000,PERDWN - 32B2 MEDICAL ALARM,2026-06-16 14:10:42
39.1227410000598,-84.488804,2026-06-16T14:11:59.000,SICK - 26A8 PAIN,2026-06-16 14:11:59
39.1157420000598,-84.585299,2026-06-16T14:19:21.000,CHESTPN - 10D5 CARDIAC HX,2026-06-16 14:19:21
39.1333900000598,-84.571343,2026-06-16T14:35:00.000,CHESTPN - 10D1 NOT ALERT,2026-06-16 14:35:00
39.1238200000598,-84.499882,2026-06-16T14:42:02.000,PERDWN - 32D1 UNKNOWN,2026-06-16 14:42:02
39.2153300000597,-84.488264,2026-06-16T14:55:40.000,FALL - 17B1,2026-06-16 14:55:40
39.1235210000597,-84.53403,2026-06-16T14:55:58.000,PERDWN - 32D1 UNKNOWN,2026-06-16 14:55:58
39.1065100000598,-84.50781,2026-06-16T14:56:13.000,OD - (C) 23E1 ARREST,2026-06-16 14:56:13
39.1321810000598,-84.46436,2026-06-16T15:04:08.000,SICK - 26A1,2026-06-16 15:04:08
39.1989540000597,-84.527957,2026-06-16T15:05:50.000,BREATH - 6D1O NOT ALERT,2026-06-16 15:05:50
39.1917120000597,-84.461429,2026-06-16T15:06:00.000,PERDWN - 32B2 MEDICAL ALARM,2026-06-16 15:06:00
39.1301860000597,-84.603663,2026-06-16T15:10:30.000,PERDWN - 32D1 UNKNOWN,2026-06-16 15:10:30
39.1575990000597,-84.398676,2026-06-16T15:16:04.000,PERDWN - 32B1 PT MOV/TALK,2026-06-16 15:16:04
39.1017910000598,-84.566178,2026-06-16T15:17:02.000,SEIZURE - 12C3 DIABETIC,2026-06-16 15:17:02
39.1009620000598,-84.512269,2026-06-16T15:17:45.000,SICK - 26A8 PAIN,2026-06-16 15:17:45
39.1003330000598,-84.512248,2026-06-16T15:25:08.000,=EMS - (C),2026-06-16 15:25:08
39.0986180000598,-84.5272,2026-06-16T15:26:59.000,SICK - 26C2 ABNORMAL BREATH,2026-06-16 15:26:59
39.1676930000597,-84.481887,2026-06-16T15:27:33.000,ABDOM - 1A1,2026-06-16 15:27:33
39.1031440000598,-84.507958,2026-06-16T15:36:17.000,CHESTPN - 10C3,2026-06-16 15:36:17
39.2142800000597,-84.488234,2026-06-16T15:37:16.000,FALL - 17D4 NOT ALERT,2026-06-16 15:37:16
39.1264000000597,-84.488075,2026-06-16T16:01:53.000,FALL - 17B1,2026-06-16 16:01:53
39.1424310000597,-84.439315,2026-06-16T16:08:17.000,SICK - 26A7 IMMOBILE,2026-06-16 16:08:17
39.1197000000598,-84.5224,2026-06-16T16:10:38.000,BREATH - 6C1A ASTHMA,2026-06-16 16:10:38
39.1924980000597,-84.542436,2026-06-16T16:29:00.000,PERDWN - 32B1 PT MOV/TALK,2026-06-16 16:29:00
39.1249190000598,-84.5894,2026-06-16T16:39:50.000,EMS,2026-06-16 16:39:50
39.1839300000597,-84.559911,2026-06-16T16:43:00.000,ABDOM - 1A1,2026-06-16 16:43:00
39.1652430000597,-84.550384,2026-06-16T16:46:48.000,FAINT - 31C1 ABNORMAL BREATH,2026-06-16 16:46:48
39.1342030000597,-84.5014,2026-06-16T16:52:54.000,PERDWN - 32D1 UNKNOWN,2026-06-16 16:52:54
39.2154730000597,-84.474231,2026-06-16T16:56:49.000,SEIZURE - 12D2 MULTIPLE,2026-06-16 16:56:49
39.1353310000598,-84.500316,2026-06-16T16:57:36.000,PERDWN - 32D1 UNKNOWN,2026-06-16 16:57:36
39.1475590000597,-84.571067,2026-06-16T17:20:23.000,SICK - 26A8 PAIN,2026-06-16 17:20:23
39.1423190000597,-84.536361,2026-06-16T17:22:31.000,SEIZURE - 12D2 MULTIPLE,2026-06-16 17:22:31
39.1036880000598,-84.510462,2026-06-16T17:26:03.000,ASSLTI - (C) =,2026-06-16 17:26:03
39.1512810000597,-84.566221,2026-06-16T17:27:07.000,EMS,2026-06-16 17:27:07
39.1374190000597,-84.477197,2026-06-16T17:40:14.000,SICK - 26C2 ABNORMAL BREATH,2026-06-16 17:40:14
39.1568030000597,-84.573826,2026-06-16T17:53:22.000,BREATH - 6D2,2026-06-16 17:53:22
39.1423540000598,-84.530916,2026-06-16T17:57:38.000,CHESTPN - 10C1 ABNORMAL BREATH,2026-06-16 17:57:38
39.2045250000597,-84.571896,2026-06-16T17:58:29.000,FAINT - 31A3,2026-06-16 17:58:29
39.0936970000598,-84.514984,2026-06-16T18:01:26.000,ARREST - 9E1 NOT BREATHING,2026-06-16 18:01:26
39.1702900000597,-84.518712,2026-06-16T18:02:03.000,FALL - 17A2,2026-06-16 18:02:03
39.1322790000597,-84.49712,2026-06-16T18:07:11.000,=PERDWN,2026-06-16 18:07:11
39.1271060000598,-84.513724,2026-06-16T18:07:34.000,BREATH - 6D1 NOT ALERT,2026-06-16 18:07:34
39.1192270000597,-84.548446,2026-06-16T18:09:51.000,FAINT - 31D2 ABNORMAL BREATH,2026-06-16 18:09:51
39.1380930000597,-84.533481,2026-06-16T18:19:45.000,ASSLTI - (C) =,2026-06-16 18:19:45
39.1144750000598,-84.421895,2026-06-16T18:26:00.000,FAINT - 31D4 NOT ALERT,2026-06-16 18:26:00
39.1484720000597,-84.554584,2026-06-16T18:29:20.000,BREATH - 6D1 NOT ALERT,2026-06-16 18:29:20
39.1373490000597,-84.477007,2026-06-16T18:37:46.000,SICK - 26D1 NOT ALERT,2026-06-16 18:37:46
39.1862350000597,-84.419105,2026-06-16T18:39:02.000,CHESTPN - 10D4 CLAMMY,2026-06-16 18:39:02
39.1588030000597,-84.408868,2026-06-16T18:44:34.000,FALL - 17B1,2026-06-16 18:44:34
39.1525590000597,-84.532918,2026-06-16T18:46:13.000,BREATH - 6C1E EMPHYSEMA,2026-06-16 18:46:13
39.1266690000597,-84.511868,2026-06-16T18:46:39.000,BLEED - 21A1,2026-06-16 18:46:39
39.1079270000598,-84.567221,2026-06-16T18:53:50.000,=EMS - (C),2026-06-16 18:53:50
39.1305960000598,-84.557276,2026-06-16T18:55:09.000,ABDOM - 1A1,2026-06-16 18:55:09
39.1084790000597,-84.568115,2026-06-16T19:00:08.000,BREATH - 6D2A ASTHMA,2026-06-16 19:00:08
39.1428700000597,-84.475572,2026-06-16T19:20:11.000,SICK - 26D1 NOT ALERT,2026-06-16 19:20:11
39.1142680000598,-84.572914,2026-06-16T19:24:33.000,STROKE - 28C3 SPEECH PROBLEMS,2026-06-16 19:24:33
39.1680760000597,-84.461395,2026-06-16T19:30:57.000,SEIZURE - 12A2,2026-06-16 19:30:57
39.1678760000597,-84.460785,2026-06-16T19:31:22.000,SEIZURE - 12D4,2026-06-16 19:31:22
39.1156710000598,-84.52817,2026-06-16T19:36:11.000,DOMINJ - (C) =,2026-06-16 19:36:11
39.1405750000597,-84.590602,2026-06-16T19:43:32.000,CHESTPN - 10D5 CARDIAC HX,2026-06-16 19:43:32
39.1884230000597,-84.467486,2026-06-16T19:48:26.000,BREATH - 6C1E EMPHYSEMA,2026-06-16 19:48:26
39.1550220000597,-84.558295,2026-06-16T19:56:59.000,SICK - 26A10 UNWELL,2026-06-16 19:56:59
39.1265980000598,-84.477657,2026-06-16T20:04:48.000,FALL - 17B1,2026-06-16 20:04:48
39.1352010000597,-84.604099,2026-06-16T20:49:31.000,FAINT - 31D4 NOT ALERT,2026-06-16 20:49:31
39.1072260000598,-84.526579,2026-06-16T21:04:49.000,CHESTPN - 10D4 CLAMMY,2026-06-16 21:04:49
39.1176950000597,-84.531733,2026-06-16T21:15:57.000,STROKE - 28C5 FACIAL DROOP,2026-06-16 21:15:57
39.1994270000597,-84.515538,2026-06-16T21:29:08.000,SICK - 26A8 PAIN,2026-06-16 21:29:08
39.1309460000597,-84.508506,2026-06-16T21:30:28.000,PERDWN - 32D1 UNKNOWN,2026-06-16 21:30:28
39.2018300000597,-84.577993,2026-06-16T21:39:02.000,EMS,2026-06-16 21:39:02
39.1445810000597,-84.498595,2026-06-16T21:39:24.000,EMS,2026-06-16 21:39:24
39.1862740000597,-84.468404,2026-06-16T21:40:51.000,CHESTPN - 10C1 ABNORMAL BREATH,2026-06-16 21:40:51
39.1440900000597,-84.554385,2026-06-16T21:45:19.000,SICK - 26C2 ABNORMAL BREATH,2026-06-16 21:45:19
39.1577620000597,-84.543326,2026-06-16T22:04:56.000,FAINT - 31C2,2026-06-16 22:04:56
39.1266780000598,-84.485158,2026-06-16T22:08:34.000,EMS,2026-06-16 22:08:34
39.1893480000597,-84.459135,2026-06-16T22:20:23.000,BLEED - 21D4 DANGEROUS BLEED,2026-06-16 22:20:23
39.1049090000598,-84.516378,2026-06-16T22:25:48.000,SEIZURE - 12D2 MULTIPLE,2026-06-16 22:25:48
39.1104330000598,-84.511748,2026-06-16T22:50:44.000,ABDOM - 1A1,2026-06-16 22:50:44
39.1108530000597,-84.583724,2026-06-16T22:51:41.000,EMS,2026-06-16 22:51:41
39.1332090000597,-84.488598,2026-06-16T22:54:36.000,EMS,2026-06-16 22:54:36
39.1321990000597,-84.488588,2026-06-16T22:54:42.000,SICK - 26A8 PAIN,2026-06-16 22:54:42
39.1461240000597,-84.577547,2026-06-16T23:15:31.000,CHESTPN - 10D4 CLAMMY,2026-06-16 23:15:31
39.1242450000597,-84.513391,2026-06-16T23:24:02.000,FALL - 17A3 NON RECENT,2026-06-16 23:24:02
39.1161300000597,-84.577142,2026-06-17T00:04:22.000,SICK - 26A8 PAIN,2026-06-17 00:04:22
39.1889660000597,-84.513077,2026-06-17T00:27:53.000,PREG - 24D5 HIGH RISK,2026-06-17 00:27:53
39.1157240000597,-84.582217,2026-06-17T00:39:21.000,PERDWN - 32B2 MEDICAL ALARM,2026-06-17 00:39:21
39.0989950000598,-84.388756,2026-06-17T00:59:20.000,PERDWN - 32B2 MEDICAL ALARM,2026-06-17 00:59:20
39.1571030000597,-84.5775,2026-06-17T02:17:23.000,SICK - 26C2 ABNORMAL BREATH,2026-06-17 02:17:23
39.1024290000597,-84.519555,2026-06-17T02:20:56.000,SEIZURE - 12C4,2026-06-17 02:20:56
39.1276610000598,-84.516642,2026-06-17T02:28:36.000,=DOMINJ - (C),2026-06-17 02:28:36
39.2051000000597,-84.45693,2026-06-17T02:38:41.000,SEIZURE - 12A3,2026-06-17 02:38:41
39.1330740000598,-84.570466,2026-06-17T02:48:24.000,SICK - 26C1 ALTERED LOC,2026-06-17 02:48:24
39.1354510000598,-84.615801,2026-06-17T02:49:55.000,BREATH - 6D2,2026-06-17 02:49:55
39.1163950000597,-84.522055,2026-06-17T03:02:18.000,BREATH - 6D1E NOT ALERT,2026-06-17 03:02:18
39.1556190000597,-84.551094,2026-06-17T03:33:32.000,SICK - 26C2 ABNORMAL BREATH,2026-06-17 03:33:32
39.1605230000597,-84.407916,2026-06-17T04:13:50.000,BLEED - 21D3 NOT ALERT,2026-06-17 04:13:50
39.1410090000597,-84.501942,2026-06-17T04:19:37.000,CHESTPN - 10D4 CLAMMY,2026-06-17 04:19:37
39.2136290000597,-84.481977,2026-06-17T04:39:45.000,SEIZURE - 12D4,2026-06-17 04:39:45
39.1615430000597,-84.407236,2026-06-17T04:40:42.000,CHESTPN - 10D5 CARDIAC HX,2026-06-17 04:40:42
39.1946050000597,-84.535282,2026-06-17T05:38:42.000,BREATH - 6C1,2026-06-17 05:38:42
39.1373130000598,-84.469297,2026-06-17T06:17:46.000,CHESTPN - 10C3,2026-06-17 06:17:46
39.1431980000598,-84.588904,2026-06-17T06:35:08.000,SICK - 26B1,2026-06-17 06:35:08
39.1418690000597,-84.536261,2026-06-17T06:53:19.000,SEIZURE - 12B1,2026-06-17 06:53:19
39.1210970000597,-84.50514,2026-06-17T07:06:02.000,SEIZURE - 12D2 MULTIPLE,2026-06-17 07:06:02
39.2011000000597,-84.464152,2026-06-17T07:14:10.000,SICK - 26C2 ABNORMAL BREATH,2026-06-17 07:14:10
39.1253940000598,-84.554145,2026-06-17T07:28:08.000,=EMS1 - ALS1 RESPONSE,2026-06-17 07:28:08
39.1822140000597,-84.560118,2026-06-17T07:35:40.000,BREATH - 6C1,2026-06-17 07:35:40
39.1630170000597,-84.543911,2026-06-17T07:48:26.000,CHESTPN - 10D4 CLAMMY,2026-06-17 07:48:26
39.1488660000597,-84.571032,2026-06-17T07:52:22.000,OD - (C) 23D2A ACCIDENTAL,2026-06-17 07:52:22
39.1940900000597,-84.522293,2026-06-17T07:56:41.000,PERDWN - 32B2 MEDICAL ALARM,2026-06-17 07:56:41
39.1564030000597,-84.398438,2026-06-17T07:57:47.000,BREATH - 6C1O,2026-06-17 07:57:47
39.1432780000597,-84.497176,2026-06-17T07:59:17.000,ABDOM - 1A1,2026-06-17 07:59:17
39.1554630000597,-84.57667,2026-06-17T08:23:23.000,SICK - 26A8 PAIN,2026-06-17 08:23:23
39.1782380000597,-84.510363,2026-06-17T08:26:44.000,SICK - 26D1 NOT ALERT,2026-06-17 08:26:44
39.2052880000597,-84.554168,2026-06-17T08:35:18.000,FALL - 17B1,2026-06-17 08:35:18
39.1296860000597,-84.615003,2026-06-17T08:43:43.000,PERDWN - 32D1 UNKNOWN,2026-06-17 08:43:43
39.1633630000597,-84.540535,2026-06-17T09:01:15.000,ASSLTI - (C) =,2026-06-17 09:01:15
39.1637130000597,-84.540065,2026-06-17T09:03:35.000,ASSLTI - (C) =,2026-06-17 09:03:35
39.1995960000597,-84.455847,2026-06-17T09:03:41.000,HEARTPRB - 19C2 ABNORM BREATH,2026-06-17 09:03:41
39.1264730000598,-84.561368,2026-06-17T09:09:01.000,FALL - 17A2,2026-06-17 09:09:01
39.1092800000597,-84.515527,2026-06-17T09:22:25.000,SICK - 26C1 ALTERED LOC,2026-06-17 09:22:25
39.1297230000598,-84.480218,2026-06-17T09:25:14.000,EMS,2026-06-17 09:25:14
39.1117130000598,-84.511465,2026-06-17T09:29:06.000,PERDWN - 32D1 UNKNOWN,2026-06-17 09:29:06
39.1335050000597,-84.575241,2026-06-17T09:31:27.000,BREATH - 6D4E EMPHYSEMA,2026-06-17 09:31:27
39.0558490000598,-84.420496,2026-06-17T09:33:51.000,SICK - 26D1 NOT ALERT,2026-06-17 09:33:51
39.1541210000597,-84.503581,2026-06-17T09:36:49.000,BLEED - 21A1,2026-06-17 09:36:49
39.1069170000598,-84.590526,2026-06-17T09:50:19.000,DOMINJ - (C) =,2026-06-17 09:50:19
39.1224760000598,-84.602825,2026-06-17T09:58:11.000,PERDWN - 32D1 UNKNOWN,2026-06-17 09:58:11
39.1342520000598,-84.611943,2026-06-17T10:04:59.000,BREATH - 6C1E EMPHYSEMA,2026-06-17 10:04:59
39.0949590000597,-84.386173,2026-06-17T10:09:49.000,FAINT - 31D2 ABNORMAL BREATH,2026-06-17 10:09:49
39.1365300000597,-84.501025,2026-06-17T10:10:14.000,BREATH - 6C1,2026-06-17 10:10:14
39.1735380000597,-84.557015,2026-06-17T10:25:36.000,FALL - 17A2,2026-06-17 10:25:36
39.1559740000597,-84.494476,2026-06-17T10:31:38.000,SICK - 26C2 ABNORMAL BREATH,2026-06-17 10:31:38
39.1146070000598,-84.516403,2026-06-17T10:35:24.000,STROKE - 28C2F CLEAR EVIDENCE,2026-06-17 10:35:24
39.1742570000597,-84.432221,2026-06-17T10:45:39.000,SICK - 26C1 ALTERED LOC,2026-06-17 10:45:39
39.1515530000597,-84.602088,2026-06-17T10:50:25.000,ABDOM - 1A1,2026-06-17 10:50:25
39.1807590000597,-84.512957,2026-06-17T10:54:50.000,SICK - 26A3 VERTIGO,2026-06-17 10:54:50
39.1263180000598,-84.552953,2026-06-17T10:57:27.000,PERDWN - 32D1 UNKNOWN,2026-06-17 10:57:27
39.1488070000597,-84.608837,2026-06-17T11:02:02.000,PERDWN - 32B2 MEDICAL ALARM,2026-06-17 11:02:02
39.1572210000597,-84.525472,2026-06-17T11:05:40.000,SICK - 26A11 VOMITING,2026-06-17 11:05:40
39.1918760000597,-84.551215,2026-06-17T11:07:26.000,SICK - 26A11 VOMITING,2026-06-17 11:07:26
39.1078400000598,-84.50907,2026-06-17T11:18:17.000,CHESTPN - 10C1 ABNORMAL BREATH,2026-06-17 11:18:17
39.1356420000597,-84.504984,2026-06-17T11:20:00.000,FALL - 17B4,2026-06-17 11:20:00
39.1084050000598,-84.51084,2026-06-17T11:22:50.000,EMS,2026-06-17 11:22:50
39.1233340000597,-84.597691,2026-06-17T11:48:57.000,SICK - 26D1 NOT ALERT,2026-06-17 11:48:57
39.1584170000597,-84.539959,2026-06-17T12:16:31.000,SICK - 26C2 ABNORMAL BREATH,2026-06-17 12:16:31
39.1465110000597,-84.495083,2026-06-17T12:23:58.000,SICK - 26D1 NOT ALERT,2026-06-17 12:23:58
39.1877750000597,-84.545902,2026-06-17T12:29:34.000,SICK - 26A8 PAIN,2026-06-17 12:29:34
39.1355420000597,-84.503594,2026-06-17T12:33:45.000,BREATH - 6C1,2026-06-17 12:33:45
39.1208990000598,-84.594495,2026-06-17T12:35:25.000,FALL - 17B1,2026-06-17 12:35:25
39.1205090000598,-84.593155,2026-06-17T12:36:55.000,311 TRANSFER FOR EMS,2026-06-17 12:36:55
39.1997440000597,-84.480506,2026-06-17T12:46:08.000,BREATH - 6C1,2026-06-17 12:46:08
39.1289710000598,-84.488754,2026-06-17T12:46:19.000,FAINT - 31D4 NOT ALERT,2026-06-17 12:46:19
39.1351360000598,-84.536188,2026-06-17T12:47:02.000,PERDWN - 32D1 UNKNOWN,2026-06-17 12:47:02
39.1905090000597,-84.512836,2026-06-17T12:47:58.000,BREATH - 6D2A ASTHMA,2026-06-17 12:47:58
39.1896950000597,-84.519539,2026-06-17T12:51:44.000,SICK - 26C2 ABNORMAL BREATH,2026-06-17 12:51:44
39.1527250000597,-84.532736,2026-06-17T12:52:56.000,FALL - 17B4,2026-06-17 12:52:56
39.1355830000597,-84.50121,2026-06-17T13:03:02.000,PERDWN - 32D1 UNKNOWN,2026-06-17 13:03:02
39.1412500000597,-84.57598,2026-06-17T13:24:02.000,EMS,2026-06-17 13:24:02
39.1259930000598,-84.560858,2026-06-17T13:25:28.000,PERDWN - 32D1 UNKNOWN,2026-06-17 13:25:28
39.1130550000598,-84.516066,2026-06-17T13:42:07.000,SICK - 26C1 ALTERED LOC,2026-06-17 13:42:07
39.1048990000598,-84.561627,2026-06-17T13:42:21.000,LIFT - 17A4,2026-06-17 13:42:21
39.1914870000597,-84.516574,2026-06-17T13:45:55.000,=EMS1 - ALS1 RESPONSE,2026-06-17 13:45:55
39.1902530000597,-84.568185,2026-06-17T13:48:03.000,BLEED - 21D4 DANGEROUS BLEED,2026-06-17 13:48:03
39.1375440000598,-84.468661,2026-06-17T13:54:06.000,EMS,2026-06-17 13:54:06
39.1550370000597,-84.573811,2026-06-17T14:08:52.000,CHESTPN - 10D1 NOT ALERT,2026-06-17 14:08:52
39.1329960000597,-84.571624,2026-06-17T14:11:25.000,EMS,2026-06-17 14:11:25
39.1374540000597,-84.579226,2026-06-17T14:21:29.000,CHESTPN - 10D1 NOT ALERT,2026-06-17 14:21:29
39.1493270000597,-84.440043,2026-06-17T14:42:40.000,BREATH - 6D2,2026-06-17 14:42:40
39.1310200000598,-84.486717,2026-06-17T14:50:24.000,FALL - 17A3 NON RECENT,2026-06-17 14:50:24
39.1358200000597,-84.500795,2026-06-17T14:56:48.000,BREATH - 6D2,2026-06-17 14:56:48
39.1945370000597,-84.456641,2026-06-17T15:12:52.000,FAINT - 31D4 NOT ALERT,2026-06-17 15:12:52
39.1193510000598,-84.500434,2026-06-17T15:15:41.000,SICK - 26A2 ABNORMAL BP,2026-06-17 15:15:41
39.1411310000597,-84.557698,2026-06-17T15:28:22.000,EMS,2026-06-17 15:28:22
39.1069480000598,-84.513254,2026-06-17T15:29:10.000,HEADACHE - 18C3C POSS STROKE,2026-06-17 15:29:10
39.1660450000597,-84.551557,2026-06-17T15:29:30.000,BREATH - 6D2,2026-06-17 15:29:30
39.2059080000597,-84.454377,2026-06-17T15:30:16.000,STROKE - 28C4F CLEAR EVIDENCE,2026-06-17 15:30:16
39.1128280000597,-84.568074,2026-06-17T15:40:07.000,FAINT - 31D1 AGONAL BREATHING,2026-06-17 15:40:07
39.1311590000597,-84.555505,2026-06-17T15:54:16.000,FAINT - 31D3,2026-06-17 15:54:16
39.1133290000598,-84.565068,2026-06-17T15:54:28.000,PERDWN - 32D1 UNKNOWN,2026-06-17 15:54:28
39.1549390000597,-84.419929,2026-06-17T16:06:19.000,EMS,2026-06-17 16:06:19
39.2160500000597,-84.488144,2026-06-17T16:16:25.000,FALL - 17D4 NOT ALERT,2026-06-17 16:16:25
39.1012710000598,-84.385504,2026-06-17T16:19:07.000,FALL - 17B1,2026-06-17 16:19:07
39.1061400000598,-84.513541,2026-06-17T16:19:41.000,SEIZURE - 12D2 MULTIPLE,2026-06-17 16:19:41
39.1128380000598,-84.567715,2026-06-17T16:27:34.000,PERDWN - 32D1 UNKNOWN,2026-06-17 16:27:34
39.1780820000597,-84.509641,2026-06-17T16:28:22.000,STROKE - 28C10 TIA HX,2026-06-17 16:28:22
39.1362970000597,-84.484804,2026-06-17T16:28:27.000,SICK - 26D1 NOT ALERT,2026-06-17 16:28:27
39.1388240000597,-84.610474,2026-06-17T16:44:49.000,CHESTPN - 10D2 DIFF SPEAKING,2026-06-17 16:44:49
39.1889520000597,-84.577428,2026-06-17T16:46:37.000,EMS,2026-06-17 16:46:37
39.1018080000598,-84.505222,2026-06-17T16:50:08.000,CHESTPN - 10C3,2026-06-17 16:50:08
39.1286960000597,-84.484104,2026-06-17T16:50:57.000,HEARTPRB - 19C2 ABNORM BREATH,2026-06-17 16:50:57
39.1615070000597,-84.539066,2026-06-17T16:54:06.000,"OD - (C) 23E1A ARREST, ACC",2026-06-17 16:54:06
39.1071290000598,-84.511619,2026-06-17T16:58:52.000,SICK - 26A1,2026-06-17 16:58:52
39.1455550000597,-84.620023,2026-06-17T17:02:45.000,FAINT - 31D4 NOT ALERT,2026-06-17 17:02:45
39.1282030000597,-84.501407,2026-06-17T17:11:30.000,CHESTPN - 10D4 CLAMMY,2026-06-17 17:11:30
39.1738070000597,-84.432171,2026-06-17T17:18:02.000,SICK - 26A8 PAIN,2026-06-17 17:18:02
39.1110490000597,-84.595689,2026-06-17T17:18:25.000,CHESTPN - 10D4 CLAMMY,2026-06-17 17:18:25
39.1898500000597,-84.467499,2026-06-17T18:03:01.000,SICK - 26A11 VOMITING,2026-06-17 18:03:01
39.1486080000597,-84.563914,2026-06-17T18:04:21.000,FAINT - 31A1,2026-06-17 18:04:21
39.1623500000597,-84.391414,2026-06-17T18:04:44.000,EMS,2026-06-17 18:04:44
39.1317550000597,-84.509754,2026-06-17T18:07:01.000,PERDWN - 32D1 UNKNOWN,2026-06-17 18:07:01
39.1482240000597,-84.602481,2026-06-17T18:07:56.000,SICK - 26A8 PAIN,2026-06-17 18:07:56
39.1316970000597,-84.587318,2026-06-17T18:10:16.000,BREATH - 6C1E EMPHYSEMA,2026-06-17 18:10:16
39.1031640000597,-84.528846,2026-06-17T18:20:00.000,FAINT - 31D3,2026-06-17 18:20:00
39.0995780000598,-84.52634,2026-06-17T18:27:53.000,=EMS2 - ALS2 RESPONSE,2026-06-17 18:27:53
39.1258550000597,-84.502337,2026-06-17T18:40:51.000,SEIZURE - 12D2 MULTIPLE,2026-06-17 18:40:51
39.1035270000597,-84.562903,2026-06-17T18:49:27.000,ABDOM - 1C5,2026-06-17 18:49:27
39.1579810000597,-84.539958,2026-06-17T18:52:04.000,PERDWN - 32D1 UNKNOWN,2026-06-17 18:52:04
39.1081780000598,-84.560927,2026-06-17T19:04:10.000,ASSLTI - (C) =,2026-06-17 19:04:10
39.1034640000598,-84.511098,2026-06-17T19:07:34.000,SICK - 26A3 VERTIGO,2026-06-17 19:07:34
39.1016450000598,-84.510128,2026-06-17T19:10:50.000,ASSLTI - (C) =,2026-06-17 19:10:50
39.1733940000597,-84.465403,2026-06-17T19:13:54.000,CHESTPN - 10D2 DIFF SPEAKING,2026-06-17 19:13:54
39.1159760000598,-84.520655,2026-06-17T19:20:26.000,SICK - 26A3 VERTIGO,2026-06-17 19:20:26
39.2148400000597,-84.488734,2026-06-17T19:26:25.000,HEARTPRB - 19C4 CARDIAC HX,2026-06-17 19:26:25
39.0958720000598,-84.564652,2026-06-17T19:55:07.000,CHESTPN - 10D1 NOT ALERT,2026-06-17 19:55:07
39.1584860000597,-84.495362,2026-06-17T19:56:51.000,CHESTPN - 10D5 CARDIAC HX,2026-06-17 19:56:51
39.1524350000597,-84.600406,2026-06-17T19:58:52.000,SICK - 26D1 NOT ALERT,2026-06-17 19:58:52
39.2033040000597,-84.544165,2026-06-17T20:08:39.000,FAINT - 31C1 ABNORMAL BREATH,2026-06-17 20:08:39
39.1491040000597,-84.531205,2026-06-17T20:12:11.000,STROKE - 28C5 FACIAL DROOP,2026-06-17 20:12:11
39.1323460000597,-84.587149,2026-06-17T20:26:52.000,SICK - 26A1,2026-06-17 20:26:52
39.1000740000598,-84.511721,2026-06-17T20:26:59.000,SICK - 26B1,2026-06-17 20:26:59
39.1994130000597,-84.561149,2026-06-17T20:34:13.000,FALL - 17B4,2026-06-17 20:34:13
39.1464120000597,-84.423567,2026-06-17T20:41:38.000,EMS,2026-06-17 20:41:38
39.1431970000597,-84.553603,2026-06-17T20:54:00.000,BREATH - 6D2,2026-06-17 20:54:00
39.1131030000598,-84.585129,2026-06-17T21:05:11.000,DOMINJ - (C) =,2026-06-17 21:05:11
39.1079620000598,-84.511982,2026-06-17T21:29:39.000,FAINT - 31D4 NOT ALERT,2026-06-17 21:29:39
39.1911330000597,-84.457021,2026-06-17T21:42:50.000,LIFT - 17A4,2026-06-17 21:42:50
39.1077640000598,-84.521205,2026-06-17T21:43:17.000,=EMS1 - ALS1 RESPONSE,2026-06-17 21:43:17
39.1599720000597,-84.429848,2026-06-17T21:49:22.000,FAINT - 31A2,2026-06-17 21:49:22
39.1509350000597,-84.588414,2026-06-17T21:55:18.000,SICK - 26C2 ABNORMAL BREATH,2026-06-17 21:55:18
39.1495610000597,-84.482805,2026-06-17T21:56:46.000,ABDOM - 1C4,2026-06-17 21:56:46
39.1002120000597,-84.509554,2026-06-17T21:58:01.000,FAINT - 31D4 NOT ALERT,2026-06-17 21:58:01
39.1396680000597,-84.600125,2026-06-17T22:00:27.000,PERDWN - 32D1 UNKNOWN,2026-06-17 22:00:27
39.1111900000598,-84.523376,2026-06-17T22:02:50.000,SICK - 26A2 ABNORMAL BP,2026-06-17 22:02:50
39.2141430000597,-84.483873,2026-06-17T22:09:07.000,ABDOM - 1C7,2026-06-17 22:09:07
39.1308770000597,-84.588341,2026-06-17T22:15:10.000,SICK - 26C1 ALTERED LOC,2026-06-17 22:15:10
39.1520310000597,-84.568018,2026-06-17T22:15:20.000,SEIZURE - 12C4,2026-06-17 22:15:20
39.1192180000598,-84.486059,2026-06-17T22:17:37.000,FAINT - 31C2,2026-06-17 22:17:37
39.1149510000598,-84.52883,2026-06-17T22:45:46.000,FAINT - 31A3,2026-06-17 22:45:46
39.1263700000597,-84.486975,2026-06-17T23:09:11.000,EMS,2026-06-17 23:09:11
39.1451330000597,-84.5116,2026-06-17T23:26:34.000,BREATH - 6D2A ASTHMA,2026-06-17 23:26:34
39.1473160000597,-84.506065,2026-06-18T00:00:22.000,BREATH - 6C1A ASTHMA,2026-06-18 00:00:22
39.1547290000597,-84.604005,2026-06-18T00:08:46.000,FAINT - 31D3,2026-06-18 00:08:46
39.1115730000598,-84.512115,2026-06-18T00:24:51.000,PERDWN - 32D1 UNKNOWN,2026-06-18 00:24:51
39.1476890000597,-84.488601,2026-06-18T00:33:25.000,DIABETIC - 13C2,2026-06-18 00:33:25
39.1619860000597,-84.517756,2026-06-18T01:03:30.000,RIVER - (C) 81E2 VEH IN FLOOD,2026-06-18 01:03:30
39.0806590000598,-84.633235,2026-06-18T01:26:59.000,WATERR - (C) 81C1 VEH IN FLOOD,2026-06-18 01:26:59
39.1666450000597,-84.387735,2026-06-18T01:40:27.000,FALL - 17B4,2026-06-18 01:40:27
39.1351660000597,-84.617985,2026-06-18T01:42:37.000,PERDWN - 32B2 MEDICAL ALARM,2026-06-18 01:42:37
39.1868050000597,-84.511017,2026-06-18T02:43:15.000,CHESTPN - 10D4 CLAMMY,2026-06-18 02:43:15
39.1634390000597,-84.553264,2026-06-18T02:56:35.000,WATERR - (C) 81C1 VEH IN FLOOD,2026-06-18 02:56:35
39.1740850000597,-84.491288,2026-06-18T03:02:34.000,WATERR - (C) 81C2 VEH IN FLOOD,2026-06-18 03:02:34
39.1043120000598,-84.517608,2026-06-18T03:09:53.000,=EMS1 - ALS1 RESPONSE,2026-06-18 03:09:53
39.1123200000598,-84.572385,2026-06-18T03:15:19.000,ABDOM - 1C4,2026-06-18 03:15:19
39.1269660000598,-84.549896,2026-06-18T03:17:36.000,SEIZURE - 12A4 FOCAL,2026-06-18 03:17:36
39.1397310000597,-84.558948,2026-06-18T03:28:43.000,BLEED - 21D5 ABNORMAL BREATH,2026-06-18 03:28:43
39.1400710000597,-84.559038,2026-06-18T03:30:02.000,FALL - 17B2 SERIOUS BLEEDING,2026-06-18 03:30:02
39.1758750000597,-84.46649,2026-06-18T03:32:31.000,CHESTPN - 10D2 DIFF SPEAKING,2026-06-18 03:32:31
39.1842630000597,-84.511609,2026-06-18T03:45:07.000,FALL - 17A2,2026-06-18 03:45:07
39.1648000000597,-84.419955,2026-06-18T03:49:02.000,WATERR - (C) 81C1 VEH IN FLOOD,2026-06-18 03:49:02
39.1495700000597,-84.38905,2026-06-18T03:51:30.000,RIVER - (C) 81E2 VEH IN FLOOD,2026-06-18 03:51:30
39.1231820000598,-84.571071,2026-06-18T03:57:10.000,BREATH - 6C1,2026-06-18 03:57:10
39.2052000000597,-84.45836,2026-06-18T04:16:13.000,BREATH - 6E1A ASTHMA,2026-06-18 04:16:13
39.0911970000598,-84.392932,2026-06-18T04:24:14.000,FALL - 17B1,2026-06-18 04:24:14
39.1268490000598,-84.40899,2026-06-18T04:27:47.000,WATERR - (C) 81C2 VEH IN FLOOD,2026-06-18 04:27:47
39.1397110000597,-84.491413,2026-06-18T04:31:08.000,BREATH - 6C1A ASTHMA,2026-06-18 04:31:08
39.0665650000598,-84.426783,2026-06-18T04:36:39.000,SICK - 26D1 NOT ALERT,2026-06-18 04:36:39
39.1040280000598,-84.521227,2026-06-18T04:37:54.000,ABDOM - 1A1,2026-06-18 04:37:54
39.1583870000598,-84.39577,2026-06-18T05:02:56.000,SICK - 26C2 ABNORMAL BREATH,2026-06-18 05:02:56
39.1654220000597,-84.466566,2026-06-18T05:08:20.000,ABDOM - 1C5,2026-06-18 05:08:20
39.2032050000597,-84.457056,2026-06-18T05:32:24.000,SEIZURE - 12D4,2026-06-18 05:32:24
39.1436450000597,-84.541753,2026-06-18T05:34:19.000,PERDWN - 32D1 UNKNOWN,2026-06-18 05:34:19
39.1482370000597,-84.505477,2026-06-18T05:45:50.000,FALL - 17A2,2026-06-18 05:45:50
39.1166020000597,-84.582141,2026-06-18T06:00:22.000,LIFT - 17A4,2026-06-18 06:00:22
39.1414200000598,-84.493536,2026-06-18T06:07:43.000,FAINT - 31D4 NOT ALERT,2026-06-18 06:07:43
39.1567840000597,-84.493286,2026-06-18T06:08:52.000,BREATH - 6D2,2026-06-18 06:08:52
39.1446800000597,-84.429339,2026-06-18T06:13:19.000,"FUMES - 60B3V SICK, OUTSIDE",2026-06-18 06:13:19
39.1668800000597,-84.476758,2026-06-18T06:25:05.000,ABDOM - 1A1,2026-06-18 06:25:05
39.1982370000597,-84.456718,2026-06-18T06:30:47.000,SICK - 26A8 PAIN,2026-06-18 06:30:47
39.1495050000597,-84.497568,2026-06-18T06:54:41.000,ABDOM - 1A1,2026-06-18 06:54:41
39.1913420000597,-84.45711,2026-06-18T06:59:46.000,BREATH - 6D2,2026-06-18 06:59:46
39.1791090000597,-84.512817,2026-06-18T07:04:27.000,EMS,2026-06-18 07:04:27
39.1265350000597,-84.501877,2026-06-18T07:09:04.000,SEIZURE - 12D2 MULTIPLE,2026-06-18 07:09:04
39.1094060000598,-84.595034,2026-06-18T07:27:28.000,BREATH - 6C1,2026-06-18 07:27:28
39.1416660000598,-84.589688,2026-06-18T07:40:35.000,PERDWN - 32B2 MEDICAL ALARM,2026-06-18 07:40:35
39.1031970000598,-84.509024,2026-06-18T07:41:21.000,FALL - 17B1,2026-06-18 07:41:21
39.1597110000597,-84.498651,2026-06-18T07:43:28.000,SEIZURE - 12D2 MULTIPLE,2026-06-18 07:43:28
39.1171820000597,-84.582981,2026-06-18T07:46:45.000,FALL - 17B4,2026-06-18 07:46:45
39.1115380000598,-84.566685,2026-06-18T08:12:06.000,FALL - 17A2,2026-06-18 08:12:06
39.1105810000598,-84.505287,2026-06-18T08:16:13.000,BREATH - 6D4 CLAMMY,2026-06-18 08:16:13
39.2109870000597,-84.541294,2026-06-18T08:28:31.000,BLEED - 21D4 DANGEROUS BLEED,2026-06-18 08:28:31
39.1493690000597,-84.53192,2026-06-18T08:33:42.000,SICK - 26A3 VERTIGO,2026-06-18 08:33:42
39.1613610000597,-84.396094,2026-06-18T08:52:43.000,SICK - 26A11 VOMITING,2026-06-18 08:52:43
39.2097610000597,-84.472933,2026-06-18T09:01:06.000,BREATH - 6C1,2026-06-18 09:01:06
39.1991480000597,-84.516893,2026-06-18T09:01:49.000,BREATH - 6C1,2026-06-18 09:01:49
39.1530830000598,-84.409101,2026-06-18T09:19:30.000,CHESTPN - 10D4 CLAMMY,2026-06-18 09:19:30
39.1309880000597,-84.518826,2026-06-18T09:20:39.000,EMS,2026-06-18 09:20:39
39.1475020000597,-84.424477,2026-06-18T09:23:15.000,FALL - 17B1,2026-06-18 09:23:15
39.1360510000597,-84.487506,2026-06-18T09:33:42.000,SEIZURE - 12A5 AURA,2026-06-18 09:33:42
39.1219640000597,-84.502589,2026-06-18T09:42:08.000,ABDOM - 1C6,2026-06-18 09:42:08
39.1916040000597,-84.485138,2026-06-18T09:49:31.000,CHESTPN - 10D1 NOT ALERT,2026-06-18 09:49:31
39.1196560000597,-84.438322,2026-06-18T10:00:05.000,BREATH - 6C1,2026-06-18 10:00:05
39.1057310000597,-84.581053,2026-06-18T10:09:01.000,BREATH - 6D2,2026-06-18 10:09:01
39.1517330000598,-84.410111,2026-06-18T10:11:11.000,EYEPRB - 16A1 MODERATE,2026-06-18 10:11:11
39.1456590000597,-84.568697,2026-06-18T10:13:38.000,DOMINJ - (C) =,2026-06-18 10:13:38
39.1362610000597,-84.486626,2026-06-18T10:19:23.000,ABDOM - 1A1,2026-06-18 10:19:23
39.1246840000598,-84.596128,2026-06-18T10:26:01.000,LIFT - 17A4,2026-06-18 10:26:01
39.1020640000598,-84.503337,2026-06-18T10:30:46.000,CHESTPN - 10D2 DIFF SPEAKING,2026-06-18 10:30:46
39.2151200000597,-84.487464,2026-06-18T10:34:07.000,SICK - 26C1 ALTERED LOC,2026-06-18 10:34:07
39.1154090000598,-84.523585,2026-06-18T10:40:42.000,EMS - (C) =,2026-06-18 10:40:42
39.1122800000598,-84.594915,2026-06-18T10:45:35.000,BREATH - 6C1,2026-06-18 10:45:35
39.1498650000597,-84.496808,2026-06-18T10:51:08.000,FAINT - 31D2 ABNORMAL BREATH,2026-06-18 10:51:08
39.1295000000597,-84.592328,2026-06-18T10:54:31.000,BREATH - 6D2,2026-06-18 10:54:31
39.1993920000597,-84.540374,2026-06-18T11:02:29.000,SICK - 26A11 VOMITING,2026-06-18 11:02:29
39.1136310000598,-84.521272,2026-06-18T11:03:16.000,SEIZURE - 12B1,2026-06-18 11:03:16
39.1587930000597,-84.393883,2026-06-18T11:10:51.000,FALL - 17B1,2026-06-18 11:10:51
39.1154000000598,-84.517334,2026-06-18T11:16:01.000,SICK - 26O28 INFECTION,2026-06-18 11:16:01
39.1943010000597,-84.476658,2026-06-18T11:24:12.000,EMS - (C) =,2026-06-18 11:24:12
39.1562360000597,-84.562531,2026-06-18T11:29:30.000,DIABETIC - 13C2,2026-06-18 11:29:30
39.1024760000598,-84.590643,2026-06-18T11:40:07.000,SICK - 26A8 PAIN,2026-06-18 11:40:07
39.1429140000597,-84.622628,2026-06-18T11:48:11.000,ASSLTI - (C) =,2026-06-18 11:48:11
39.1257280000598,-84.475279,2026-06-18T11:48:31.000,PERDWN - 32B2 MEDICAL ALARM,2026-06-18 11:48:31
39.1905870000597,-84.416243,2026-06-18T11:59:29.000,HEADACHE - 18C1C POSS STROKE,2026-06-18 11:59:29
39.2011040000597,-84.458275,2026-06-18T12:22:56.000,=EMS - (C),2026-06-18 12:22:56
39.1597930000597,-84.408718,2026-06-18T12:24:45.000,SICK - 26A5 GEN WEAKNESS,2026-06-18 12:24:45
39.1317410000598,-84.471228,2026-06-18T12:30:34.000,BREATH - 6D4 CLAMMY,2026-06-18 12:30:34
39.1070710000598,-84.511311,2026-06-18T12:44:29.000,=EMS - (C),2026-06-18 12:44:29
39.1948660000597,-84.567405,2026-06-18T12:46:36.000,DIABETIC - 13A1,2026-06-18 12:46:36
39.1303260000598,-84.599363,2026-06-18T13:00:48.000,SICK - 26C1 ALTERED LOC,2026-06-18 13:00:48
39.1372980000597,-84.500439,2026-06-18T13:04:51.000,LIFT - 17A4,2026-06-18 13:04:51
39.1277270000597,-84.519834,2026-06-18T13:05:10.000,=EMS1 - ALS1 RESPONSE,2026-06-18 13:05:10
39.1926090000597,-84.458951,2026-06-18T13:08:55.000,STROKE - 28C3F CLEAR EVIDENCE,2026-06-18 13:08:55
39.1773180000597,-84.413826,2026-06-18T13:10:30.000,ABDOM - 1C1 AORTIC ANEURYSM,2026-06-18 13:10:30
39.1671640000597,-84.468559,2026-06-18T13:18:36.000,BREATH - 6D2,2026-06-18 13:18:36
39.1550810000597,-84.485822,2026-06-18T13:27:18.000,SEIZURE - 12D4,2026-06-18 13:27:18
39.1180450000598,-84.508412,2026-06-18T13:46:43.000,PERDWN - 32D1 UNKNOWN,2026-06-18 13:46:43
39.1132480000598,-84.511866,2026-06-18T13:47:08.000,PERDWN - 32D1 UNKNOWN,2026-06-18 13:47:08
39.1417790000597,-84.502512,2026-06-18T13:50:56.000,FAINT - 31C1 ABNORMAL BREATH,2026-06-18 13:50:56
39.1561030000597,-84.503117,2026-06-18T13:53:31.000,LIFT - 17A4,2026-06-18 13:53:31
39.1235010000598,-84.489344,2026-06-18T13:54:19.000,SICK - 26A8 PAIN,2026-06-18 13:54:19
39.1786450000597,-84.510465,2026-06-18T13:59:37.000,DOMINJ - (C) =,2026-06-18 13:59:37
39.1483550000597,-84.48661,2026-06-18T14:01:41.000,FALL - 17A2,2026-06-18 14:01:41
39.1270140000598,-84.558712,2026-06-18T14:08:51.000,PERDWN - 32D1 UNKNOWN,2026-06-18 14:08:51
39.1724380000597,-84.469462,2026-06-18T14:14:01.000,FAINT - 31D4 NOT ALERT,2026-06-18 14:14:01
39.1079800000598,-84.559021,2026-06-18T14:16:23.000,FALL - 17A2,2026-06-18 14:16:23
39.1927680000597,-84.482595,2026-06-18T14:18:27.000,EMS,2026-06-18 14:18:27
39.1096690000598,-84.515297,2026-06-18T14:21:37.000,=EMS1 - ALS1 RESPONSE,2026-06-18 14:21:37
39.1455410000598,-84.425322,2026-06-18T14:22:46.000,PERDWN - 32D1 UNKNOWN,2026-06-18 14:22:46
39.1431240000597,-84.500344,2026-06-18T14:24:46.000,ABDOM - 1A1,2026-06-18 14:24:46
39.1073270000598,-84.589836,2026-06-18T14:33:42.000,STROKE - 28C1 NOT ALERT,2026-06-18 14:33:42
39.1352890000597,-84.502834,2026-06-18T14:36:48.000,FAINT - 31D1 AGONAL BREATHING,2026-06-18 14:36:48
39.1076600000598,-84.50853,2026-06-18T14:38:48.000,SICK - 26C1 ALTERED LOC,2026-06-18 14:38:48
39.1967210000597,-84.536314,2026-06-18T14:45:37.000,SICK - 26C1 ALTERED LOC,2026-06-18 14:45:37
39.1013920000598,-84.515043,2026-06-18T14:48:44.000,=PERDWN,2026-06-18 14:48:44
39.1647530000597,-84.543845,2026-06-18T14:51:31.000,BREATH - 6D2E EMPHYSEMA,2026-06-18 14:51:31
39.1542880000597,-84.578454,2026-06-18T14:53:22.000,SICK - 26A1,2026-06-18 14:53:22
39.1280420000597,-84.55603,2026-06-18T15:18:35.000,PERDWN - 32D1 UNKNOWN,2026-06-18 15:18:35
39.1270260000597,-84.557427,2026-06-18T15:22:01.000,FAINT - 31D1 AGONAL BREATHING,2026-06-18 15:22:01
39.1126110000598,-84.693614,2026-06-18T15:57:01.000,FALL - 17B1,2026-06-18 15:57:01
39.1839840000597,-84.418207,2026-06-18T16:02:29.000,SICK - 26A2 ABNORMAL BP,2026-06-18 16:02:29
39.1182220000598,-84.441419,2026-06-18T16:13:32.000,FALL - 17D3 UNCONSIOUS,2026-06-18 16:13:32
39.1914840000597,-84.475908,2026-06-18T16:29:56.000,PERDWN - 32D1 UNKNOWN,2026-06-18 16:29:56
39.1184830000598,-84.581617,2026-06-18T16:37:36.000,BREATH - 6C1,2026-06-18 16:37:36
39.1399870000598,-84.502516,2026-06-18T16:38:44.000,CHESTPN - 10D2 DIFF SPEAKING,2026-06-18 16:38:44
39.1450420000597,-84.495127,2026-06-18T16:41:28.000,DOMINJ - (C) =,2026-06-18 16:41:28
39.1825860000597,-84.566535,2026-06-18T16:46:50.000,BREATH - 6D1 NOT ALERT,2026-06-18 16:46:50
39.0998500000598,-84.51179,2026-06-18T16:47:38.000,BREATH - 6C1,2026-06-18 16:47:38
39.1168850000597,-84.586266,2026-06-18T17:17:34.000,SICK - 26A2 ABNORMAL BP,2026-06-18 17:17:34
39.1399710000597,-84.558738,2026-06-18T17:22:29.000,BLEED - 21B2 SERIOUS,2026-06-18 17:22:29
39.2080160000597,-84.556912,2026-06-18T17:24:25.000,BLEED - 21A1,2026-06-18 17:24:25
39.1619560000597,-84.545296,2026-06-18T17:31:09.000,OD - 23C8A ACCIDENTAL,2026-06-18 17:31:09
39.1568990000597,-84.479784,2026-06-18T17:54:04.000,FAINT - 31D1 AGONAL BREATHING,2026-06-18 17:54:04
39.1342570000598,-84.55416,2026-06-18T17:55:01.000,SICK - 26A1,2026-06-18 17:55:01
39.1068400000598,-84.50913,2026-06-18T18:01:46.000,CHESTPN - 10C1 ABNORMAL BREATH,2026-06-18 18:01:46
39.1310520000597,-84.483992,2026-06-18T18:15:19.000,PERDWN - 32D1 UNKNOWN,2026-06-18 18:15:19
39.1867340000597,-84.467614,2026-06-18T18:25:54.000,EMS,2026-06-18 18:25:54
39.1022680000598,-84.511222,2026-06-18T18:27:58.000,=EMS1 - ALS1 RESPONSE,2026-06-18 18:27:58
39.1377130000598,-84.589424,2026-06-18T18:29:49.000,DOMINJ - (C) =,2026-06-18 18:29:49
39.1287400000597,-84.601076,2026-06-18T18:43:54.000,EMS,2026-06-18 18:43:54
39.1476790000597,-84.621438,2026-06-18T18:55:14.000,FALL - 17A1 DEFORMITY,2026-06-18 18:55:14
39.1355110000597,-84.535979,2026-06-18T19:06:14.000,PERDWN - 32D1 UNKNOWN,2026-06-18 19:06:14
39.1926140000597,-84.51365,2026-06-18T19:08:25.000,BREATH - 6D1E NOT ALERT,2026-06-18 19:08:25
39.1525090000597,-84.532878,2026-06-18T19:08:55.000,FALL - 17A2,2026-06-18 19:08:55
39.1357340000597,-84.485333,2026-06-18T19:10:52.000,STROKE - 28C11,2026-06-18 19:10:52
39.1279690000597,-84.605594,2026-06-18T19:13:09.000,EMS,2026-06-18 19:13:09
39.1413190000597,-84.538632,2026-06-18T19:25:56.000,ASSLTI - (C) =,2026-06-18 19:25:56
39.1535170000597,-84.488012,2026-06-18T19:27:30.000,FALL - 17B3 STAIRS,2026-06-18 19:27:30
39.1343280000597,-84.524925,2026-06-18T19:31:43.000,BLEED - 21D3 NOT ALERT,2026-06-18 19:31:43
39.1282890000597,-84.520716,2026-06-18T19:34:01.000,PERDWN - 32D1 UNKNOWN,2026-06-18 19:34:01
39.1042020000598,-84.513957,2026-06-18T19:34:48.000,FAINT - 31D1 AGONAL BREATHING,2026-06-18 19:34:48
39.1355670000598,-84.498459,2026-06-18T19:45:53.000,PERDWN - 32D1 UNKNOWN,2026-06-18 19:45:53
39.1346740000597,-84.49674,2026-06-18T19:48:33.000,PERDWN - 32D1 UNKNOWN,2026-06-18 19:48:33
39.1308830000598,-84.599472,2026-06-18T19:50:46.000,SICK - 26A1,2026-06-18 19:50:46
39.2143900000597,-84.488574,2026-06-18T19:51:29.000,FALL - 17D4 NOT ALERT,2026-06-18 19:51:29
39.1344770000598,-84.498179,2026-06-18T19:55:52.000,PERDWN - 32D1 UNKNOWN,2026-06-18 19:55:52
39.1358640000597,-84.578419,2026-06-18T20:06:47.000,SEIZURE - 12C5 STROKE HX,2026-06-18 20:06:47
39.1568890000597,-84.52636,2026-06-18T20:40:09.000,CHESTPN - 10D5 CARDIAC HX,2026-06-18 20:40:09
39.0843480000598,-84.585211,2026-06-18T20:42:27.000,FALL - 17D5 SOB,2026-06-18 20:42:27
39.0858290000598,-84.569744,2026-06-18T21:14:03.000,BREATH - 6D2A ASTHMA,2026-06-18 21:14:03
39.1302060000598,-84.610989,2026-06-18T21:20:30.000,EMS - (C) =,2026-06-18 21:20:30
39.1463410000597,-84.495733,2026-06-18T21:22:38.000,SICK - 26C1 ALTERED LOC,2026-06-18 21:22:38
39.1820390000597,-84.545005,2026-06-18T21:23:39.000,DOMINJ - (C) =,2026-06-18 21:23:39
39.1994990000597,-84.478955,2026-06-18T21:26:38.000,CHESTPN - 10D4 CLAMMY,2026-06-18 21:26:38
39.1085130000598,-84.571717,2026-06-18T21:32:40.000,OD - 23D3A ACCIDENTAL,2026-06-18 21:32:40
39.1025200000598,-84.51674,2026-06-18T21:33:17.000,PERDWN - 32D1 UNKNOWN,2026-06-18 21:33:17
39.1353800000598,-84.511621,2026-06-18T21:37:30.000,PERDWN - 32D1 UNKNOWN,2026-06-18 21:37:30
39.1297160000598,-84.598093,2026-06-18T21:46:40.000,CHESTPN - 10C3,2026-06-18 21:46:40
39.1264230000597,-84.523601,2026-06-18T22:15:00.000,FAINT - 31C2,2026-06-18 22:15:00
39.1788610000597,-84.440843,2026-06-18T22:17:39.000,EMS,2026-06-18 22:17:39
39.1641060000597,-84.513043,2026-06-18T22:36:29.000,ASSLTI - (C)(W) =,2026-06-18 22:36:29
39.1017990000597,-84.520965,2026-06-18T22:54:08.000,ABDOM - 1A1,2026-06-18 22:54:08
39.1026730000598,-84.513028,2026-06-18T22:56:15.000,DIABETIC - 13C3,2026-06-18 22:56:15
39.1493980000598,-84.480403,2026-06-18T23:01:32.000,BREATH - 6D1A NOT ALERT,2026-06-18 23:01:32
39.1337240000597,-84.503023,2026-06-18T23:16:57.000,OD - (C) 23C2,2026-06-18 23:16:57
39.1228280000598,-84.548295,2026-06-18T23:33:58.000,PERDWN - 32B2 MEDICAL ALARM,2026-06-18 23:33:58
39.1274290000598,-84.52072,2026-06-18T23:58:30.000,EMS,2026-06-18 23:58:30
39.1041430000598,-84.561538,2026-06-19T00:12:35.000,DOMINJ - (C) =,2026-06-19 00:12:35
39.1072880000598,-84.518155,2026-06-19T00:24:21.000,FALL - 17B4,2026-06-19 00:24:21
39.1205200000597,-84.545015,2026-06-19T00:34:56.000,ABDOM - 1C4,2026-06-19 00:34:56
39.1378640000597,-84.471952,2026-06-19T00:36:52.000,=PERDWN,2026-06-19 00:36:52
39.1523260000597,-84.595051,2026-06-19T00:37:22.000,"BLEED - 21B2T SERIOUS, TRAUMA",2026-06-19 00:37:22
39.1951610000597,-84.549619,2026-06-19T00:40:51.000,SICK - 26C2 ABNORMAL BREATH,2026-06-19 00:40:51
39.1518790000597,-84.533728,2026-06-19T00:46:46.000,PERDWN - 32D1 UNKNOWN,2026-06-19 00:46:46
39.1414720000598,-84.491965,2026-06-19T00:47:23.000,ABDOM - 1A1,2026-06-19 00:47:23
39.2154030000597,-84.462672,2026-06-19T00:52:56.000,SEIZURE - 12D2 MULTIPLE,2026-06-19 00:52:56
39.1332340000597,-84.599596,2026-06-19T01:31:44.000,STROKE - 28C11,2026-06-19 01:31:44
39.1882450000597,-84.547112,2026-06-19T01:32:42.000,FALL - 17D4 NOT ALERT,2026-06-19 01:32:42
39.1318950000598,-84.479378,2026-06-19T01:36:01.000,SICK - 26C1 ALTERED LOC,2026-06-19 01:36:01
39.1885350000597,-84.547002,2026-06-19T01:36:26.000,FALL - 17B2 SERIOUS BLEEDING,2026-06-19 01:36:26
39.0973920000598,-84.510556,2026-06-19T01:38:56.000,SICK - 26A8 PAIN,2026-06-19 01:38:56
39.1902320000597,-84.519295,2026-06-19T02:02:23.000,SICK - 26O3 BUMPS,2026-06-19 02:02:23
39.1409800000598,-84.622643,2026-06-19T02:25:44.000,=PERDWN,2026-06-19 02:25:44
39.1729870000597,-84.431181,2026-06-19T02:36:08.000,FALL - 17A2,2026-06-19 02:36:08
39.1299270000598,-84.48039,2026-06-19T02:50:09.000,EMS,2026-06-19 02:50:09
39.0796530000598,-84.593043,2026-06-19T02:54:17.000,BLEED - 21D4 DANGEROUS BLEED,2026-06-19 02:54:17
39.1273330000598,-84.559738,2026-06-19T02:54:52.000,EMS,2026-06-19 02:54:52
39.1469090000597,-84.49393,2026-06-19T03:13:47.000,ABDOM - 1A1,2026-06-19 03:13:47
39.1133750000598,-84.61164,2026-06-19T03:30:57.000,BREATH - 6D1O NOT ALERT,2026-06-19 03:30:57
39.1571900000597,-84.47319,2026-06-19T03:43:01.000,ABDOM - 1A2,2026-06-19 03:43:01
39.1069040000598,-84.681876,2026-06-19T04:03:58.000,BREATH - 6D2A ASTHMA,2026-06-19 04:03:58
39.1063740000597,-84.589947,2026-06-19T04:06:35.000,PERDWN - 32B2 MEDICAL ALARM,2026-06-19 04:06:35
39.1455250000597,-84.576543,2026-06-19T04:29:37.000,CHESTPN - 10D5 CARDIAC HX,2026-06-19 04:29:37
39.1448870000598,-84.568157,2026-06-19T04:40:26.000,BLEED - 21B2 SERIOUS,2026-06-19 04:40:26
39.1360240000597,-84.577819,2026-06-19T04:42:38.000,CHESTPN - 10C3,2026-06-19 04:42:38
39.1911950000597,-84.45673,2026-06-19T04:44:42.000,CHESTPN - 10D2 DIFF SPEAKING,2026-06-19 04:44:42
39.1820180000597,-84.478876,2026-06-19T04:55:42.000,FALL - 17B4,2026-06-19 04:55:42
39.1436480000597,-84.576206,2026-06-19T05:05:35.000,CHESTPN - 10D5 CARDIAC HX,2026-06-19 05:05:35
39.1316950000597,-84.598022,2026-06-19T05:21:18.000,BREATH - 6D2O,2026-06-19 05:21:18
39.1152800000598,-84.523772,2026-06-19T05:31:34.000,PERDWN - 32D1 UNKNOWN,2026-06-19 05:31:34
39.1109070000598,-84.516983,2026-06-19T05:34:45.000,"OD - (C) 23C1A NOT ALERT, ACC",2026-06-19 05:34:45
39.2018280000597,-84.462114,2026-06-19T05:36:39.000,CHESTPN - 10C3,2026-06-19 05:36:39
39.1448950000598,-84.533411,2026-06-19T05:37:26.000,SICK - 26A8 PAIN,2026-06-19 05:37:26
39.2015680000597,-84.462244,2026-06-19T05:47:24.000,311 TRANSFER FOR EMS,2026-06-19 05:47:24
39.1454820000597,-84.423992,2026-06-19T05:47:26.000,ABDOM - 1C6,2026-06-19 05:47:26
39.1333740000597,-84.487881,2026-06-19T05:53:52.000,PERDWN - 32D1 UNKNOWN,2026-06-19 05:53:52
39.2157000000597,-84.487184,2026-06-19T06:08:41.000,FALL - 17B1,2026-06-19 06:08:41
39.1025750000598,-84.552404,2026-06-19T06:10:36.000,ABDOM - 1A1,2026-06-19 06:10:36
39.1111410000597,-84.600008,2026-06-19T06:16:52.000,EMS,2026-06-19 06:16:52
39.1529750000597,-84.600996,2026-06-19T06:22:38.000,SICK - 26A1,2026-06-19 06:22:38
39.1309110000598,-84.526209,2026-06-19T06:52:57.000,"OD - (C) 23C1A NOT ALERT, ACC",2026-06-19 06:52:57
39.1382970000597,-84.603277,2026-06-19T07:12:44.000,FAINT - 31A1,2026-06-19 07:12:44
39.1191620000598,-84.560123,2026-06-19T07:18:51.000,CHESTPN - 10D2 DIFF SPEAKING,2026-06-19 07:18:51
39.1538510000597,-84.43266,2026-06-19T07:22:20.000,BREATH - 6E1O INEFFECT BREATH,2026-06-19 07:22:20
39.1536810000597,-84.43289,2026-06-19T07:24:56.000,PERDWN - 32B1 PT MOV/TALK,2026-06-19 07:24:56
39.1606530000597,-84.406406,2026-06-19T07:45:00.000,BLEED - 21B1 DANGEROUS,2026-06-19 07:45:00
39.1350540000597,-84.499711,2026-06-19T07:56:22.000,=PERDWN,2026-06-19 07:56:22
39.1277660000598,-84.608443,2026-06-19T08:00:50.000,BLEED - 21A1,2026-06-19 08:00:50
39.1931740000597,-84.480348,2026-06-19T08:10:42.000,PERDWN - 32D1 UNKNOWN,2026-06-19 08:10:42
39.1890090000597,-84.463487,2026-06-19T08:11:00.000,CHESTPN - 10C1 ABNORMAL BREATH,2026-06-19 08:11:00
39.1529800000597,-84.49014,2026-06-19T08:23:44.000,BREATH - 6D2,2026-06-19 08:23:44
39.1327450000598,-84.479628,2026-06-19T08:24:24.000,SICK - 26C2 ABNORMAL BREATH,2026-06-19 08:24:24
39.1355930000597,-84.50142,2026-06-19T08:25:06.000,PERDWN - 32D1 UNKNOWN,2026-06-19 08:25:06
39.1675650000597,-84.387925,2026-06-19T08:37:19.000,LIFT - 17A4,2026-06-19 08:37:19
39.1669630000597,-84.554225,2026-06-19T08:48:26.000,ARREST - 9E1 NOT BREATHING,2026-06-19 08:48:26
39.1295030000598,-84.597832,2026-06-19T09:01:44.000,SICK - 26C2 ABNORMAL BREATH,2026-06-19 09:01:44
39.1059280000598,-84.58541,2026-06-19T09:09:26.000,ARREST - 9E1 NOT BREATHING,2026-06-19 09:09:26
39.1426140000597,-84.556859,2026-06-19T09:33:29.000,EMS,2026-06-19 09:33:29
39.1127470000598,-84.516629,2026-06-19T09:51:35.000,HEARTPRB - 19C4 CARDIAC HX,2026-06-19 09:51:35
39.1072780000597,-84.511254,2026-06-19T09:53:21.000,FAINT - 31C1 ABNORMAL BREATH,2026-06-19 09:53:21
39.1563100000597,-84.396683,2026-06-19T09:53:34.000,OD - (C) 23B1I INTENTIONAL,2026-06-19 09:53:34
39.1749880000597,-84.429109,2026-06-19T10:15:15.000,FALL - 17D4 NOT ALERT,2026-06-19 10:15:15
39.1947910000597,-84.476688,2026-06-19T10:31:02.000,PERDWN - 32D1 UNKNOWN,2026-06-19 10:31:02
39.1117870000598,-84.515721,2026-06-19T10:43:43.000,FALL - 17A2,2026-06-19 10:43:43
39.1263280000597,-84.548509,2026-06-19T10:48:24.000,FAINT - 31A3,2026-06-19 10:48:24
39.1155120000598,-84.531498,2026-06-19T10:57:41.000,FAINT - 31A1,2026-06-19 10:57:41
39.1063260000598,-84.560933,2026-06-19T10:59:54.000,FALL - 17B1,2026-06-19 10:59:54
39.1274030000597,-84.501487,2026-06-19T11:15:42.000,CHESTPN - 10D4 CLAMMY,2026-06-19 11:15:42
39.2137230000597,-84.531593,2026-06-19T11:16:30.000,SICK - 26A3 VERTIGO,2026-06-19 11:16:30
39.1306410000598,-84.607818,2026-06-19T11:27:07.000,FAINT - 31D1 AGONAL BREATHING,2026-06-19 11:27:07
39.1573730000597,-84.558865,2026-06-19T11:31:14.000,EMS,2026-06-19 11:31:14
39.1112220000598,-84.558981,2026-06-19T11:37:28.000,SEIZURE - 12A1,2026-06-19 11:37:28
39.0841910000598,-84.399991,2026-06-19T11:39:34.000,=EMS1 - ALS1 RESPONSE,2026-06-19 11:39:34
39.1065110000597,-84.581853,2026-06-19T11:43:22.000,SICK - 26A11 VOMITING,2026-06-19 11:43:22
39.1325950000598,-84.479848,2026-06-19T12:00:40.000,BREATH - 6D2,2026-06-19 12:00:40
39.1181320000598,-84.440079,2026-06-19T12:09:38.000,SICK - 26A8 PAIN,2026-06-19 12:09:38
39.1400450000598,-84.588622,2026-06-19T12:11:42.000,BLEED - 21A1,2026-06-19 12:11:42
39.1440380000597,-84.505738,2026-06-19T12:14:41.000,FALL - 17B4,2026-06-19 12:14:41
39.1531210000597,-84.43168,2026-06-19T12:18:20.000,SICK - 26A8 PAIN,2026-06-19 12:18:20
39.1464320000597,-84.424157,2026-06-19T12:25:54.000,FALL - 17B1,2026-06-19 12:25:54
39.1438690000598,-84.606352,2026-06-19T12:26:44.000,SICK - 26A5 GEN WEAKNESS,2026-06-19 12:26:44
39.1435020000597,-84.490861,2026-06-19T12:35:25.000,EMS,2026-06-19 12:35:25
39.2089010000597,-84.467151,2026-06-19T12:40:57.000,BREATH - 6D1E NOT ALERT,2026-06-19 12:40:57
39.1599830000597,-84.39883,2026-06-19T12:47:31.000,ABDOM - 1A1,2026-06-19 12:47:31
39.1135970000598,-84.561843,2026-06-19T12:52:56.000,BREATH - 6D4 CLAMMY,2026-06-19 12:52:56
39.0976880000598,-84.532199,2026-06-19T13:00:07.000,=EMS - (C),2026-06-19 13:00:07
39.1254180000598,-84.475859,2026-06-19T13:09:54.000,ABDOM - 1A1,2026-06-19 13:09:54
39.1104020000598,-84.537541,2026-06-19T13:10:15.000,FALL - 17B1,2026-06-19 13:10:15
39.1163070000598,-84.552049,2026-06-19T13:14:54.000,ANIMATK - (C) 3B2 BLEEDING,2026-06-19 13:14:54
39.1229540000597,-84.598698,2026-06-19T13:16:47.000,SICK - 26A3 VERTIGO,2026-06-19 13:16:47
39.1267790000598,-84.599602,2026-06-19T13:22:37.000,EMS,2026-06-19 13:22:37
39.1071300000598,-84.50793,2026-06-19T13:24:10.000,EMS,2026-06-19 13:24:10
39.1987570000597,-84.457648,2026-06-19T13:29:43.000,BLEED - 21D5 ABNORMAL BREATH,2026-06-19 13:29:43
39.1477470000597,-84.484419,2026-06-19T13:33:46.000,FALL - 17B2 SERIOUS BLEEDING,2026-06-19 13:33:46
39.1712980000597,-84.548181,2026-06-19T13:34:24.000,SICK - 26C1 ALTERED LOC,2026-06-19 13:34:24
39.1203140000598,-84.567059,2026-06-19T13:35:48.000,CHESTPN - 10C3,2026-06-19 13:35:48
39.1289290000598,-84.592342,2026-06-19T13:42:16.000,FALL - 17D5 SOB,2026-06-19 13:42:16
39.1390510000597,-84.441481,2026-06-19T13:46:48.000,LIFT - 17A4,2026-06-19 13:46:48
39.1165830000598,-84.581001,2026-06-19T14:02:13.000,DIABETIC - 13C1 NOT ALERT,2026-06-19 14:02:13
39.1108010000598,-84.606198,2026-06-19T14:05:25.000,PERDWN - 32B2 MEDICAL ALARM,2026-06-19 14:05:25
39.1343430000597,-84.509115,2026-06-19T14:13:45.000,PREG - 24C3 BLEEDING,2026-06-19 14:13:45
39.1220330000597,-84.601441,2026-06-19T14:20:56.000,FALL - 17D4 NOT ALERT,2026-06-19 14:20:56
39.1386520000597,-84.604871,2026-06-19T14:22:58.000,OD - (C) 23C2A ACCIDENTAL,2026-06-19 14:22:58
39.1098800000598,-84.588181,2026-06-19T14:24:13.000,DOMINJ - (C) =,2026-06-19 14:24:13
39.1787650000597,-84.561419,2026-06-19T14:28:21.000,SEIZURE - 12A3,2026-06-19 14:28:21
39.1419180000598,-84.5081,2026-06-19T14:38:55.000,STROKE - 28C5 FACIAL DROOP,2026-06-19 14:38:55
39.1052240000598,-84.571041,2026-06-19T14:39:43.000,LIFT - 53A2,2026-06-19 14:39:43
39.1508230000598,-84.485511,2026-06-19T14:46:03.000,BREATH - 6C1,2026-06-19 14:46:03
39.1360080000598,-84.539564,2026-06-19T14:48:31.000,=PERDWN,2026-06-19 14:48:31
39.1105600000598,-84.588051,2026-06-19T14:55:48.000,EMS,2026-06-19 14:55:48
39.1023790000597,-84.520835,2026-06-19T14:56:24.000,FALL - 17B1,2026-06-19 14:56:24
39.1807630000597,-84.511661,2026-06-19T15:02:26.000,EYEPRB - 16A1 MODERATE,2026-06-19 15:02:26
39.1436900000598,-84.516804,2026-06-19T15:02:39.000,SEIZURE - 12C4,2026-06-19 15:02:39
39.1508450000597,-84.394281,2026-06-19T15:07:18.000,SICK - 26A1,2026-06-19 15:07:18
39.1339200000598,-84.570983,2026-06-19T15:07:47.000,CHESTPN - 10D4 CLAMMY,2026-06-19 15:07:47
39.1031750000598,-84.51209,2026-06-19T15:37:39.000,PERDWN - 32B2 MEDICAL ALARM,2026-06-19 15:37:39
39.1062830000598,-84.512275,2026-06-19T15:41:17.000,SICK - 26A6 NAUSEA,2026-06-19 15:41:17
39.1751780000597,-84.477298,2026-06-19T15:56:18.000,FALL - 17A2,2026-06-19 15:56:18
39.1989370000597,-84.516938,2026-06-19T16:01:41.000,LIFT - 17A4,2026-06-19 16:01:41
39.1471310000597,-84.488299,2026-06-19T16:08:58.000,DOMINJ - (C) =,2026-06-19 16:08:58
39.0989850000598,-84.511452,2026-06-19T16:14:42.000,FALL - 17B4,2026-06-19 16:14:42
39.1625670000597,-84.396079,2026-06-19T16:47:36.000,SICK - 26C1 ALTERED LOC,2026-06-19 16:47:36
39.1627750000597,-84.428328,2026-06-19T16:50:15.000,SICK - 26A3 VERTIGO,2026-06-19 16:50:15
39.2073660000597,-84.551118,2026-06-19T17:04:06.000,FALL - 17B1,2026-06-19 17:04:06
39.1556320000597,-84.437807,2026-06-19T17:04:12.000,FAINT - 31E1 INEFF BREATHING,2026-06-19 17:04:12
39.1364890000597,-84.53374,2026-06-19T17:06:03.000,EMS,2026-06-19 17:06:03
39.1191220000598,-84.545482,2026-06-19T17:28:51.000,BREATH - 6C1E EMPHYSEMA,2026-06-19 17:28:51
39.1414600000597,-84.53192,2026-06-19T17:30:10.000,FAINT - 31D4 NOT ALERT,2026-06-19 17:30:10
39.1400810000597,-84.476046,2026-06-19T17:39:45.000,EMS,2026-06-19 17:39:45
39.2108820000597,-84.475112,2026-06-19T17:54:45.000,FAINT - 31D4 NOT ALERT,2026-06-19 17:54:45
39.2100620000597,-84.474852,2026-06-19T17:55:27.000,FAINT - 31C1 ABNORMAL BREATH,2026-06-19 17:55:27
39.0824360000598,-84.377749,2026-06-19T18:04:34.000,FALL - 17B4,2026-06-19 18:04:34
39.1560950000597,-84.386998,2026-06-19T18:14:15.000,SICK - 26D1 NOT ALERT,2026-06-19 18:14:15
39.0982080000598,-84.52557,2026-06-19T18:14:59.000,SEIZURE - 12A2,2026-06-19 18:14:59
39.1505030000597,-84.597583,2026-06-19T18:28:09.000,CHESTPN - 10C1 ABNORMAL BREATH,2026-06-19 18:28:09
39.1042490000598,-84.560657,2026-06-19T18:37:08.000,CHESTPN - 10D2 DIFF SPEAKING,2026-06-19 18:37:08
39.1910560000597,-84.518007,2026-06-19T18:46:27.000,HEADACHE - 18C2 ABNORM BREATH,2026-06-19 18:46:27
39.1356870000597,-84.61222,2026-06-19T18:49:00.000,SICK - 26O20 OBJECT STUCK,2026-06-19 18:49:00
39.1086770000598,-84.51559,2026-06-19T18:54:03.000,FAINT - 31D3,2026-06-19 18:54:03
39.1869650000597,-84.546612,2026-06-19T18:56:36.000,FALL - 17B1,2026-06-19 18:56:36
39.1204740000598,-84.602007,2026-06-19T18:57:26.000,BREATH - 6D2,2026-06-19 18:57:26
39.1278550000597,-84.489007,2026-06-19T19:21:43.000,FALL - 17B1,2026-06-19 19:21:43
39.1596420000597,-84.429473,2026-06-19T19:26:48.000,PERDWN - 32D1 UNKNOWN,2026-06-19 19:26:48
39.2159630000597,-84.487015,2026-06-19T19:29:39.000,FAINT - 31D1 AGONAL BREATHING,2026-06-19 19:29:39
39.1065900000598,-84.50951,2026-06-19T19:32:46.000,SICK - 26B1,2026-06-19 19:32:46
39.1801680000597,-84.410991,2026-06-19T19:38:03.000,FALL - 17B1,2026-06-19 19:38:03
39.1575290000597,-84.52511,2026-06-19T20:00:03.000,SICK - 26A2 ABNORMAL BP,2026-06-19 20:00:03
39.1619030000597,-84.407126,2026-06-19T20:02:35.000,BREATH - 6D2O,2026-06-19 20:02:35
39.1519530000598,-84.409001,2026-06-19T20:06:45.000,CHESTPN - 10D2 DIFF SPEAKING,2026-06-19 20:06:45
39.1481490000597,-84.407116,2026-06-19T20:10:25.000,FALL - 17B2 SERIOUS BLEEDING,2026-06-19 20:10:25
39.1505460000597,-84.595191,2026-06-19T20:25:09.000,FALL - 17D5 SOB,2026-06-19 20:25:09
39.1289500000598,-84.508946,2026-06-19T20:38:46.000,FAINT - 31D3,2026-06-19 20:38:46
39.1795340000597,-84.55892,2026-06-19T20:41:15.000,DIABETIC - 13C1 NOT ALERT,2026-06-19 20:41:15
39.1446930000597,-84.464642,2026-06-19T20:44:10.000,=EMS - (C),2026-06-19 20:44:10
39.0983090000598,-84.508183,2026-06-19T20:44:32.000,BREATH - 6D2,2026-06-19 20:44:32
39.1270330000598,-84.560798,2026-06-19T20:47:37.000,ALRGY - 2C1 DIFF BREATHING,2026-06-19 20:47:37
39.1396690000597,-84.53103,2026-06-19T20:54:42.000,OD - (C) 23C8I INTENTIONAL,2026-06-19 20:54:42
39.1024190000597,-84.520275,2026-06-19T21:00:10.000,CHESTPN - 10C1 ABNORMAL BREATH,2026-06-19 21:00:10
39.1553510000597,-84.485952,2026-06-19T21:02:59.000,SEIZURE - 12D2 MULTIPLE,2026-06-19 21:02:59
39.1855360000597,-84.413816,2026-06-19T21:06:13.000,BREATH - 6C1A ASTHMA,2026-06-19 21:06:13
39.1063300000598,-84.50905,2026-06-19T21:11:01.000,SEIZURE - 12D2 MULTIPLE,2026-06-19 21:11:01
39.1259170000597,-84.601922,2026-06-19T21:12:06.000,FALL - 17B4,2026-06-19 21:12:06
39.1151940000598,-84.571366,2026-06-19T21:17:27.000,SICK - 26A8 PAIN,2026-06-19 21:17:27
39.1780300000597,-84.510049,2026-06-19T21:17:59.000,ASSLTI - (C)(W) =,2026-06-19 21:17:59
39.2089930000597,-84.541258,2026-06-19T21:20:13.000,LIFT - 17A4,2026-06-19 21:20:13
39.1798310000597,-84.510199,2026-06-19T21:30:35.000,=EMS1 - ALS1 RESPONSE,2026-06-19 21:30:35
39.1074590000597,-84.585657,2026-06-19T21:33:01.000,CHESTPN - 10D4 CLAMMY,2026-06-19 21:33:01
39.1469150000598,-84.560398,2026-06-19T21:35:15.000,CHESTPN - 10D5 CARDIAC HX,2026-06-19 21:35:15
39.1483730000597,-84.490391,2026-06-19T21:36:06.000,BLEED - 21D3 NOT ALERT,2026-06-19 21:36:06
39.1262450000597,-84.488225,2026-06-19T21:41:24.000,FAINT - 31D2 ABNORMAL BREATH,2026-06-19 21:41:24
39.1047830000598,-84.567394,2026-06-19T21:42:09.000,ASSLTI - (C) =,2026-06-19 21:42:09
39.0968640000598,-84.514509,2026-06-19T22:03:02.000,=ASSLTI - (C),2026-06-19 22:03:02
39.1156650000598,-84.517003,2026-06-19T22:11:58.000,DOMINJ - (C)(W) =,2026-06-19 22:11:58
39.0988610000598,-84.504608,2026-06-19T22:16:05.000,=ASSLTI - (C),2026-06-19 22:16:05
39.1598320000597,-84.384681,2026-06-19T22:30:44.000,EMS,2026-06-19 22:30:44
39.1251770000598,-84.569773,2026-06-19T22:31:39.000,EMS,2026-06-19 22:31:39
39.1290740000598,-84.430314,2026-06-19T22:55:19.000,PERDWN - 32D1 UNKNOWN,2026-06-19 22:55:19
39.1746080000597,-84.472657,2026-06-19T22:56:14.000,SICK - 26A1,2026-06-19 22:56:14
39.1415500000598,-84.492816,2026-06-19T23:08:04.000,FAINT - 31E1 INEFF BREATHING,2026-06-19 23:08:04
39.1394780000597,-84.52678,2026-06-19T23:10:40.000,ASSLTI - (C) =,2026-06-19 23:10:40
39.1364820000597,-84.525145,2026-06-19T23:11:40.000,SICK - 26O12 EARACHE,2026-06-19 23:11:40
39.1996640000597,-84.547988,2026-06-19T23:13:57.000,SEIZURE - 12C4,2026-06-19 23:13:57
39.0996670000598,-84.516187,2026-06-19T23:14:16.000,PERDWN - 32D1 UNKNOWN,2026-06-19 23:14:16
39.1472050000597,-84.494935,2026-06-19T23:39:24.000,SICK - 26C2 ABNORMAL BREATH,2026-06-19 23:39:24
39.1066400000598,-84.50774,2026-06-19T23:50:38.000,SICK - 26B1,2026-06-19 23:50:38
39.1855240000597,-84.468274,2026-06-19T23:54:53.000,FALL - 17D4 NOT ALERT,2026-06-19 23:54:53
39.1893240000597,-84.456418,2026-06-20T00:20:58.000,=PERDWN,2026-06-20 00:20:58
39.1434820000597,-84.474209,2026-06-20T00:33:19.000,SICK - 26C3 SICKLE CELL,2026-06-20 00:33:19
39.1199030000597,-84.442498,2026-06-20T00:40:47.000,HEARTPRB - 19C4 CARDIAC HX,2026-06-20 00:40:47
39.1457930000598,-84.494564,2026-06-20T00:41:50.000,BREATH - 6D1A NOT ALERT,2026-06-20 00:41:50
39.1045540000597,-84.528646,2026-06-20T00:46:48.000,BLEED - 21B1 DANGEROUS,2026-06-20 00:46:48
39.1089180000598,-84.506396,2026-06-20T01:15:26.000,FALL - 17A2,2026-06-20 01:15:26
39.1135860000598,-84.517679,2026-06-20T01:22:40.000,CHESTPN - 10D2 DIFF SPEAKING,2026-06-20 01:22:40
39.1659020000597,-84.553634,2026-06-20T01:25:43.000,BREATH - 6D2A ASTHMA,2026-06-20 01:25:43
39.1110300000598,-84.590551,2026-06-20T01:29:03.000,FAINT - 31A1,2026-06-20 01:29:03
39.1339050000598,-84.599292,2026-06-20T01:46:27.000,DOMINJ - (C) =,2026-06-20 01:46:27
39.1036780000598,-84.511142,2026-06-20T01:58:39.000,FAINT - 31D3,2026-06-20 01:58:39
39.2059010000597,-84.452753,2026-06-20T01:59:54.000,SEIZURE - 12D4,2026-06-20 01:59:54
39.1826430000597,-84.42397,2026-06-20T02:11:00.000,LIFT - 17A4,2026-06-20 02:11:00
39.1811870000597,-84.412165,2026-06-20T02:16:13.000,DIABETIC - 13C1 NOT ALERT,2026-06-20 02:16:13
39.1118730000598,-84.511222,2026-06-20T02:17:25.000,=PERDWN,2026-06-20 02:17:25
39.1039230000598,-84.594442,2026-06-20T02:22:11.000,FALL - 17B4,2026-06-20 02:22:11
39.1786200000597,-84.461981,2026-06-20T02:24:09.000,SICK - 26A1,2026-06-20 02:24:09
39.1124540000598,-84.524048,2026-06-20T02:27:41.000,SICK - 26A9 TRANSPORT ONLY,2026-06-20 02:27:41
39.1482790000597,-84.491553,2026-06-20T02:46:09.000,SICK - 26A1,2026-06-20 02:46:09
39.1602160000597,-84.39149,2026-06-20T02:49:25.000,FALL - 17B1,2026-06-20 02:49:25
39.1608240000597,-84.543967,2026-06-20T02:56:15.000,SEIZURE - 12D2 MULTIPLE,2026-06-20 02:56:15
39.0980470000598,-84.516417,2026-06-20T03:06:09.000,PERDWN - 32D1 UNKNOWN,2026-06-20 03:06:09
39.1374040000598,-84.553489,2026-06-20T03:08:01.000,SICK - 26A8 PAIN,2026-06-20 03:08:01
39.0979420000598,-84.510766,2026-06-20T03:14:25.000,=PERDWN,2026-06-20 03:14:25
39.1442850000597,-84.498223,2026-06-20T03:15:12.000,STROKE - 28C11F CLEAR EVIDENCE,2026-06-20 03:15:12
39.1774580000597,-84.474423,2026-06-20T03:52:40.000,BREATH - 6D2,2026-06-20 03:52:40
39.1212520000597,-84.593402,2026-06-20T04:15:48.000,SICK - 26A8 PAIN,2026-06-20 04:15:48
39.1504690000597,-84.400233,2026-06-20T04:26:40.000,BREATH - 6D2A ASTHMA,2026-06-20 04:26:40
39.1700550000597,-84.539741,2026-06-20T04:36:33.000,SICK - 26C2 ABNORMAL BREATH,2026-06-20 04:36:33
39.1372210000598,-84.576611,2026-06-20T04:52:21.000,SICK - 26C2 ABNORMAL BREATH,2026-06-20 04:52:21
39.1789610000597,-84.434593,2026-06-20T05:01:45.000,STROKE - 28C11F CLEAR EVIDENCE,2026-06-20 05:01:45
39.1596540000597,-84.47317,2026-06-20T05:31:57.000,=EMS1 - ALS1 RESPONSE,2026-06-20 05:31:57
39.1354870000597,-84.588259,2026-06-20T05:35:18.000,SICK - 26A7 IMMOBILE,2026-06-20 05:35:18
39.2011240000597,-84.548688,2026-06-20T05:45:42.000,FALL - 17B4,2026-06-20 05:45:42
39.1432190000597,-84.568955,2026-06-20T06:09:03.000,CHESTPN - 10C3,2026-06-20 06:09:03
39.1991110000597,-84.531592,2026-06-20T06:15:45.000,FALL - 17A3 NON RECENT,2026-06-20 06:15:45
39.1354140000597,-84.499851,2026-06-20T06:21:27.000,ARREST - 9E1 NOT BREATHING,2026-06-20 06:21:27
39.1104740000598,-84.595762,2026-06-20T06:35:04.000,SICK - 26A7 IMMOBILE,2026-06-20 06:35:04
39.1231570000597,-84.574327,2026-06-20T06:38:36.000,ABDOM - 1A1,2026-06-20 06:38:36
39.1424360000598,-84.589448,2026-06-20T06:42:45.000,SICK - 26C2 ABNORMAL BREATH,2026-06-20 06:42:45
39.1738010000597,-84.430851,2026-06-20T07:45:13.000,SICK - 26C1 ALTERED LOC,2026-06-20 07:45:13
39.1678750000597,-84.388805,2026-06-20T08:12:47.000,FALL - 17A3 NON RECENT,2026-06-20 08:12:47
39.1619330000597,-84.407346,2026-06-20T08:19:33.000,SICK - 26C1 ALTERED LOC,2026-06-20 08:19:33
39.1672150000597,-84.387035,2026-06-20T08:40:52.000,FALL - 17B4,2026-06-20 08:40:52
39.1162030000597,-84.510348,2026-06-20T08:42:51.000,PERDWN - 32D1 UNKNOWN,2026-06-20 08:42:51
39.2158620000597,-84.485133,2026-06-20T08:43:32.000,LIFT - 17A4,2026-06-20 08:43:32
39.1049930000598,-84.512505,2026-06-20T08:46:19.000,SICK - 26C2 ABNORMAL BREATH,2026-06-20 08:46:19
39.1556700000597,-84.398133,2026-06-20T08:46:25.000,SEIZURE - 12D2 MULTIPLE,2026-06-20 08:46:25
39.1155350000598,-84.518245,2026-06-20T09:03:29.000,FAINT - 31D4 NOT ALERT,2026-06-20 09:03:29
39.1187260000597,-84.518037,2026-06-20T09:26:01.000,BREATH - 6D2E EMPHYSEMA,2026-06-20 09:26:01
39.0962940000598,-84.521404,2026-06-20T09:43:04.000,EMS - (C) =,2026-06-20 09:43:04
39.1383450000597,-84.53542,2026-06-20T09:58:56.000,=PERDWN,2026-06-20 09:58:56
39.1082490000598,-84.512241,2026-06-20T10:09:06.000,=EMS - (C),2026-06-20 10:09:06
39.1303120000597,-84.459925,2026-06-20T10:11:37.000,LIFT - 17A4,2026-06-20 10:11:37
39.1002140000598,-84.566198,2026-06-20T10:15:46.000,SICK - 26A10 UNWELL,2026-06-20 10:15:46
39.1614730000597,-84.406676,2026-06-20T10:25:24.000,FAINT - 31D4 NOT ALERT,2026-06-20 10:25:24
39.1152570000598,-84.525817,2026-06-20T10:33:18.000,SICK - 26A9 TRANSPORT ONLY,2026-06-20 10:33:18
39.1737030000597,-84.469933,2026-06-20T10:34:34.000,SICK - 26A7 IMMOBILE,2026-06-20 10:34:34
39.1960800000597,-84.539233,2026-06-20T10:36:02.000,ABDOM - 1C4,2026-06-20 10:36:02
39.1471980000598,-84.570833,2026-06-20T11:10:05.000,BREATH - 6D2,2026-06-20 11:10:05
39.1125680000598,-84.427804,2026-06-20T11:18:43.000,SICK - 26D1 NOT ALERT,2026-06-20 11:18:43
39.1270880000597,-84.48586,2026-06-20T11:30:30.000,CHESTPN - 10D5 CARDIAC HX,2026-06-20 11:30:30
39.1612220000597,-84.535129,2026-06-20T11:30:51.000,ABDOM - 1A1,2026-06-20 11:30:51
39.2141900000597,-84.487244,2026-06-20T11:31:56.000,BREATH - 6D1 NOT ALERT,2026-06-20 11:31:56
39.2150200000597,-84.483802,2026-06-20T11:37:09.000,=EMS1 - ALS1 RESPONSE,2026-06-20 11:37:09
39.1942010000597,-84.476688,2026-06-20T11:37:23.000,PERDWN - 32D1 UNKNOWN,2026-06-20 11:37:23
39.0950560000597,-84.380266,2026-06-20T11:42:21.000,=PERDWN - MEDICAL ALARM,2026-06-20 11:42:21
39.1735010000597,-84.430901,2026-06-20T11:55:41.000,SICK - 26A1,2026-06-20 11:55:41
39.1916960000597,-84.456959,2026-06-20T11:56:50.000,ABDOM - 1A1,2026-06-20 11:56:50
39.1552910000597,-84.486532,2026-06-20T12:06:51.000,SEIZURE - 12C4,2026-06-20 12:06:51
39.1068590000598,-84.580998,2026-06-20T12:07:31.000,SICK - 26A11 VOMITING,2026-06-20 12:07:31
39.1376990000597,-84.555783,2026-06-20T12:10:31.000,BLEED - 21B1 DANGEROUS,2026-06-20 12:10:31
39.1435400000598,-84.557868,2026-06-20T12:11:11.000,ABDOM - 1C3,2026-06-20 12:11:11
39.1779540000597,-84.55921,2026-06-20T12:11:35.000,DIABETIC - 13C1 NOT ALERT,2026-06-20 12:11:35
39.1305960000598,-84.599333,2026-06-20T12:15:40.000,STROKE - 28C7 VISION PROBLEMS,2026-06-20 12:15:40
39.1597630000597,-84.39992,2026-06-20T12:24:09.000,FALL - 17B4,2026-06-20 12:24:09
39.1117730000598,-84.574766,2026-06-20T12:28:09.000,ASSLTI - (C) =,2026-06-20 12:28:09
39.1130540000598,-84.573031,2026-06-20T12:28:42.000,SEIZURE - 12D2 MULTIPLE,2026-06-20 12:28:42
39.1281920000598,-84.432083,2026-06-20T12:45:12.000,CHESTPN - 10D1 NOT ALERT,2026-06-20 12:45:12
39.1542630000597,-84.431307,2026-06-20T12:52:37.000,FALL - 17B4,2026-06-20 12:52:37
39.1074080000598,-84.506386,2026-06-20T12:54:33.000,SICK - 26A8 PAIN,2026-06-20 12:54:33
39.1304900000597,-84.50128,2026-06-20T13:04:33.000,BLEED - 21D4 DANGEROUS BLEED,2026-06-20 13:04:33
39.1139670000598,-84.516783,2026-06-20T13:05:12.000,STROKE - 28C3F CLEAR EVIDENCE,2026-06-20 13:05:12
39.1119250000598,-84.573387,2026-06-20T13:06:08.000,BLEED - 21B1 DANGEROUS,2026-06-20 13:06:08
39.1301390000598,-84.592132,2026-06-20T13:11:42.000,FALL - 17D4 NOT ALERT,2026-06-20 13:11:42
39.2144000000597,-84.487884,2026-06-20T13:12:47.000,SICK - 26A2 ABNORMAL BP,2026-06-20 13:12:47
39.1474550000597,-84.493955,2026-06-20T13:23:26.000,SICK - 26C3 SICKLE CELL,2026-06-20 13:23:26
39.1034670000597,-84.562703,2026-06-20T13:24:18.000,CHESTPN - 10D5 CARDIAC HX,2026-06-20 13:24:18
39.1613230000597,-84.406656,2026-06-20T13:34:56.000,BREATH - 6D1E NOT ALERT,2026-06-20 13:34:56
39.1190680000597,-84.598333,2026-06-20T13:41:48.000,PERDWN - 32B3 UNKNOWN,2026-06-20 13:41:48
39.2116370000597,-84.469668,2026-06-20T13:45:09.000,SEIZURE - 12D4,2026-06-20 13:45:09
39.1309980000598,-84.560578,2026-06-20T14:20:14.000,FAINT - 31A3,2026-06-20 14:20:14
39.1321020000597,-84.610662,2026-06-20T14:21:27.000,PERDWN - 32B1 PT MOV/TALK,2026-06-20 14:21:27
39.1063130000598,-84.512635,2026-06-20T14:32:23.000,SICK - 26C2 ABNORMAL BREATH,2026-06-20 14:32:23
39.1106870000598,-84.596124,2026-06-20T14:42:16.000,EMS,2026-06-20 14:42:16
39.1062110000597,-84.581383,2026-06-20T14:47:12.000,BREATH - 6D4 CLAMMY,2026-06-20 14:47:12
39.1629360000597,-84.539999,2026-06-20T14:51:22.000,PERDWN - 32D1 UNKNOWN,2026-06-20 14:51:22
39.1748080000597,-84.472627,2026-06-20T15:00:18.000,=EMS1 - ALS1 RESPONSE,2026-06-20 15:00:18
39.1760670000597,-84.4708,2026-06-20T15:01:04.000,SICK - 26C2 ABNORMAL BREATH,2026-06-20 15:01:04
39.1329590000597,-84.488308,2026-06-20T15:02:21.000,ABDOM - 1C6,2026-06-20 15:02:21
39.1568200000597,-84.525708,2026-06-20T15:02:32.000,SICK - 26D1 NOT ALERT,2026-06-20 15:02:32
39.1948670000597,-84.539401,2026-06-20T15:06:55.000,BLEED - 21A1,2026-06-20 15:06:55
39.1166200000598,-84.518636,2026-06-20T15:27:57.000,FAINT - 31D2 ABNORMAL BREATH,2026-06-20 15:27:57
39.1315360000598,-84.609839,2026-06-20T15:38:20.000,CHESTPN - 10C3,2026-06-20 15:38:20
39.2159170000597,-84.487279,2026-06-20T15:42:06.000,STROKE - 28C3F CLEAR EVIDENCE,2026-06-20 15:42:06
39.2004770000597,-84.515706,2026-06-20T15:51:47.000,=EMS2 - ALS2 RESPONSE,2026-06-20 15:51:47
39.1172730000598,-84.532067,2026-06-20T15:58:48.000,FALL - 17A2,2026-06-20 15:58:48
39.1261050000597,-84.502387,2026-06-20T16:00:36.000,SICK - 26A8 PAIN,2026-06-20 16:00:36
39.1240600000598,-84.499632,2026-06-20T16:04:02.000,SICK - 26O27 TOOTHACHE,2026-06-20 16:04:02
39.1281550000597,-84.487537,2026-06-20T16:10:26.000,FALL - 17B1,2026-06-20 16:10:26
39.1458460000597,-84.485622,2026-06-20T16:27:40.000,=EMS2 - ALS2 RESPONSE,2026-06-20 16:27:40
39.1268270000598,-84.49091,2026-06-20T16:34:22.000,EMS,2026-06-20 16:34:22
39.1040390000598,-84.559887,2026-06-20T16:39:35.000,CHESTPN - 10D4 CLAMMY,2026-06-20 16:39:35
39.1079270000598,-84.510867,2026-06-20T16:42:19.000,PERDWN - 32B1 PT MOV/TALK,2026-06-20 16:42:19
39.1520690000597,-84.533008,2026-06-20T16:43:00.000,PERDWN - 32B2 MEDICAL ALARM,2026-06-20 16:43:00
39.1179790000598,-84.59932,2026-06-20T16:45:13.000,FAINT - 31D1 AGONAL BREATHING,2026-06-20 16:45:13
39.1706300000597,-84.519622,2026-06-20T17:03:57.000,SICK - 26A8 PAIN,2026-06-20 17:03:57
39.1681850000597,-84.386995,2026-06-20T17:11:33.000,FALL - 17B4,2026-06-20 17:11:33
39.1345830000597,-84.508685,2026-06-20T17:20:44.000,SICK - 26A10 UNWELL,2026-06-20 17:20:44
39.1746810000597,-84.545075,2026-06-20T17:24:32.000,SICK - 26D1 NOT ALERT,2026-06-20 17:24:32
39.1125650000598,-84.517712,2026-06-20T17:24:46.000,BREATH - 6D1 NOT ALERT,2026-06-20 17:24:46
39.1508360000597,-84.393749,2026-06-20T17:26:22.000,PERDWN - 32B3 UNKNOWN,2026-06-20 17:26:22
39.1448920000597,-84.49082,2026-06-20T17:27:21.000,ASSLTI - (C) =,2026-06-20 17:27:21
39.1349440000597,-84.587897,2026-06-20T17:34:28.000,SICK - 26C1 ALTERED LOC,2026-06-20 17:34:28
39.1476750000597,-84.494145,2026-06-20T17:40:02.000,BLEED - 21B1 DANGEROUS,2026-06-20 17:40:02
39.1045120000598,-84.514147,2026-06-20T17:42:57.000,ASSLTI - (C) =,2026-06-20 17:42:57
39.1452320000597,-84.48954,2026-06-20T17:43:31.000,=EMS1 - ALS1 RESPONSE,2026-06-20 17:43:31
39.1522740000597,-84.377131,2026-06-20T17:45:23.000,"BLEED - 21B2T SERIOUS, TRAUMA",2026-06-20 17:45:23
39.1291090000598,-84.593432,2026-06-20T17:50:27.000,FALL - 17D5 SOB,2026-06-20 17:50:27
39.1462040000597,-84.43106,2026-06-20T17:59:45.000,=EMS2 - ALS2 RESPONSE,2026-06-20 17:59:45
39.1272750000597,-84.503117,2026-06-20T18:03:38.000,SEIZURE - 12D4,2026-06-20 18:03:38
39.1238930000598,-84.505713,2026-06-20T18:06:21.000,FALL - 17D4 NOT ALERT,2026-06-20 18:06:21
39.1171400000598,-84.609769,2026-06-20T18:06:47.000,"BLEED - 21B2T SERIOUS, TRAUMA",2026-06-20 18:06:47
39.1289750000597,-84.487987,2026-06-20T18:11:24.000,SICK - 26A7 IMMOBILE,2026-06-20 18:11:24
39.1346790000597,-84.570295,2026-06-20T18:20:30.000,BREATH - 6C1E EMPHYSEMA,2026-06-20 18:20:30
39.1304890000598,-84.592642,2026-06-20T18:27:07.000,FALL - 17D3 UNCONSIOUS,2026-06-20 18:27:07
39.1374600000597,-84.464949,2026-06-20T18:30:43.000,SICK - 26C2 ABNORMAL BREATH,2026-06-20 18:30:43
39.1295860000598,-84.598203,2026-06-20T18:39:52.000,ABDOM - 1C5,2026-06-20 18:39:52
39.0964910000598,-84.510348,2026-06-20T18:49:23.000,=EMS - (C),2026-06-20 18:49:23
39.2001470000597,-84.52297,2026-06-20T18:49:23.000,=EMS2 - ALS2 RESPONSE,2026-06-20 18:49:23
39.1671270000597,-84.513686,2026-06-20T19:11:35.000,PERDWN - 32D1 UNKNOWN,2026-06-20 19:11:35
39.2036160000597,-84.457856,2026-06-20T19:16:11.000,EMS,2026-06-20 19:16:11
39.1613130000597,-84.408146,2026-06-20T19:17:01.000,FALL - 17B1,2026-06-20 19:17:01
39.1348310000597,-84.536953,2026-06-20T19:26:30.000,FAINT - 31D4 NOT ALERT,2026-06-20 19:26:30
39.2115740000597,-84.475111,2026-06-20T19:26:48.000,HEADACHE - 18C3C POSS STROKE,2026-06-20 19:26:48
39.1124190000598,-84.556774,2026-06-20T19:26:51.000,SICK - 26C1 ALTERED LOC,2026-06-20 19:26:51
39.0994680000598,-84.52749,2026-06-20T19:38:58.000,SEIZURE - 12C4,2026-06-20 19:38:58
39.1456250000597,-84.500702,2026-06-20T19:39:20.000,ASSLTI - (C)(W) =,2026-06-20 19:39:20
39.1064600000598,-84.572185,2026-06-20T19:46:20.000,SICK - 26A1,2026-06-20 19:46:20
39.1065960000598,-84.527793,2026-06-20T19:56:06.000,=EMS2 - ALS2 RESPONSE,2026-06-20 19:56:06
39.1111410000598,-84.575666,2026-06-20T20:02:35.000,FAINT - 31D3,2026-06-20 20:02:35
39.1490720000598,-84.487015,2026-06-20T20:05:16.000,=EMS2 - ALS2 RESPONSE,2026-06-20 20:05:16
39.1546930000597,-84.409003,2026-06-20T20:09:29.000,CHESTPN - 10D4 CLAMMY,2026-06-20 20:09:29
39.1926010000597,-84.457279,2026-06-20T20:11:53.000,CHESTPN - 10D4 CLAMMY,2026-06-20 20:11:53
39.2015810000597,-84.565378,2026-06-20T20:24:34.000,EMS - (C)(W) =,2026-06-20 20:24:34
39.1045640000598,-84.569801,2026-06-20T20:24:44.000,FALL - 17B4,2026-06-20 20:24:44
39.1054990000598,-84.561247,2026-06-20T20:26:06.000,EMS,2026-06-20 20:26:06
39.1144990000598,-84.510811,2026-06-20T20:29:38.000,LIFT - 17A4,2026-06-20 20:29:38
39.1515780000597,-84.395118,2026-06-20T20:30:57.000,FAINT - 31D1 AGONAL BREATHING,2026-06-20 20:30:57
39.1589330000597,-84.408478,2026-06-20T20:31:10.000,BREATH - 6D1A NOT ALERT,2026-06-20 20:31:10
39.1295260000598,-84.598843,2026-06-20T20:32:54.000,FALL - 17B1,2026-06-20 20:32:54
39.2133380000597,-84.483072,2026-06-20T20:39:13.000,BREATH - 6D1 NOT ALERT,2026-06-20 20:39:13
39.1344780000597,-84.531031,2026-06-20T20:42:21.000,SICK - 26A10 UNWELL,2026-06-20 20:42:21
39.1061530000598,-84.512055,2026-06-20T21:05:46.000,=EMS1 - ALS1 RESPONSE,2026-06-20 21:05:46
39.2144900000597,-84.487964,2026-06-20T21:17:54.000,FALL - 17B1,2026-06-20 21:17:54
39.0977780000598,-84.505645,2026-06-20T21:23:31.000,=EMS - (C),2026-06-20 21:23:31
39.1128430000597,-84.49661,2026-06-20T21:31:57.000,ARREST - 9E1 NOT BREATHING,2026-06-20 21:31:57
39.0984300000597,-84.511493,2026-06-20T21:34:02.000,BREATH - 6C1A ASTHMA,2026-06-20 21:34:02
39.1251150000597,-84.491796,2026-06-20T21:53:27.000,FAINT - 31C2,2026-06-20 21:53:27
39.1236690000598,-84.447817,2026-06-20T22:01:19.000,PERDWN - 32D1 UNKNOWN,2026-06-20 22:01:19
39.1007050000598,-84.516622,2026-06-20T22:14:15.000,=EMS1 - ALS1 RESPONSE,2026-06-20 22:14:15
39.1005270000598,-84.518295,2026-06-20T22:14:56.000,PERDWN - 32D1 UNKNOWN,2026-06-20 22:14:56
39.1740180000597,-84.473517,2026-06-20T22:15:30.000,SICK - 26A8 PAIN,2026-06-20 22:15:30
39.1416840000598,-84.48576,2026-06-20T22:28:29.000,ABDOM - 1A1,2026-06-20 22:28:29
39.1657510000597,-84.480843,2026-06-20T22:30:06.000,BREATH - 6D2,2026-06-20 22:30:06
39.1656560000597,-84.541669,2026-06-20T22:30:30.000,PERDWN - 32D1 UNKNOWN,2026-06-20 22:30:30
39.1753070000597,-84.475608,2026-06-20T22:36:00.000,ASSLTI - (C) =,2026-06-20 22:36:00
39.2060220000597,-84.456399,2026-06-20T22:37:53.000,=EMS1 - ALS1 RESPONSE,2026-06-20 22:37:53
39.1913130000597,-84.463583,2026-06-20T22:56:17.000,FAINT - 31C1 ABNORMAL BREATH,2026-06-20 22:56:17
39.1139000000597,-84.516909,2026-06-20T22:59:48.000,ASSLTI - (C)(W) =,2026-06-20 22:59:48
39.2051050000597,-84.462032,2026-06-20T23:22:24.000,SICK - 26C1 ALTERED LOC,2026-06-20 23:22:24
39.1569940000597,-84.561114,2026-06-20T23:41:05.000,EMS,2026-06-20 23:41:05
39.0996280000598,-84.52717,2026-06-20T23:42:35.000,DIABETIC - 13A1,2026-06-20 23:42:35
39.1149340000598,-84.516002,2026-06-20T23:45:12.000,OD - (C) 23O1 ACCIDENTAL,2026-06-20 23:45:12
39.1155530000598,-84.572013,2026-06-20T23:54:38.000,BREATH - 6C1O,2026-06-20 23:54:38
39.1665850000598,-84.553738,2026-06-21T00:03:13.000,EMS,2026-06-21 00:03:13
39.1353640000597,-84.522732,2026-06-21T00:17:58.000,BREATH - 6E1 INEFFECT BREATH,2026-06-21 00:17:58
39.1021420000598,-84.514801,2026-06-21T00:22:18.000,PERDWN - 32D1 UNKNOWN,2026-06-21 00:22:18
39.1363580000597,-84.614563,2026-06-21T00:22:37.000,OD - (C) 23D2A ACCIDENTAL,2026-06-21 00:22:37
39.1631110000598,-84.541083,2026-06-21T00:54:17.000,FAINT - 31D2 ABNORMAL BREATH,2026-06-21 00:54:17
39.1092580000598,-84.511066,2026-06-21T01:06:22.000,EMS,2026-06-21 01:06:22
39.1801770000597,-84.432329,2026-06-21T01:12:25.000,LIFT - 53A2,2026-06-21 01:12:25
39.1075990000597,-84.597109,2026-06-21T01:21:56.000,BREATH - 6C1,2026-06-21 01:21:56
39.1433870000597,-84.521137,2026-06-21T01:35:05.000,DIABETIC - 13A1,2026-06-21 01:35:05
39.1079800000598,-84.49242,2026-06-21T01:45:21.000,PERDWN - 32D1 UNKNOWN,2026-06-21 01:45:21
39.1074940000598,-84.495396,2026-06-21T01:46:01.000,PERDWN - 32B3 UNKNOWN,2026-06-21 01:46:01
39.1091280000597,-84.590726,2026-06-21T01:50:05.000,FALL - 17B1,2026-06-21 01:50:05
39.1033520000598,-84.512729,2026-06-21T01:50:42.000,=EMS1 - ALS1 RESPONSE,2026-06-21 01:50:42
39.1096090000597,-84.519612,2026-06-21T01:57:04.000,CHESTPN - 10D5 CARDIAC HX,2026-06-21 01:57:04
39.1557240000597,-84.539862,2026-06-21T02:01:26.000,ASSLTI - (C) =,2026-06-21 02:01:26
39.1540360000597,-84.411495,2026-06-21T02:07:33.000,SICK - 26A5 GEN WEAKNESS,2026-06-21 02:07:33
39.2028070000597,-84.566009,2026-06-21T02:07:51.000,=ASSLTI - (C),2026-06-21 02:07:51
39.1174950000598,-84.527604,2026-06-21T02:10:32.000,FAINT - 31C3 ABDOMINAL PAIN,2026-06-21 02:10:32
39.1085130000598,-84.51231,2026-06-21T02:11:18.000,SICK - 26C1 ALTERED LOC,2026-06-21 02:11:18
39.1297360000598,-84.598123,2026-06-21T02:11:45.000,BREATH - 6D4 CLAMMY,2026-06-21 02:11:45
39.1580690000597,-84.5249,2026-06-21T02:35:25.000,FALL - 17B1,2026-06-21 02:35:25
39.1051180000597,-84.513476,2026-06-21T02:38:16.000,ASSLTI - (C)(W) =,2026-06-21 02:38:16
39.2042170000597,-84.564489,2026-06-21T02:42:13.000,=DOMINJ - (C),2026-06-21 02:42:13
39.1437990000598,-84.464421,2026-06-21T02:56:40.000,EMS - (C) =,2026-06-21 02:56:40
39.1316320000597,-84.508771,2026-06-21T02:57:59.000,ASSLTI - (C) =,2026-06-21 02:57:59
39.1065940000598,-84.513925,2026-06-21T02:58:59.000,BURN - 7A1 MINOR,2026-06-21 02:58:59
39.1321430000597,-84.501684,2026-06-21T03:10:55.000,EMS,2026-06-21 03:10:55
39.1712000000597,-84.519892,2026-06-21T03:26:44.000,SICK - 26A8 PAIN,2026-06-21 03:26:44
39.1497520000597,-84.491175,2026-06-21T03:27:56.000,SEIZURE - 12C4,2026-06-21 03:27:56
39.1220870000598,-84.499273,2026-06-21T03:32:54.000,EMS,2026-06-21 03:32:54
39.1801780000597,-84.510994,2026-06-21T03:45:20.000,EMS,2026-06-21 03:45:20
39.1006740000597,-84.516727,2026-06-21T03:51:16.000,BREATH - 6D4O CLAMMY,2026-06-21 03:51:16
39.1251050000597,-84.489218,2026-06-21T03:52:31.000,BREATH - 6D2E EMPHYSEMA,2026-06-21 03:52:31
39.2161770000597,-84.486979,2026-06-21T03:59:25.000,SICK - 26A8 PAIN,2026-06-21 03:59:25
39.1460520000597,-84.423412,2026-06-21T04:10:17.000,PERDWN - 32B2 MEDICAL ALARM,2026-06-21 04:10:17
39.1083730000598,-84.515835,2026-06-21T04:11:40.000,FALL - 17B1,2026-06-21 04:11:40
39.1358830000597,-84.50195,2026-06-21T04:19:25.000,EMS,2026-06-21 04:19:25
39.2167470000597,-84.486602,2026-06-21T04:21:12.000,SICK - 26A6 NAUSEA,2026-06-21 04:21:12
39.1350370000598,-84.498629,2026-06-21T04:28:04.000,EMS - (C) =,2026-06-21 04:28:04
39.1188060000597,-84.517717,2026-06-21T04:55:04.000,BREATH - 6D2,2026-06-21 04:55:04
39.1041740000598,-84.516283,2026-06-21T05:34:48.000,SICK - 26A8 PAIN,2026-06-21 05:34:48
39.2126470000597,-84.540604,2026-06-21T05:41:07.000,BREATH - 6D2,2026-06-21 05:41:07
39.1822010000597,-84.451199,2026-06-21T05:48:38.000,ABDOM - 1C5,2026-06-21 05:48:38
39.1137050000598,-84.571869,2026-06-21T05:52:37.000,BREATH - 6D2,2026-06-21 05:52:37
39.1489040000597,-84.488267,2026-06-21T06:03:32.000,CHESTPN - 10D5 CARDIAC HX,2026-06-21 06:03:32
39.1042340000598,-84.570781,2026-06-21T06:27:57.000,FALL - 17C2 FAINTING,2026-06-21 06:27:57
39.1529530000597,-84.561368,2026-06-21T07:02:09.000,FALL - 17B4,2026-06-21 07:02:09
39.1747780000597,-84.472877,2026-06-21T07:02:56.000,=EMS2 - ALS2 RESPONSE,2026-06-21 07:02:56
39.1838350000597,-84.407664,2026-06-21T07:18:50.000,SICK - 26O24 RASH,2026-06-21 07:18:50
39.1518130000598,-84.408501,2026-06-21T07:25:03.000,SICK - 26C2 ABNORMAL BREATH,2026-06-21 07:25:03
39.1048540000598,-84.515064,2026-06-21T07:26:16.000,=EMS1 - ALS1 RESPONSE,2026-06-21 07:26:16
39.2091370000597,-84.473872,2026-06-21T07:29:18.000,CHESTPN - 10C3,2026-06-21 07:29:18
39.1043340000598,-84.514892,2026-06-21T07:30:50.000,FALL - 17D5 SOB,2026-06-21 07:30:50
39.1105390000597,-84.527347,2026-06-21T07:39:57.000,SEIZURE - 12D2 MULTIPLE,2026-06-21 07:39:57
39.1245730000598,-84.502147,2026-06-21T07:44:53.000,SICK - 26A8 PAIN,2026-06-21 07:44:53
39.1053030000598,-84.512615,2026-06-21T08:00:25.000,SICK - 26A8 PAIN,2026-06-21 08:00:25
39.1155970000598,-84.564266,2026-06-21T08:02:34.000,CHESTPN - 10D2 DIFF SPEAKING,2026-06-21 08:02:34
39.1934280000597,-84.415559,2026-06-21T08:03:52.000,FALL - 17B4,2026-06-21 08:03:52
39.1404450000598,-84.431406,2026-06-21T08:15:24.000,CHESTPN - 10C3,2026-06-21 08:15:24
39.1901250000597,-84.519399,2026-06-21T08:18:15.000,ABDOM - 1C7,2026-06-21 08:18:15
39.1352210000597,-84.528766,2026-06-21T08:23:15.000,ASSLTI - (C) =,2026-06-21 08:23:15
39.1428930000597,-84.501528,2026-06-21T08:32:59.000,EMS - (C) =,2026-06-21 08:32:59
39.0942020000598,-84.385467,2026-06-21T08:36:41.000,SICK - 26C2 ABNORMAL BREATH,2026-06-21 08:36:41
39.1028750000598,-84.51199,2026-06-21T08:40:00.000,=EMS2 - ALS2 RESPONSE,2026-06-21 08:40:00
39.1939110000597,-84.483369,2026-06-21T09:07:43.000,PREG - 24D3 IMMINENT,2026-06-21 09:07:43
39.1020950000598,-84.51131,2026-06-21T09:14:55.000,=EMS - (C),2026-06-21 09:14:55
39.1359390000597,-84.552451,2026-06-21T09:23:08.000,BLEED - 21D5 ABNORMAL BREATH,2026-06-21 09:23:08
39.1740380000597,-84.472387,2026-06-21T09:24:34.000,BLEED - 21A1,2026-06-21 09:24:34
39.1161560000598,-84.523534,2026-06-21T09:30:04.000,"PREG - 24D4C BLEED, PRETERM",2026-06-21 09:30:04
39.1135780000597,-84.595679,2026-06-21T09:30:06.000,FALL - 17B4,2026-06-21 09:30:06
39.1294850000597,-84.544358,2026-06-21T09:34:19.000,SICK - 26C2 ABNORMAL BREATH,2026-06-21 09:34:19
39.1132760000598,-84.518438,2026-06-21T09:48:18.000,FALL - 17A3 NON RECENT,2026-06-21 09:48:18
39.1588370000597,-84.497114,2026-06-21T09:49:33.000,BREATH - 6C1,2026-06-21 09:49:33
39.1058660000598,-84.510311,2026-06-21T09:52:23.000,SICK - 26C2 ABNORMAL BREATH,2026-06-21 09:52:23
39.1879430000597,-84.436012,2026-06-21T09:58:25.000,SEIZURE - 12D2 MULTIPLE,2026-06-21 09:58:25
39.1471340000597,-84.501963,2026-06-21T10:03:23.000,DOMINJ - (C) =,2026-06-21 10:03:23
39.1052490000598,-84.561567,2026-06-21T10:04:26.000,BREATH - 6C1,2026-06-21 10:04:26
39.1089650000597,-84.509285,2026-06-21T10:08:23.000,ABDOM - 1A1,2026-06-21 10:08:23
39.1141770000598,-84.527523,2026-06-21T10:13:26.000,PREG - 24A1 POSS MISCARRIAGE,2026-06-21 10:13:26
39.1551420000597,-84.601145,2026-06-21T10:29:08.000,INJF - 30D4 DIFF BREATHING,2026-06-21 10:29:08
39.1217120000598,-84.496382,2026-06-21T10:34:50.000,PERDWN - 32B2 MEDICAL ALARM,2026-06-21 10:34:50
39.1296360000598,-84.529191,2026-06-21T10:47:48.000,FALL - 17A3 NON RECENT,2026-06-21 10:47:48
39.1059330000598,-84.512565,2026-06-21T11:15:49.000,SICK - 26A1,2026-06-21 11:15:49
39.1081770000598,-84.684867,2026-06-21T11:17:44.000,SICK - 26A3 VERTIGO,2026-06-21 11:17:44
39.1429340000597,-84.468286,2026-06-21T12:09:01.000,DOMINJ - (C) =,2026-06-21 12:09:01
39.1794500000597,-84.457141,2026-06-21T12:09:07.000,ABDOM - 1C3,2026-06-21 12:09:07
39.1946120000597,-84.480438,2026-06-21T12:11:44.000,ARREST - 9E1 NOT BREATHING,2026-06-21 12:11:44
39.1447850000597,-84.430256,2026-06-21T12:29:39.000,BREATH - 6C1,2026-06-21 12:29:39
39.1434580000597,-84.556527,2026-06-21T12:33:29.000,BREATH - 6D4A ASTHMA,2026-06-21 12:33:29
39.1073510000598,-84.517169,2026-06-21T12:37:26.000,SICK - 26A8 PAIN,2026-06-21 12:37:26
39.1697130000597,-84.549529,2026-06-21T12:47:40.000,FALL - 17A2,2026-06-21 12:47:40
39.1410860000597,-84.53253,2026-06-21T12:51:06.000,FALL - 17A2,2026-06-21 12:51:06
39.1352440000597,-84.499971,2026-06-21T12:57:55.000,SICK - 26A7 IMMOBILE,2026-06-21 12:57:55
39.1596730000597,-84.39991,2026-06-21T13:14:08.000,LIFT - 17A4,2026-06-21 13:14:08
39.1869190000597,-84.419414,2026-06-21T13:17:01.000,SICK - 26C1 ALTERED LOC,2026-06-21 13:17:01
39.1991910000597,-84.456846,2026-06-21T13:33:19.000,FALL - 17B1,2026-06-21 13:33:19
39.1548260000598,-84.582212,2026-06-21T13:35:57.000,DOMINJ - (C) =,2026-06-21 13:35:57
39.1046290000598,-84.560967,2026-06-21T13:37:00.000,STROKE - 28C1F CLEAR EVIDENCE,2026-06-21 13:37:00
39.1540730000597,-84.41009,2026-06-21T13:39:40.000,CHESTPN - 10D5 CARDIAC HX,2026-06-21 13:39:40
39.1310680000597,-84.534895,2026-06-21T13:40:10.000,ASSLTI - (C)(W) =,2026-06-21 13:40:10
39.1401440000598,-84.516403,2026-06-21T13:44:28.000,EMS - (C) =,2026-06-21 13:44:28
39.2015400000597,-84.457083,2026-06-21T13:48:44.000,PERDWN - 32D1 UNKNOWN,2026-06-21 13:48:44
39.1541630000597,-84.431627,2026-06-21T13:50:10.000,SICK - 26A1,2026-06-21 13:50:10
39.1473720000597,-84.423987,2026-06-21T13:52:54.000,=PERDWN - MEDICAL ALARM,2026-06-21 13:52:54
39.2165170000597,-84.486159,2026-06-21T13:59:31.000,FALL - 17C1 FAINTING,2026-06-21 13:59:31
39.1313160000598,-84.598083,2026-06-21T14:03:04.000,FAINT - 31D3,2026-06-21 14:03:04
39.1667670000597,-84.415699,2026-06-21T14:16:28.000,BLEED - 21B2 SERIOUS,2026-06-21 14:16:28
39.1733970000597,-84.431041,2026-06-21T14:21:47.000,BLEED - 21D3 NOT ALERT,2026-06-21 14:21:47
39.1877290000597,-84.509428,2026-06-21T14:43:38.000,EMS - (C) =,2026-06-21 14:43:38
39.1902980000597,-84.45821,2026-06-21T14:58:47.000,SICK - 26C1 ALTERED LOC,2026-06-21 14:58:47
39.1326360000598,-84.466782,2026-06-21T15:04:12.000,STROKE - 28C2 ABNORMAL BREATH,2026-06-21 15:04:12
39.1140370000597,-84.57277,2026-06-21T15:17:11.000,=EMS1 - ALS1 RESPONSE,2026-06-21 15:17:11
39.1367650000597,-84.609832,2026-06-21T15:17:54.000,LIFT - 17A4,2026-06-21 15:17:54
39.1046400000598,-84.52092,2026-06-21T15:30:33.000,SEIZURE - 12A2,2026-06-21 15:30:33
39.1328700000598,-84.529597,2026-06-21T15:33:53.000,=ASSLTI - (C),2026-06-21 15:33:53
39.1902980000597,-84.45892,2026-06-21T15:40:45.000,SICK - 26D1 NOT ALERT,2026-06-21 15:40:45
39.1271680000598,-84.484838,2026-06-21T15:47:12.000,CHESTPN - 10C3,2026-06-21 15:47:12
39.1151820000598,-84.531698,2026-06-21T15:48:09.000,FAINT - 31C1 ABNORMAL BREATH,2026-06-21 15:48:09
39.1221640000597,-84.583516,2026-06-21T15:51:08.000,DOMINJ - (C) =,2026-06-21 15:51:08
39.0985190000598,-84.506933,2026-06-21T15:55:54.000,=EMS2 - ALS2 RESPONSE,2026-06-21 15:55:54
39.1252250000598,-84.477757,2026-06-21T15:57:20.000,DIABETIC - 13C3,2026-06-21 15:57:20
39.1321830000597,-84.589542,2026-06-21T16:22:21.000,BREATH - 6D2E EMPHYSEMA,2026-06-21 16:22:21
39.1167680000598,-84.560675,2026-06-21T16:37:07.000,PERDWN - 32B2 MEDICAL ALARM,2026-06-21 16:37:07
39.1492940000597,-84.612895,2026-06-21T16:40:02.000,SICK - 26A8 PAIN,2026-06-21 16:40:02
39.1156020000598,-84.576744,2026-06-21T16:48:15.000,CHESTPN - 10D1 NOT ALERT,2026-06-21 16:48:15
39.1170330000598,-84.531632,2026-06-21T16:52:05.000,BREATH - 6D2A ASTHMA,2026-06-21 16:52:05
39.0802630000598,-84.593033,2026-06-21T17:13:48.000,SICK - 26D1 NOT ALERT,2026-06-21 17:13:48
39.1310540000598,-84.510843,2026-06-21T17:14:41.000,SICK - 26C1 ALTERED LOC,2026-06-21 17:14:41
39.1461830000597,-84.497852,2026-06-21T17:15:32.000,SICK - 26C1 ALTERED LOC,2026-06-21 17:15:32
39.1960610000597,-84.476008,2026-06-21T17:26:00.000,PERDWN - 32D1 UNKNOWN,2026-06-21 17:26:00
39.1754120000597,-84.514302,2026-06-21T17:29:54.000,ABDOM - 1A1,2026-06-21 17:29:54
39.1973380000597,-84.472271,2026-06-21T17:36:37.000,PERDWN - 32D1 UNKNOWN,2026-06-21 17:36:37
39.1216490000597,-84.693884,2026-06-21T17:51:22.000,FAINT - 31C2,2026-06-21 17:51:22
39.1093680000597,-84.587069,2026-06-21T17:51:47.000,LIFT - 17A4,2026-06-21 17:51:47
39.1421690000597,-84.463161,2026-06-21T18:01:20.000,SICK - 26A5 GEN WEAKNESS,2026-06-21 18:01:20
39.0984480000598,-84.508554,2026-06-21T18:12:36.000,=EMS1 - ALS1 RESPONSE,2026-06-21 18:12:36
39.1228620000598,-84.496222,2026-06-21T18:37:04.000,BREATH - 6D2A ASTHMA,2026-06-21 18:37:04
39.1311230000597,-84.499625,2026-06-21T18:41:45.000,CHESTPN - 10D4 CLAMMY,2026-06-21 18:41:45
39.1431880000597,-84.618329,2026-06-21T18:51:02.000,EMS,2026-06-21 18:51:02
39.2964090000596,-84.528856,2026-06-21T18:55:34.000,SICK - 26D1 NOT ALERT,2026-06-21 18:55:34
39.1302620000597,-84.589935,2026-06-21T18:57:59.000,BREATH - 6D1A NOT ALERT,2026-06-21 18:57:59
39.1194410000598,-84.579496,2026-06-21T19:11:19.000,CHESTPN - 10D5 CARDIAC HX,2026-06-21 19:11:19
39.1411110000597,-84.577858,2026-06-21T19:13:49.000,BREATH - 6D2,2026-06-21 19:13:49
39.1932770000597,-84.484124,2026-06-21T19:28:12.000,=EMS1 - ALS1 RESPONSE,2026-06-21 19:28:12
39.1564860000597,-84.558259,2026-06-21T19:28:25.000,ABDOM - 1C4,2026-06-21 19:28:25
39.1757780000597,-84.431811,2026-06-21T19:31:07.000,DIABETIC - 13C1 NOT ALERT,2026-06-21 19:31:07
39.1410230000598,-84.57755,2026-06-21T19:48:25.000,SICK - 26A8 PAIN,2026-06-21 19:48:25
39.1676470000597,-84.479368,2026-06-21T19:49:18.000,SICK - 26C1 ALTERED LOC,2026-06-21 19:49:18
39.1775210000597,-84.475039,2026-06-21T19:49:39.000,FALL - 17B1,2026-06-21 19:49:39
39.1442070000597,-84.553813,2026-06-21T19:58:07.000,DOMINJ - (C) =,2026-06-21 19:58:07
39.1143090000598,-84.591416,2026-06-21T20:05:09.000,PERDWN - 32D1 UNKNOWN,2026-06-21 20:05:09
39.1443680000597,-84.555128,2026-06-21T20:13:06.000,SICK - 26A10 UNWELL,2026-06-21 20:13:06
39.1609730000597,-84.408126,2026-06-21T20:15:10.000,SICK - 26C1 ALTERED LOC,2026-06-21 20:15:10
39.1755180000597,-84.473577,2026-06-21T20:25:20.000,SICK - 26O6 CATHETER,2026-06-21 20:25:20
39.1457010000597,-84.495243,2026-06-21T20:28:13.000,SEIZURE - 12D2 MULTIPLE,2026-06-21 20:28:13
39.1359180000597,-84.434242,2026-06-21T20:28:47.000,SEIZURE - 12A1,2026-06-21 20:28:47
39.1168040000597,-84.530551,2026-06-21T20:31:17.000,SICK - 26D1 NOT ALERT,2026-06-21 20:31:17
39.1454210000597,-84.594089,2026-06-21T20:37:13.000,LIFT - 17A4,2026-06-21 20:37:13
39.1075830000597,-84.592173,2026-06-21T20:55:19.000,BREATH - 6D1 NOT ALERT,2026-06-21 20:55:19
39.1143320000598,-84.577954,2026-06-21T21:26:12.000,FAINT - 31D2 ABNORMAL BREATH,2026-06-21 21:26:12
39.1363130000597,-84.508449,2026-06-21T21:26:27.000,ASSLTI - (C) =,2026-06-21 21:26:27
39.1781360000597,-84.462901,2026-06-21T21:29:45.000,SEIZURE - 12D2 MULTIPLE,2026-06-21 21:29:45
39.1188310000598,-84.56119,2026-06-21T21:39:28.000,SICK - 26A2 ABNORMAL BP,2026-06-21 21:39:28
39.1636820000597,-84.389631,2026-06-21T22:07:54.000,DOMINJ - (C) =,2026-06-21 22:07:54
39.1059570000598,-84.568616,2026-06-21T22:19:53.000,=OD - (C),2026-06-21 22:19:53
39.1157080000598,-84.577156,2026-06-21T22:21:28.000,SICK - 26A4 FEVER,2026-06-21 22:21:28
39.1904320000597,-84.457724,2026-06-21T22:25:32.000,ABDOM - 1C7,2026-06-21 22:25:32
39.1442450000598,-84.55734,2026-06-21T22:44:19.000,CHESTPN - 10D2 DIFF SPEAKING,2026-06-21 22:44:19
39.1305340000598,-84.601573,2026-06-21T22:44:33.000,=EMS1 - ALS1 RESPONSE,2026-06-21 22:44:33
39.1012410000598,-84.512054,2026-06-21T22:44:43.000,CHESTPN - 10D2 DIFF SPEAKING,2026-06-21 22:44:43
39.0947630000598,-84.512584,2026-06-21T22:50:29.000,EMS,2026-06-21 22:50:29
39.1381740000597,-84.579506,2026-06-21T23:00:40.000,FALL - 17A2,2026-06-21 23:00:40
39.1647620000597,-84.388781,2026-06-21T23:01:50.000,DOMINJ - (C) =,2026-06-21 23:01:50
39.1468410000597,-84.489329,2026-06-21T23:15:55.000,=EMS1 - ALS1 RESPONSE,2026-06-21 23:15:55
39.1408180000597,-84.439082,2026-06-21T23:17:17.000,BREATH - 6D1 NOT ALERT,2026-06-21 23:17:17
39.1368040000597,-84.578266,2026-06-21T23:36:49.000,=EMS1 - ALS1 RESPONSE,2026-06-21 23:36:49
39.1607630000597,-84.407006,2026-06-21T23:42:07.000,CHESTPN - 10D5 CARDIAC HX,2026-06-21 23:42:07
39.1461580000597,-84.488031,2026-06-21T23:44:22.000,ABDOM - 1C4,2026-06-21 23:44:22
39.1982740000597,-84.581073,2026-06-21T23:55:01.000,FALL - 17C1 FAINTING,2026-06-21 23:55:01
39.1446470000597,-84.586457,2026-06-22T00:08:15.000,=EMS1 - ALS1 RESPONSE,2026-06-22 00:08:15
39.1406790000597,-84.438685,2026-06-22T00:10:17.000,FALL - 17D4 NOT ALERT,2026-06-22 00:10:17
39.1803010000597,-84.508203,2026-06-22T00:20:32.000,=EMS2 - ALS2 RESPONSE,2026-06-22 00:20:32
39.1289330000598,-84.488626,2026-06-22T00:25:09.000,FALL - 17C1 FAINTING,2026-06-22 00:25:09
39.1409130000597,-84.574026,2026-06-22T00:35:34.000,FALL - 17B1,2026-06-22 00:35:34
39.1771000000597,-84.463391,2026-06-22T00:42:23.000,LIFT - 17A4,2026-06-22 00:42:23
39.1012120000598,-84.506474,2026-06-22T01:05:57.000,CHESTPN - 10C1 ABNORMAL BREATH,2026-06-22 01:05:57
39.1265050000597,-84.502997,2026-06-22T01:09:05.000,311 TRANSFER FOR EMS,2026-06-22 01:09:05
39.1392210000597,-84.498418,2026-06-22T01:15:12.000,FAINT - 31D3,2026-06-22 01:15:12
39.1625420000597,-84.385909,2026-06-22T01:15:48.000,FAINT - 31D2 ABNORMAL BREATH,2026-06-22 01:15:48
39.1671650000597,-84.388705,2026-06-22T01:58:36.000,SICK - 26A1,2026-06-22 01:58:36
39.1494950000597,-84.496488,2026-06-22T02:15:43.000,CHESTPN - 10D5 CARDIAC HX,2026-06-22 02:15:43
39.1527580000597,-84.602988,2026-06-22T02:21:23.000,SICK - 26C2 ABNORMAL BREATH,2026-06-22 02:21:23
39.1800000000597,-84.41865,2026-06-22T02:31:32.000,ABDOM - 1A1,2026-06-22 02:31:32
39.1138880000597,-84.508936,2026-06-22T02:39:11.000,SICK - 26A8 PAIN,2026-06-22 02:39:11
39.2036930000597,-84.455691,2026-06-22T02:42:02.000,BLEED - 21A1,2026-06-22 02:42:02
39.1222460000598,-84.501731,2026-06-22T02:48:07.000,EMS,2026-06-22 02:48:07
39.1555610000597,-84.57705,2026-06-22T02:54:32.000,BREATH - 6C1,2026-06-22 02:54:32
39.1886060000597,-84.468336,2026-06-22T03:00:02.000,"BLEED - 21B2T SERIOUS, TRAUMA",2026-06-22 03:00:02
39.1158600000598,-84.560591,2026-06-22T03:17:35.000,BREATH - 6D5 TRACHEOSTOMY,2026-06-22 03:17:35
39.1132000000598,-84.527679,2026-06-22T03:19:13.000,ASSLTI - (C)(W) =,2026-06-22 03:19:13
39.1877340000597,-84.415062,2026-06-22T03:43:34.000,PERDWN - 32B3 UNKNOWN,2026-06-22 03:43:34
39.1169220000598,-84.57811,2026-06-22T04:00:05.000,BREATH - 6D4A ASTHMA,2026-06-22 04:00:05
39.1133790000598,-84.568223,2026-06-22T04:36:36.000,ASSLTI - (C) =,2026-06-22 04:36:36
39.1564560000597,-84.553361,2026-06-22T04:38:46.000,ASSLTI - (C)(W) =,2026-06-22 04:38:46
39.1211420000597,-84.531769,2026-06-22T04:49:22.000,BREATH - 6C1,2026-06-22 04:49:22
39.1513130000598,-84.409551,2026-06-22T04:52:30.000,FALL - 17A2,2026-06-22 04:52:30
39.1350240000597,-84.59791,2026-06-22T05:23:41.000,BREATH - 6D2A ASTHMA,2026-06-22 05:23:41
39.0903070000598,-84.391632,2026-06-22T05:46:37.000,CHESTPN - 10D2 DIFF SPEAKING,2026-06-22 05:46:37
39.1477460000597,-84.506434,2026-06-22T05:50:30.000,ABDOM - 1A1,2026-06-22 05:50:30
39.1569230000597,-84.548176,2026-06-22T06:07:48.000,FALL - 17A3 NON RECENT,2026-06-22 06:07:48
39.2152040000597,-84.483299,2026-06-22T06:29:55.000,SICK - 26D1 NOT ALERT,2026-06-22 06:29:55
39.1069670000598,-84.512607,2026-06-22T06:33:39.000,FALL - 17B4,2026-06-22 06:33:39
39.1519210000597,-84.43275,2026-06-22T06:41:22.000,PERDWN - 32B2 MEDICAL ALARM,2026-06-22 06:41:22
39.1144200000598,-84.527118,2026-06-22T06:57:37.000,EMS,2026-06-22 06:57:37
39.1082160000598,-84.560997,2026-06-22T07:03:46.000,SICK - 26A8 PAIN,2026-06-22 07:03:46
39.1508790000597,-84.384578,2026-06-22T07:21:23.000,ABDOM - 1A1,2026-06-22 07:21:23
39.1422670000597,-84.562596,2026-06-22T07:45:01.000,EMS,2026-06-22 07:45:01
39.1353040000597,-84.536603,2026-06-22T07:51:21.000,PERDWN - 32D1 UNKNOWN,2026-06-22 07:51:21
39.1158850000598,-84.584595,2026-06-22T07:52:55.000,FAINT - 31D3,2026-06-22 07:52:55
39.1512730000597,-84.580103,2026-06-22T07:53:13.000,LIFT - 17A4,2026-06-22 07:53:13
39.1229210000597,-84.594219,2026-06-22T08:00:44.000,SICK - 26A10 UNWELL,2026-06-22 08:00:44
39.1400470000597,-84.538092,2026-06-22T08:06:53.000,BREATH - 6E1 INEFFECT BREATH,2026-06-22 08:06:53
39.1084920000597,-84.551437,2026-06-22T08:08:48.000,DIABETIC - 13C2,2026-06-22 08:08:48
39.1078980000598,-84.517605,2026-06-22T08:14:13.000,SICK - 26A8 PAIN,2026-06-22 08:14:13
39.1312860000597,-84.587519,2026-06-22T08:18:48.000,SICK - 26C1 ALTERED LOC,2026-06-22 08:18:48
39.1078270000598,-84.510415,2026-06-22T08:23:21.000,=EMS - (C),2026-06-22 08:23:21
39.1072790000598,-84.510429,2026-06-22T08:26:11.000,=EMS - (C),2026-06-22 08:26:11
39.1877090000597,-84.418361,2026-06-22T08:36:30.000,CHESTPN - 10D2 DIFF SPEAKING,2026-06-22 08:36:30
39.2057230000597,-84.460868,2026-06-22T08:54:48.000,SICK - 26A8 PAIN,2026-06-22 08:54:48
39.1525290000597,-84.489044,2026-06-22T09:01:17.000,OD - (C) 23C2A ACCIDENTAL,2026-06-22 09:01:17
39.0801520000598,-84.382214,2026-06-22T09:09:14.000,FALL - 17C1 FAINTING,2026-06-22 09:09:14
39.1903480000597,-84.45777,2026-06-22T09:15:21.000,FALL - 17A2,2026-06-22 09:15:21
39.2185910000597,-84.481903,2026-06-22T09:18:40.000,BREATH - 6C1A ASTHMA,2026-06-22 09:18:40
39.1233870000598,-84.462914,2026-06-22T09:22:20.000,ABDOM - 1A1,2026-06-22 09:22:20
39.1612830000597,-84.407486,2026-06-22T09:24:47.000,SEIZURE - 12D4,2026-06-22 09:24:47
39.1350340000597,-84.465968,2026-06-22T09:51:20.000,ABDOM - 1D1 NOT ALERT,2026-06-22 09:51:20
39.1226400000598,-84.521514,2026-06-22T09:53:30.000,BLEED - 21D5 ABNORMAL BREATH,2026-06-22 09:53:30
39.2162490000597,-84.486023,2026-06-22T10:01:12.000,SICK - 26C1 ALTERED LOC,2026-06-22 10:01:12
39.1348690000597,-84.536847,2026-06-22T10:04:00.000,PERDWN - 32B3 UNKNOWN,2026-06-22 10:04:00
39.1855840000597,-84.467704,2026-06-22T10:40:46.000,SICK - 26A2 ABNORMAL BP,2026-06-22 10:40:46
39.1726450000597,-84.459824,2026-06-22T10:42:09.000,FALL - 17A2,2026-06-22 10:42:09
39.1428230000597,-84.443395,2026-06-22T10:49:40.000,CHESTPN - 10D2 DIFF SPEAKING,2026-06-22 10:49:40
39.1346840000597,-84.464768,2026-06-22T10:53:40.000,CHESTPN - 10C3,2026-06-22 10:53:40
39.1402020000597,-84.505546,2026-06-22T11:02:00.000,FAINT - 31A3,2026-06-22 11:02:00
39.1480770000597,-84.508421,2026-06-22T11:10:31.000,BLEED - 21D4 DANGEROUS BLEED,2026-06-22 11:10:31
39.1103620000598,-84.43801,2026-06-22T11:19:27.000,BREATH - 6D2,2026-06-22 11:19:27
39.1333540000597,-84.459732,2026-06-22T11:21:07.000,FALL - 17A2,2026-06-22 11:21:07
39.1022610000598,-84.511132,2026-06-22T11:24:32.000,FALL - 17A2,2026-06-22 11:24:32
39.1354540000597,-84.49616,2026-06-22T11:28:48.000,SICK - 26D1 NOT ALERT,2026-06-22 11:28:48
39.1604040000597,-84.489194,2026-06-22T11:52:29.000,PERDWN - 32B1 PT MOV/TALK,2026-06-22 11:52:29
39.1343240000597,-84.535693,2026-06-22T11:57:06.000,PERDWN - 32D1 UNKNOWN,2026-06-22 11:57:06
39.1514210000597,-84.438649,2026-06-22T12:04:33.000,FALL - 17B1,2026-06-22 12:04:33
39.1592280000597,-84.503135,2026-06-22T12:06:30.000,FALL - 17D4 NOT ALERT,2026-06-22 12:06:30
39.1347120000598,-84.512806,2026-06-22T12:07:35.000,=EMS - (C),2026-06-22 12:07:35
39.0873570000598,-84.4054,2026-06-22T12:10:56.000,SICK - 26A8 PAIN,2026-06-22 12:10:56
39.1271610000597,-84.493764,2026-06-22T12:13:18.000,FAINT - 31D1 AGONAL BREATHING,2026-06-22 12:13:18
39.1578760000598,-84.47821,2026-06-22T12:15:58.000,FALL - 17A3 NON RECENT,2026-06-22 12:15:58
39.1370310000597,-84.430911,2026-06-22T12:18:26.000,=EMS1 - ALS1 RESPONSE,2026-06-22 12:18:26
39.1736140000597,-84.474282,2026-06-22T12:19:52.000,BREATH - 6D2E EMPHYSEMA,2026-06-22 12:19:52
39.1854250000597,-84.420205,2026-06-22T12:32:18.000,SICK - 26A1,2026-06-22 12:32:18
39.1347960000597,-84.554332,2026-06-22T12:38:33.000,SICK - 26D1 NOT ALERT,2026-06-22 12:38:33
39.1171610000597,-84.524248,2026-06-22T12:45:02.000,DIABETIC - 13C1 NOT ALERT,2026-06-22 12:45:02
39.1077360000597,-84.582861,2026-06-22T12:54:46.000,DIABETIC - 13C1 NOT ALERT,2026-06-22 12:54:46
39.1600630000597,-84.407726,2026-06-22T13:05:53.000,SICK - 26C2 ABNORMAL BREATH,2026-06-22 13:05:53
39.1089580000598,-84.506356,2026-06-22T13:08:19.000,FAINT - 31A2,2026-06-22 13:08:19
39.1278310000598,-84.52089,2026-06-22T13:09:08.000,OD - 23C8A ACCIDENTAL,2026-06-22 13:09:08
39.1072280000598,-84.507086,2026-06-22T13:09:17.000,=EMS - (C),2026-06-22 13:09:17
39.1542160000597,-84.502081,2026-06-22T13:16:56.000,ASSLTI - (C)(W) =,2026-06-22 13:16:56
39.1201910000598,-84.499564,2026-06-22T13:20:16.000,SICK - 26A6 NAUSEA,2026-06-22 13:20:16
39.1339100000597,-84.530902,2026-06-22T13:23:21.000,FALL - 17B1,2026-06-22 13:23:21
39.1526000000597,-84.500056,2026-06-22T13:30:21.000,BREATH - 6D2E EMPHYSEMA,2026-06-22 13:30:21
39.1256850000597,-84.501907,2026-06-22T13:42:19.000,FAINT - 31C1 ABNORMAL BREATH,2026-06-22 13:42:19
39.2112120000597,-84.474002,2026-06-22T13:56:17.000,CHESTPN - 10C3,2026-06-22 13:56:17
39.1338930000597,-84.509155,2026-06-22T13:56:47.000,CHESTPN - 10D4 CLAMMY,2026-06-22 13:56:47
39.1420460000597,-84.473367,2026-06-22T13:59:55.000,ABDOM - 1A1,2026-06-22 13:59:55
39.1962540000597,-84.528552,2026-06-22T14:01:55.000,SICK - 26C1 ALTERED LOC,2026-06-22 14:01:55
39.1320910000597,-84.488901,2026-06-22T14:13:41.000,FALL - 17B1,2026-06-22 14:13:41
39.1328540000598,-84.488052,2026-06-22T14:19:43.000,BREATH - 6C1,2026-06-22 14:19:43
39.1390010000597,-84.581344,2026-06-22T14:20:38.000,BREATH - 6D2,2026-06-22 14:20:38
39.1090060000598,-84.518261,2026-06-22T14:21:11.000,BLEED - 21D5 ABNORMAL BREATH,2026-06-22 14:21:11
39.1410290000597,-84.5248,2026-06-22T14:21:43.000,BREATH - 6C1,2026-06-22 14:21:43
39.1981870000597,-84.531182,2026-06-22T14:33:26.000,FALL - 17B4,2026-06-22 14:33:26
39.1830840000597,-84.561608,2026-06-22T14:46:40.000,CHESTPN - 10D2 DIFF SPEAKING,2026-06-22 14:46:40
39.1898780000597,-84.519797,2026-06-22T14:58:22.000,STROKE - 28C4 SIDE WEAKNESS,2026-06-22 14:58:22
39.2158090000597,-84.483959,2026-06-22T15:06:24.000,EMS,2026-06-22 15:06:24
39.1182230000597,-84.597167,2026-06-22T15:15:10.000,FAINT - 31C2,2026-06-22 15:15:10
39.1676610000597,-84.416781,2026-06-22T15:15:45.000,SICK - 26A8 PAIN,2026-06-22 15:15:45
39.1124870000598,-84.516569,2026-06-22T15:20:37.000,SEIZURE - 12A5 AURA,2026-06-22 15:20:37
39.1476220000598,-84.496885,2026-06-22T15:23:37.000,SICK - 26C2 ABNORMAL BREATH,2026-06-22 15:23:37
39.1085190000598,-84.56853,2026-06-22T15:27:12.000,FAINT - 31D2 ABNORMAL BREATH,2026-06-22 15:27:12
39.1877150000597,-84.545682,2026-06-22T15:34:36.000,FALL - 17B1,2026-06-22 15:34:36
39.1505400000597,-84.567004,2026-06-22T15:37:55.000,DOMINJ - (C)(W) =,2026-06-22 15:37:55
39.1158440000598,-84.525949,2026-06-22T15:38:31.000,OD - (C) 23D2A ACCIDENTAL,2026-06-22 15:38:31
39.1449500000597,-84.458848,2026-06-22T15:45:20.000,BLEED - 21D3 NOT ALERT,2026-06-22 15:45:20
39.1065900000598,-84.5088,2026-06-22T15:45:53.000,=EMS - (C),2026-06-22 15:45:53
39.1277930000598,-84.561138,2026-06-22T15:52:17.000,STROKE - 28C1 NOT ALERT,2026-06-22 15:52:17
39.1692150000597,-84.416897,2026-06-22T16:22:25.000,ABDOM - 1C1 AORTIC ANEURYSM,2026-06-22 16:22:25
39.1226240000597,-84.501119,2026-06-22T16:33:53.000,SICK - 26C2 ABNORMAL BREATH,2026-06-22 16:33:53
39.1886850000597,-84.545632,2026-06-22T16:43:04.000,CHESTPN - 10D2 DIFF SPEAKING,2026-06-22 16:43:04
39.1244930000598,-84.494599,2026-06-22T16:48:47.000,OD - (C)(V) 23C1V,2026-06-22 16:48:47
39.2118340000597,-84.474394,2026-06-22T16:53:07.000,PERDWN - 32D1 UNKNOWN,2026-06-22 16:53:07
39.1878050000597,-84.547272,2026-06-22T17:19:37.000,SICK - 26A5 GEN WEAKNESS,2026-06-22 17:19:37
39.1129010000598,-84.50383,2026-06-22T17:19:44.000,PERDWN - 32D1 UNKNOWN,2026-06-22 17:19:44
39.2023430000597,-84.457917,2026-06-22T17:30:20.000,EMS,2026-06-22 17:30:20
39.1036010000598,-84.521075,2026-06-22T17:39:37.000,=EMS - (C),2026-06-22 17:39:37
39.1148970000598,-84.574237,2026-06-22T17:41:42.000,SEIZURE - 12D2 MULTIPLE,2026-06-22 17:41:42
39.1338940000597,-84.55664,2026-06-22T17:41:42.000,SICK - 26O8 CRAMPS,2026-06-22 17:41:42
39.1449070000597,-84.622212,2026-06-22T17:44:42.000,FAINT - 31A3,2026-06-22 17:44:42
39.1039830000598,-84.565987,2026-06-22T17:47:08.000,INVEST - 69E4O ODOR OF SMOKE,2026-06-22 17:47:08
39.1514790000597,-84.532038,2026-06-22T17:48:46.000,BREATH - 6C1E EMPHYSEMA,2026-06-22 17:48:46
39.1170890000598,-84.596757,2026-06-22T17:55:24.000,PERDWN - 32D1 UNKNOWN,2026-06-22 17:55:24
39.1432080000597,-84.557467,2026-06-22T17:58:06.000,FAINT - 31C1 ABNORMAL BREATH,2026-06-22 17:58:06
39.1098400000598,-84.528831,2026-06-22T17:58:13.000,SICK - 26C1 ALTERED LOC,2026-06-22 17:58:13
39.1393700000597,-84.433719,2026-06-22T18:06:14.000,PERDWN - 32D1 UNKNOWN,2026-06-22 18:06:14
39.1512310000597,-84.441365,2026-06-22T18:07:15.000,LIFT - 17A4,2026-06-22 18:07:15
39.1548850000597,-84.42126,2026-06-22T18:17:11.000,OD - (C) 23B1I INTENTIONAL,2026-06-22 18:17:11
39.1926290000597,-84.568513,2026-06-22T18:18:39.000,EMS,2026-06-22 18:18:39
39.1923420000597,-84.461269,2026-06-22T18:21:09.000,PERDWN - 32B2 MEDICAL ALARM,2026-06-22 18:21:09
39.1518930000598,-84.409091,2026-06-22T18:21:16.000,CHESTPN - 10D1 NOT ALERT,2026-06-22 18:21:16
39.0989730000598,-84.379169,2026-06-22T18:28:44.000,LIFT - 17A4,2026-06-22 18:28:44
39.2168140000597,-84.466087,2026-06-22T18:35:07.000,SICK - 26D1 NOT ALERT,2026-06-22 18:35:07
39.1360810000598,-84.486413,2026-06-22T18:56:19.000,STROKE - 28C2 ABNORMAL BREATH,2026-06-22 18:56:19
39.0983530000598,-84.379379,2026-06-22T18:56:24.000,FALL - 17B4,2026-06-22 18:56:24
39.1526390000597,-84.533498,2026-06-22T19:22:20.000,BREATH - 6D4E EMPHYSEMA,2026-06-22 19:22:20
39.1144830000598,-84.518346,2026-06-22T19:25:07.000,OD - (C) 23C2A ACCIDENTAL,2026-06-22 19:25:07
39.1194070000597,-84.548186,2026-06-22T19:37:40.000,311 TRANSFER FOR EMS,2026-06-22 19:37:40
39.1125640000598,-84.509628,2026-06-22T19:41:43.000,FALL - 17B3 STAIRS,2026-06-22 19:41:43
39.1366110000598,-84.538325,2026-06-22T19:44:16.000,=ASSLTI - (C),2026-06-22 19:44:16
39.1370010000598,-84.537465,2026-06-22T19:46:33.000,EMS,2026-06-22 19:46:33
39.1952110000597,-84.549759,2026-06-22T19:56:19.000,CHESTPN - 10C3,2026-06-22 19:56:19
39.0917610000598,-84.38439,2026-06-22T20:48:30.000,BREATH - 6D2,2026-06-22 20:48:30
39.1775550000597,-84.474041,2026-06-22T20:50:16.000,CHESTPN - 10D4 CLAMMY,2026-06-22 20:50:16
39.1259480000597,-84.4857,2026-06-22T21:48:00.000,PERDWN - 32B2 MEDICAL ALARM,2026-06-22 21:48:00
39.1176220000598,-84.57937,2026-06-22T21:57:36.000,BREATH - 6D2A ASTHMA,2026-06-22 21:57:36
39.1520800000597,-84.48417,2026-06-22T22:36:17.000,EMS - (C) =,2026-06-22 22:36:17
39.1404780000597,-84.439982,2026-06-22T22:37:23.000,FALL - 17D4 NOT ALERT,2026-06-22 22:37:23
39.1110120000598,-84.516536,2026-06-22T22:42:25.000,ASSLTI - (C) =,2026-06-22 22:42:25
39.1375600000598,-84.439099,2026-06-22T22:48:31.000,SICK - 26C2 ABNORMAL BREATH,2026-06-22 22:48:31
39.1871410000597,-84.510469,2026-06-22T22:54:05.000,ASSLTI - (C) =,2026-06-22 22:54:05
39.1135790000598,-84.528955,2026-06-22T23:13:25.000,SICK - 26C2 ABNORMAL BREATH,2026-06-22 23:13:25
39.1543680000597,-84.551303,2026-06-22T23:17:59.000,FAINT - 31D3,2026-06-22 23:17:59
39.1162980000598,-84.604601,2026-06-22T23:43:09.000,SEIZURE - 12A1,2026-06-22 23:43:09
39.1462880000597,-84.498323,2026-06-22T23:59:00.000,311 TRANSFER FOR EMS,2026-06-22 23:59:00
39.1953930000597,-84.546592,2026-06-23T00:08:23.000,SICK - 26D1 NOT ALERT,2026-06-23 00:08:23
39.2158200000597,-84.488094,2026-06-23T00:23:13.000,FALL - 17D4 NOT ALERT,2026-06-23 00:23:13
39.1485240000597,-84.611403,2026-06-23T00:36:04.000,SICK - 26D1 NOT ALERT,2026-06-23 00:36:04
39.1242570000598,-84.528414,2026-06-23T00:58:29.000,COSICK - 52C5X MULTI-FAMILY SM,2026-06-23 00:58:29
39.0992480000598,-84.52587,2026-06-23T01:06:24.000,SICK - 26C2 ABNORMAL BREATH,2026-06-23 01:06:24
39.1272580000597,-84.549109,2026-06-23T01:34:07.000,SICK - 26C2 ABNORMAL BREATH,2026-06-23 01:34:07
39.1326510000598,-84.54529,2026-06-23T01:35:49.000,CHESTPN - 10D2 DIFF SPEAKING,2026-06-23 01:35:49
39.0996520000598,-84.511789,2026-06-23T01:37:15.000,CHESTPN - 10D4 CLAMMY,2026-06-23 01:37:15
39.1071140000598,-84.510651,2026-06-23T01:39:21.000,FALL - 17A2,2026-06-23 01:39:21
39.1390940000597,-84.609954,2026-06-23T01:41:16.000,CHESTPN - 10D2 DIFF SPEAKING,2026-06-23 01:41:16
39.1139270000598,-84.563716,2026-06-23T01:45:02.000,BLEED - 21D4 DANGEROUS BLEED,2026-06-23 01:45:02
39.1451850000597,-84.496746,2026-06-23T01:49:57.000,BREATH - 6D4A ASTHMA,2026-06-23 01:49:57
39.1119050000597,-84.602194,2026-06-23T03:02:03.000,BREATH - 6D2O,2026-06-23 03:02:03
39.1277730000598,-84.560758,2026-06-23T03:03:04.000,STROKE - 28C11,2026-06-23 03:03:04
39.1378700000597,-84.471232,2026-06-23T03:25:23.000,ASSLTI - (C) =,2026-06-23 03:25:23
39.1337610000598,-84.617172,2026-06-23T03:57:07.000,FALL - 17A2,2026-06-23 03:57:07
39.2162630000597,-84.483611,2026-06-23T04:18:24.000,EMS,2026-06-23 04:18:24
39.1680040000597,-84.469119,2026-06-23T05:34:22.000,CHESTPN - 10C3,2026-06-23 05:34:22
39.1189520000597,-84.601201,2026-06-23T05:47:22.000,FAINT - 31C1 ABNORMAL BREATH,2026-06-23 05:47:22
39.1091230000598,-84.571267,2026-06-23T06:06:19.000,FAINT - 31C1 ABNORMAL BREATH,2026-06-23 06:06:19
39.1821310000597,-84.478125,2026-06-23T06:25:45.000,CHESTPN - 10D4 CLAMMY,2026-06-23 06:25:45
39.1419290000597,-84.49506,2026-06-23T06:33:15.000,BREATH - 6D4O CLAMMY,2026-06-23 06:33:15
39.1412020000598,-84.491315,2026-06-23T06:34:07.000,FALL - 17B4,2026-06-23 06:34:07
39.0932170000598,-84.389134,2026-06-23T06:36:01.000,PERDWN - 32D1 UNKNOWN,2026-06-23 06:36:01
39.1519190000597,-84.532038,2026-06-23T06:44:56.000,SICK - 26C2 ABNORMAL BREATH,2026-06-23 06:44:56
39.1474790000597,-84.619998,2026-06-23T06:55:13.000,SICK - 26C2 ABNORMAL BREATH,2026-06-23 06:55:13
39.1829700000597,-84.54681,2026-06-23T07:12:40.000,=EMS1 - ALS1 RESPONSE,2026-06-23 07:12:40
39.1371610000598,-84.555639,2026-06-23T07:22:28.000,SICK - 26C2 ABNORMAL BREATH,2026-06-23 07:22:28
39.2164050000597,-84.460581,2026-06-23T07:26:53.000,SICK - 26A8 PAIN,2026-06-23 07:26:53
39.1143230000598,-84.517536,2026-06-23T07:34:10.000,SICK - 26A3 VERTIGO,2026-06-23 07:34:10
39.1068110000598,-84.527703,2026-06-23T07:44:27.000,PERDWN - 32B2 MEDICAL ALARM,2026-06-23 07:44:27
39.1675350000597,-84.387045,2026-06-23T07:44:52.000,FALL - 17B4,2026-06-23 07:44:52
39.1407020000597,-84.45424,2026-06-23T07:48:14.000,LIFT - 17A4,2026-06-23 07:48:14
39.1077400000598,-84.50839,2026-06-23T08:12:02.000,SICK - 26D1 NOT ALERT,2026-06-23 08:12:02
39.1326330000597,-84.596475,2026-06-23T08:15:45.000,FAINT - 31D4 NOT ALERT,2026-06-23 08:15:45
39.1967180000597,-84.475947,2026-06-23T08:16:14.000,PERDWN - 32D1 UNKNOWN,2026-06-23 08:16:14
39.1150160000598,-84.584618,2026-06-23T08:17:56.000,BREATH - 6C1E EMPHYSEMA,2026-06-23 08:17:56
39.1428170000597,-84.583482,2026-06-23T08:19:38.000,BREATH - 6D2A ASTHMA,2026-06-23 08:19:38
39.1517830000598,-84.408331,2026-06-23T08:28:58.000,SICK - 26C1 ALTERED LOC,2026-06-23 08:28:58
39.1139060000598,-84.512936,2026-06-23T08:49:52.000,SEIZURE - 12A1,2026-06-23 08:49:52
39.1544440000597,-84.43992,2026-06-23T08:51:16.000,SICK - 26A1,2026-06-23 08:51:16
39.1057940000598,-84.571291,2026-06-23T09:13:55.000,FALL - 17B4,2026-06-23 09:13:55
39.1964190000597,-84.47668,2026-06-23T09:20:26.000,PERDWN - 32D1 UNKNOWN,2026-06-23 09:20:26
39.1515530000598,-84.408811,2026-06-23T09:26:49.000,BLEED - 21B2 SERIOUS,2026-06-23 09:26:49
39.0996500000597,-84.512713,2026-06-23T09:35:31.000,EMS,2026-06-23 09:35:31
39.1477070000597,-84.505089,2026-06-23T09:39:09.000,SICK - 26A11 VOMITING,2026-06-23 09:39:09
39.1298460000598,-84.599283,2026-06-23T09:41:56.000,STROKE - 28C1 NOT ALERT,2026-06-23 09:41:56
39.1161970000598,-84.513463,2026-06-23T09:50:43.000,SEIZURE - 12D2 MULTIPLE,2026-06-23 09:50:43
39.1494660000597,-84.562045,2026-06-23T09:52:01.000,SICK - 26A8 PAIN,2026-06-23 09:52:01
39.0976330000597,-84.513251,2026-06-23T09:57:13.000,PERDWN - 32B3 UNKNOWN,2026-06-23 09:57:13
39.1378200000597,-84.554802,2026-06-23T09:57:17.000,EMS,2026-06-23 09:57:17
39.1331960000597,-84.574643,2026-06-23T10:02:14.000,SICK - 26A7 IMMOBILE,2026-06-23 10:02:14
39.1133390000597,-84.531944,2026-06-23T10:08:49.000,EMS,2026-06-23 10:08:49
39.1517830000597,-84.487534,2026-06-23T10:10:39.000,BREATH - 6D1 NOT ALERT,2026-06-23 10:10:39
39.1350420000597,-84.504804,2026-06-23T10:17:48.000,LIFT - 17A4,2026-06-23 10:17:48
39.1786100000597,-84.44306,2026-06-23T10:18:57.000,FALL - 17D4 NOT ALERT,2026-06-23 10:18:57
39.1479060000597,-84.497789,2026-06-23T10:27:17.000,BREATH - 6D4A ASTHMA,2026-06-23 10:27:17
39.1524420000597,-84.486584,2026-06-23T10:27:35.000,DIABETIC - (C)(V) 13C1C COMBAT,2026-06-23 10:27:35
39.1795550000597,-84.510781,2026-06-23T10:31:06.000,SICK - 26C2 ABNORMAL BREATH,2026-06-23 10:31:06
39.1353740000597,-84.523592,2026-06-23T10:34:54.000,FALL - 17B1,2026-06-23 10:34:54
39.1391140000597,-84.578877,2026-06-23T10:35:21.000,FALL - 17B1,2026-06-23 10:35:21
39.1640770000597,-84.471288,2026-06-23T10:38:48.000,=PERDWN,2026-06-23 10:38:48
39.1405660000597,-84.494978,2026-06-23T10:40:16.000,SICK - 26A8 PAIN,2026-06-23 10:40:16
39.1054760000598,-84.561283,2026-06-23T10:41:58.000,BREATH - 6C1E EMPHYSEMA,2026-06-23 10:41:58
39.1596430000597,-84.408878,2026-06-23T10:45:00.000,CHESTPN - 10C3,2026-06-23 10:45:00
39.1789300000597,-84.464503,2026-06-23T10:53:09.000,ALRGY - 2C1 DIFF BREATHING,2026-06-23 10:53:09
39.1370910000597,-84.505652,2026-06-23T11:05:04.000,ABDOM - 1A1,2026-06-23 11:05:04
39.1386400000597,-84.442138,2026-06-23T11:09:34.000,PERDWN - 32D1 UNKNOWN,2026-06-23 11:09:34
39.1996460000597,-84.457317,2026-06-23T11:19:56.000,SICK - 26A2 ABNORMAL BP,2026-06-23 11:19:56
39.1910450000597,-84.46739,2026-06-23T11:26:49.000,SICK - 26A8 PAIN,2026-06-23 11:26:49
39.1363530000598,-84.459155,2026-06-23T11:28:27.000,SEIZURE - 12D4,2026-06-23 11:28:27
39.1333600000598,-84.571943,2026-06-23T11:33:35.000,BREATH - 6D5 TRACHEOSTOMY,2026-06-23 11:33:35
39.1366040000598,-84.576904,2026-06-23T11:36:01.000,FAINT - 31C2,2026-06-23 11:36:01
39.2169220000597,-84.484688,2026-06-23T11:45:03.000,LIFT - 17A4,2026-06-23 11:45:03
39.0986010000598,-84.556285,2026-06-23T11:45:20.000,SEIZURE - 12A1,2026-06-23 11:45:20
39.1228790000598,-84.604642,2026-06-23T11:49:33.000,BLEED - 21D5 ABNORMAL BREATH,2026-06-23 11:49:33
39.1744270000597,-84.431721,2026-06-23T11:50:16.000,SICK - 26D1 NOT ALERT,2026-06-23 11:50:16
39.1097680000598,-84.577117,2026-06-23T11:54:30.000,SICK - 26O11 DIARRHEA,2026-06-23 11:54:30
39.1574710000597,-84.525932,2026-06-23T11:57:01.000,"SEIZURE - 12C1 FOCAL, NOT AERT",2026-06-23 11:57:01
39.1617930000598,-84.420777,2026-06-23T12:11:40.000,BREATH - 6C1,2026-06-23 12:11:40
39.1345470000597,-84.572041,2026-06-23T12:19:30.000,BREATH - 6C1,2026-06-23 12:19:30
39.1645300000597,-84.519574,2026-06-23T12:19:31.000,FAINT - 31C2,2026-06-23 12:19:31
39.1401870000597,-84.511155,2026-06-23T12:27:09.000,FALL - 17A2,2026-06-23 12:27:09
39.1209110000598,-84.501184,2026-06-23T12:28:11.000,BREATH - 6D2,2026-06-23 12:28:11
39.1179020000597,-84.582781,2026-06-23T12:35:44.000,SICK - 26A9 TRANSPORT ONLY,2026-06-23 12:35:44
39.1609650000597,-84.489494,2026-06-23T12:40:27.000,PREG - 24D3 IMMINENT,2026-06-23 12:40:27
39.1322350000597,-84.483941,2026-06-23T12:48:16.000,SICK - 26C1 ALTERED LOC,2026-06-23 12:48:16
39.1305860000598,-84.598303,2026-06-23T12:54:04.000,SICK - 26A11 VOMITING,2026-06-23 12:54:04
39.1390130000598,-84.509781,2026-06-23T12:56:34.000,CHESTPN - 10D4 CLAMMY,2026-06-23 12:56:34
39.1526090000597,-84.533608,2026-06-23T13:01:48.000,FALL - 17A3 NON RECENT,2026-06-23 13:01:48
39.1542700000597,-84.403021,2026-06-23T13:03:17.000,HEARTPRB - 19C2 ABNORM BREATH,2026-06-23 13:03:17
39.1877450000597,-84.546902,2026-06-23T13:15:45.000,STROKE - 28C3 SPEECH PROBLEMS,2026-06-23 13:15:45
39.1152070000598,-84.579963,2026-06-23T13:19:48.000,STROKE - 28C8F CLEAR EVIDENCE,2026-06-23 13:19:48
39.0909770000598,-84.392952,2026-06-23T13:28:44.000,DIABETIC - 13C1 NOT ALERT,2026-06-23 13:28:44
39.1328580000598,-84.589886,2026-06-23T13:29:56.000,FAINT - 31D1 AGONAL BREATHING,2026-06-23 13:29:56
39.1147220000597,-84.516129,2026-06-23T13:30:24.000,BREATH - 6D2E EMPHYSEMA,2026-06-23 13:30:24
39.1274430000598,-84.561238,2026-06-23T13:34:19.000,BREATH - 6C1,2026-06-23 13:34:19
39.1724610000597,-84.429861,2026-06-23T13:36:14.000,CHESTPN - 10C3,2026-06-23 13:36:14
39.1128510000598,-84.592845,2026-06-23T13:45:05.000,=EMS1 - ALS1 RESPONSE,2026-06-23 13:45:05
39.1618790000597,-84.541162,2026-06-23T13:57:19.000,FALL - 17B1,2026-06-23 13:57:19
39.1487450000597,-84.497678,2026-06-23T14:04:50.000,ABDOM - 1C6,2026-06-23 14:04:50
39.1422690000597,-84.49447,2026-06-23T14:07:44.000,SICK - 26A7 IMMOBILE,2026-06-23 14:07:44
39.1135730000598,-84.58404,2026-06-23T14:16:16.000,STROKE - 28C1F CLEAR EVIDENCE,2026-06-23 14:16:16
39.1094050000598,-84.516894,2026-06-23T14:18:47.000,"OD - (C) 23C1A NOT ALERT, ACC",2026-06-23 14:18:47
39.2046720000597,-84.458736,2026-06-23T14:20:58.000,SICK - 26C2 ABNORMAL BREATH,2026-06-23 14:20:58
39.1260250000597,-84.502057,2026-06-23T14:30:35.000,SEIZURE - 12D2 MULTIPLE,2026-06-23 14:30:35
39.1361860000597,-84.615888,2026-06-23T14:36:42.000,SEIZURE - 12D1 NOT BREATHING,2026-06-23 14:36:42
39.2151030000597,-84.532665,2026-06-23T14:37:21.000,STROKE - 28C5F CLEAR EVIDENCE,2026-06-23 14:37:21
39.1528530000598,-84.408761,2026-06-23T14:44:09.000,CHESTPN - 10C3,2026-06-23 14:44:09
39.1392480000597,-84.580371,2026-06-23T14:44:34.000,EMS,2026-06-23 14:44:34
39.1054770000598,-84.566067,2026-06-23T14:45:24.000,PERDWN - 32B2 MEDICAL ALARM,2026-06-23 14:45:24
39.1615130000597,-84.407476,2026-06-23T14:49:23.000,CHESTPN - 10D5 CARDIAC HX,2026-06-23 14:49:23
39.2003760000597,-84.456337,2026-06-23T14:53:32.000,ABDOM - 1C5,2026-06-23 14:53:32
39.1075520000597,-84.512625,2026-06-23T14:54:10.000,SEIZURE - 12A2,2026-06-23 14:54:10
39.1353750000597,-84.47888,2026-06-23T15:10:07.000,BREATH - 6D2O,2026-06-23 15:10:07
39.1130920000598,-84.512929,2026-06-23T15:14:25.000,EMS,2026-06-23 15:14:25
39.1407580000597,-84.439942,2026-06-23T15:23:47.000,SEIZURE - 12D2 MULTIPLE,2026-06-23 15:23:47
39.1377850000597,-84.475978,2026-06-23T15:45:51.000,SICK - 26A2 ABNORMAL BP,2026-06-23 15:45:51
39.1772770000597,-84.479091,2026-06-23T15:46:16.000,FALL - 17A2,2026-06-23 15:46:16
39.1270880000598,-84.595743,2026-06-23T15:46:29.000,EYEPRB - 16A1 MODERATE,2026-06-23 15:46:29
39.1269030000598,-84.560798,2026-06-23T15:48:42.000,EMS - (C) =,2026-06-23 15:48:42
39.1304620000598,-84.556848,2026-06-23T16:02:18.000,BREATH - 6C1A ASTHMA,2026-06-23 16:02:18
39.1065010000597,-84.582123,2026-06-23T16:11:43.000,PERDWN - 32B2 MEDICAL ALARM,2026-06-23 16:11:43
39.1966980000597,-84.535007,2026-06-23T16:29:34.000,BREATH - 6C1,2026-06-23 16:29:34
39.1096330000598,-84.575215,2026-06-23T16:32:57.000,ABDOM - 1A1,2026-06-23 16:32:57
39.1254730000597,-84.57406,2026-06-23T16:36:40.000,STROKE - 28C9F CLEAR EVIDENCE,2026-06-23 16:36:40
39.1271780000598,-84.486408,2026-06-23T16:42:40.000,PERDWN - 32B1 PT MOV/TALK,2026-06-23 16:42:40
39.1932890000597,-84.523161,2026-06-23T16:48:15.000,SICK - 26A1,2026-06-23 16:48:15
39.1884540000597,-84.469199,2026-06-23T16:52:45.000,=EMS - (C),2026-06-23 16:52:45
39.1815010000597,-84.520595,2026-06-23T17:02:29.000,INVEST - 69D4O ODOR OF SMOKE,2026-06-23 17:02:29
39.0999110000598,-84.509269,2026-06-23T17:12:36.000,STROKE - 28C12,2026-06-23 17:12:36
39.1006260000598,-84.508637,2026-06-23T17:13:07.000,SEIZURE - 12C4,2026-06-23 17:13:07
39.1220130000597,-84.511079,2026-06-23T17:20:37.000,CHESTPN - 10C1 ABNORMAL BREATH,2026-06-23 17:20:37
39.1911650000597,-84.46583,2026-06-23T17:24:08.000,SICK - 26D1 NOT ALERT,2026-06-23 17:24:08
39.1300660000598,-84.598543,2026-06-23T17:27:40.000,FAINT - 31D3,2026-06-23 17:27:40
39.1670230000597,-84.470761,2026-06-23T17:40:15.000,EMS,2026-06-23 17:40:15
39.1152800000598,-84.580253,2026-06-23T17:55:19.000,BREATH - 6D2O,2026-06-23 17:55:19
39.1143650000597,-84.515232,2026-06-23T18:16:11.000,SICK - 26O12 EARACHE,2026-06-23 18:16:11
39.0800220000598,-84.387987,2026-06-23T18:34:38.000,FALL - 17B4,2026-06-23 18:34:38
39.1915880000597,-84.515954,2026-06-23T18:49:58.000,BLEED - 21B1 DANGEROUS,2026-06-23 18:49:58
39.1766850000597,-84.435799,2026-06-23T19:13:54.000,BLEED - 21B1 DANGEROUS,2026-06-23 19:13:54
39.1592530000597,-84.408298,2026-06-23T19:16:28.000,FALL - 17A2,2026-06-23 19:16:28
39.1122630000598,-84.52519,2026-06-23T19:34:59.000,EMS,2026-06-23 19:34:59
39.1082630000598,-84.529869,2026-06-23T19:37:43.000,ABDOM - 1A1,2026-06-23 19:37:43
39.1794400000597,-84.53933,2026-06-23T19:40:13.000,SICK - 26C1 ALTERED LOC,2026-06-23 19:40:13
39.1300360000598,-84.599203,2026-06-23T19:45:19.000,FALL - 17D5 SOB,2026-06-23 19:45:19
39.1592130000597,-84.409108,2026-06-23T19:49:18.000,FAINT - 31C2,2026-06-23 19:49:18
39.1509840000597,-84.586821,2026-06-23T19:50:10.000,BREATH - 6D1O NOT ALERT,2026-06-23 19:50:10
39.1513530000597,-84.603938,2026-06-23T21:04:28.000,ABDOM - 1C6,2026-06-23 21:04:28
39.0983280000598,-84.52688,2026-06-23T21:08:44.000,FAINT - 31D4 NOT ALERT,2026-06-23 21:08:44
39.0992780000598,-84.52729,2026-06-23T21:08:52.000,FAINT - 31C1 ABNORMAL BREATH,2026-06-23 21:08:52
39.1779470000597,-84.477761,2026-06-23T21:20:25.000,LIFT - 53A2,2026-06-23 21:20:25
39.1112930000598,-84.567705,2026-06-23T21:28:33.000,SEIZURE - 12D2 MULTIPLE,2026-06-23 21:28:33
39.1472750000597,-84.61356,2026-06-23T21:31:09.000,PERDWN - 32B2 MEDICAL ALARM,2026-06-23 21:31:09
39.1038990000598,-84.516489,2026-06-23T21:38:20.000,FALL - 17B1,2026-06-23 21:38:20
39.1512690000597,-84.533098,2026-06-23T21:42:22.000,FALL - 17B1,2026-06-23 21:42:22
39.1481090000597,-84.601274,2026-06-23T22:03:00.000,FALL - 17B4,2026-06-23 22:03:00
39.1084370000598,-84.5155,2026-06-23T22:17:43.000,ASSLTI - (C) =,2026-06-23 22:17:43
39.0975240000598,-84.517089,2026-06-23T22:22:46.000,PERDWN - 32D1 UNKNOWN,2026-06-23 22:22:46
39.0978070000598,-84.517327,2026-06-23T22:23:02.000,PERDWN - 32D1 UNKNOWN,2026-06-23 22:23:02
39.1068170000598,-84.566127,2026-06-23T22:27:26.000,ABDOM - 1A1,2026-06-23 22:27:26
39.1913010000597,-84.458069,2026-06-23T22:38:13.000,SICK - 26C2 ABNORMAL BREATH,2026-06-23 22:38:13
39.1891820000597,-84.511006,2026-06-23T22:43:38.000,SICK - 26A11 VOMITING,2026-06-23 22:43:38
39.1321870000597,-84.563059,2026-06-23T23:17:35.000,EMS - (C) =,2026-06-23 23:17:35
39.1402170000598,-84.59524,2026-06-23T23:31:41.000,ASSLTI - (C) =,2026-06-23 23:31:41
39.1405060000597,-84.512936,2026-06-23T23:42:25.000,SICK - 26C1 ALTERED LOC,2026-06-23 23:42:25
39.1388450000598,-84.554418,2026-06-23T23:44:51.000,SICK - 26A6 NAUSEA,2026-06-23 23:44:51
39.1488590000597,-84.601944,2026-06-23T23:48:19.000,PERDWN - 32B2 MEDICAL ALARM,2026-06-23 23:48:19
39.1169220000598,-84.694295,2026-06-23T23:51:01.000,DIABETIC - 13A1,2026-06-23 23:51:01
39.1710210000597,-84.477178,2026-06-24T00:35:55.000,PERDWN - 32B3 UNKNOWN,2026-06-24 00:35:55
39.1266880000597,-84.548369,2026-06-24T00:40:31.000,ASSLTI - (C) =,2026-06-24 00:40:31
39.1605120000597,-84.397108,2026-06-24T00:49:28.000,PERDWN - 32B2 MEDICAL ALARM,2026-06-24 00:49:28
39.1749550000597,-84.468611,2026-06-24T01:02:12.000,DOMINJ - (C) =,2026-06-24 01:02:12
39.1231220000598,-84.570191,2026-06-24T01:24:07.000,BREATH - 6C1,2026-06-24 01:24:07
39.1291350000597,-84.476241,2026-06-24T01:24:37.000,SICK - 26A1,2026-06-24 01:24:37
39.0870880000598,-84.382768,2026-06-24T02:05:09.000,CHESTPN - 10C1 ABNORMAL BREATH,2026-06-24 02:05:09
39.1805750000597,-84.518075,2026-06-24T02:16:31.000,=ASSLTI - (C),2026-06-24 02:16:31
39.1903060000597,-84.457979,2026-06-24T02:19:07.000,FALL - 17B4,2026-06-24 02:19:07
39.1272050000598,-84.520403,2026-06-24T02:41:03.000,ASSLTI - (C) =,2026-06-24 02:41:03
39.1673950000597,-84.388555,2026-06-24T02:54:47.000,CHESTPN - 10C3,2026-06-24 02:54:47
39.1172940000598,-84.503363,2026-06-24T03:35:30.000,SICK - 26A10 UNWELL,2026-06-24 03:35:30
39.1510240000597,-84.585361,2026-06-24T03:48:44.000,ARREST - 9E1 NOT BREATHING,2026-06-24 03:48:44
39.1914620000597,-84.570261,2026-06-24T03:54:28.000,DIABETIC - 13A1,2026-06-24 03:54:28
39.1336510000597,-84.574715,2026-06-24T04:23:55.000,SICK - 26A2 ABNORMAL BP,2026-06-24 04:23:55
39.1869890000597,-84.514266,2026-06-24T04:40:10.000,SICK - 26A3 VERTIGO,2026-06-24 04:40:10
39.0991150000598,-84.530471,2026-06-24T04:47:30.000,EMS,2026-06-24 04:47:30
39.1468730000598,-84.579032,2026-06-24T04:59:10.000,FUMES - 60D5V SICK,2026-06-24 04:59:10
39.1250370000597,-84.502677,2026-06-24T04:59:31.000,FAINT - 31D4 NOT ALERT,2026-06-24 04:59:31
39.1917060000597,-84.51249,2026-06-24T05:32:45.000,SICK - 26O3 BUMPS,2026-06-24 05:32:45
39.1438020000597,-84.554064,2026-06-24T06:12:48.000,ABDOM - 1A1,2026-06-24 06:12:48
39.1780930000597,-84.549266,2026-06-24T06:16:33.000,BREATH - 6D2A ASTHMA,2026-06-24 06:16:33
39.1278430000598,-84.559608,2026-06-24T06:22:48.000,=EMS2 - ALS2 RESPONSE,2026-06-24 06:22:48
39.1307740000597,-84.582251,2026-06-24T06:34:10.000,FALL - 17D4 NOT ALERT,2026-06-24 06:34:10
39.1906160000597,-84.458369,2026-06-24T06:35:31.000,FALL - 17A2,2026-06-24 06:35:31
39.1155690000597,-84.519125,2026-06-24T06:44:11.000,PERDWN - 32B2 MEDICAL ALARM,2026-06-24 06:44:11
39.1289480000597,-84.490203,2026-06-24T06:46:49.000,SICK - 26C2 ABNORMAL BREATH,2026-06-24 06:46:49
39.1395550000597,-84.553037,2026-06-24T07:03:42.000,FALL - 17B4,2026-06-24 07:03:42
39.1440710000597,-84.612794,2026-06-24T07:18:07.000,BREATH - 6C1O,2026-06-24 07:18:07
39.1328510000597,-84.429656,2026-06-24T07:34:53.000,FALL - 17D6 LONG,2026-06-24 07:34:53
39.1139340000597,-84.599791,2026-06-24T07:42:52.000,PERDWN - 32D1 UNKNOWN,2026-06-24 07:42:52
39.1401020000597,-84.45398,2026-06-24T07:45:25.000,LIFT - 17A4,2026-06-24 07:45:25
39.1722800000597,-84.518369,2026-06-24T07:46:08.000,SICK - 26A5 GEN WEAKNESS,2026-06-24 07:46:08
39.1432210000597,-84.518893,2026-06-24T08:06:05.000,=EMS1 - ALS1 RESPONSE,2026-06-24 08:06:05
39.1045320000597,-84.58832,2026-06-24T08:09:22.000,OD - (C) 23O1 ACCIDENTAL,2026-06-24 08:09:22
39.1051750000598,-84.509295,2026-06-24T08:11:26.000,ARREST - 9E1 NOT BREATHING,2026-06-24 08:11:26
39.1057070000598,-84.554098,2026-06-24T08:17:10.000,=EMS - (C),2026-06-24 08:17:10
39.1657500000597,-84.512977,2026-06-24T08:25:16.000,=EMS2 - ALS2 RESPONSE,2026-06-24 08:25:16
39.1053490000598,-84.560407,2026-06-24T08:33:15.000,SICK - 26A2 ABNORMAL BP,2026-06-24 08:33:15
39.1033210000598,-84.511062,2026-06-24T08:39:17.000,CHESTPN - 10D5 CARDIAC HX,2026-06-24 08:39:17
39.1672530000597,-84.554725,2026-06-24T08:46:18.000,SICK - 26D1 NOT ALERT,2026-06-24 08:46:18
39.1406260000598,-84.490269,2026-06-24T08:49:11.000,BLEED - 21D3 NOT ALERT,2026-06-24 08:49:11
39.1046580000598,-84.520447,2026-06-24T08:51:23.000,SICK - 26A1,2026-06-24 08:51:23
39.1307760000598,-84.597993,2026-06-24T08:52:05.000,PERDWN - 32B3 UNKNOWN,2026-06-24 08:52:05
39.1999010000597,-84.455606,2026-06-24T08:57:02.000,FALL - 17B4,2026-06-24 08:57:02
39.2058040000597,-84.4611,2026-06-24T09:10:21.000,BREATH - 6D2,2026-06-24 09:10:21
39.1893220000597,-84.463584,2026-06-24T09:10:56.000,=EMS2 - ALS2 RESPONSE,2026-06-24 09:10:56
39.1193880000597,-84.479533,2026-06-24T09:11:48.000,FALL - 17B2 SERIOUS BLEEDING,2026-06-24 09:11:48
39.1118030000598,-84.565861,2026-06-24T09:46:41.000,SICK - 26A8 PAIN,2026-06-24 09:46:41
39.0815690000598,-84.380689,2026-06-24T09:50:24.000,CHESTPN - 10D5 CARDIAC HX,2026-06-24 09:50:24
39.1395420000597,-84.504536,2026-06-24T09:50:47.000,SICK - 26A2 ABNORMAL BP,2026-06-24 09:50:47
39.1420640000597,-84.500832,2026-06-24T10:00:25.000,FAINT - 31D3,2026-06-24 10:00:25
39.1639140000597,-84.539617,2026-06-24T10:16:42.000,EMS - (C) =,2026-06-24 10:16:42
39.1208910000598,-84.500774,2026-06-24T10:30:26.000,CHESTPN - 10C3,2026-06-24 10:30:26
39.1515930000598,-84.409511,2026-06-24T10:34:13.000,STROKE - 28C1F CLEAR EVIDENCE,2026-06-24 10:34:13
39.1495890000597,-84.408556,2026-06-24T10:38:55.000,FAINT - 31A1,2026-06-24 10:38:55
39.1201480000598,-84.508137,2026-06-24T10:44:42.000,SICK - 26C2 ABNORMAL BREATH,2026-06-24 10:44:42
39.1137770000598,-84.606481,2026-06-24T10:48:35.000,PERDWN - 32B1 PT MOV/TALK,2026-06-24 10:48:35
39.1125170000598,-84.607481,2026-06-24T10:49:39.000,PERDWN - 32B1 PT MOV/TALK,2026-06-24 10:49:39
39.1231650000598,-84.599817,2026-06-24T10:51:10.000,CHESTPN - 10D2 DIFF SPEAKING,2026-06-24 10:51:10
39.1449150000597,-84.470924,2026-06-24T10:51:36.000,DOMINJ - (C) =,2026-06-24 10:51:36
39.1592900000597,-84.538997,2026-06-24T10:58:14.000,PERDWN - 32D1 UNKNOWN,2026-06-24 10:58:14
39.1644700000597,-84.391256,2026-06-24T10:58:30.000,FAINT - 31C1 ABNORMAL BREATH,2026-06-24 10:58:30
39.1414210000597,-84.559058,2026-06-24T11:07:03.000,BREATH - 6C1,2026-06-24 11:07:03
39.0833880000598,-84.584771,2026-06-24T11:17:37.000,SICK - 26A11 VOMITING,2026-06-24 11:17:37
39.1419780000597,-84.438962,2026-06-24T11:21:58.000,SEIZURE - 12D2 MULTIPLE,2026-06-24 11:21:58
39.1962030000597,-84.459394,2026-06-24T11:48:58.000,STROKE - 28C9F CLEAR EVIDENCE,2026-06-24 11:48:58
39.1905460000597,-84.513518,2026-06-24T11:50:11.000,ASSLTI - (C) =,2026-06-24 11:50:11
39.1441560000597,-84.505011,2026-06-24T11:50:32.000,PERDWN - 32D1 UNKNOWN,2026-06-24 11:50:32
39.1123110000598,-84.611342,2026-06-24T11:52:49.000,FALL - 17B1,2026-06-24 11:52:49
39.1633000000597,-84.390296,2026-06-24T11:53:34.000,BLEED - 21B1 DANGEROUS,2026-06-24 11:53:34
39.1505610000597,-84.592082,2026-06-24T12:04:27.000,PREG - 24C3 BLEEDING,2026-06-24 12:04:27
39.0991720000598,-84.512455,2026-06-24T12:06:35.000,EMS,2026-06-24 12:06:35
39.1300290000598,-84.551693,2026-06-24T12:10:07.000,FAINT - 31D2 ABNORMAL BREATH,2026-06-24 12:10:07
39.1213940000597,-84.576748,2026-06-24T12:22:51.000,FAINT - 31C1 ABNORMAL BREATH,2026-06-24 12:22:51
39.1891360000597,-84.512478,2026-06-24T12:24:24.000,=ASSLTI - (C),2026-06-24 12:24:24
39.0983780000598,-84.52736,2026-06-24T12:24:53.000,SEIZURE - 12A5 AURA,2026-06-24 12:24:53
39.1357120000597,-84.504274,2026-06-24T12:29:27.000,BREATH - 6C1O,2026-06-24 12:29:27
39.1989050000597,-84.477481,2026-06-24T12:30:21.000,FALL - 17B3 STAIRS,2026-06-24 12:30:21
39.0995400000597,-84.562334,2026-06-24T12:34:46.000,STROKE - 28C1F CLEAR EVIDENCE,2026-06-24 12:34:46
39.1297380000598,-84.476676,2026-06-24T12:35:34.000,ABDOM - 1C4,2026-06-24 12:35:34
39.1922700000597,-84.5723,2026-06-24T12:41:51.000,DOMINJ - (C) =,2026-06-24 12:41:51
39.1141150000598,-84.517416,2026-06-24T12:42:23.000,OD - (C) 23D2 UNCONSIOUS,2026-06-24 12:42:23
39.1339900000598,-84.571963,2026-06-24T12:42:43.000,ABDOM - 1C3,2026-06-24 12:42:43
39.1323980000597,-84.473323,2026-06-24T12:45:39.000,SICK - 26A8 PAIN,2026-06-24 12:45:39
39.1397520000598,-84.613364,2026-06-24T12:50:29.000,SICK - 26C1 ALTERED LOC,2026-06-24 12:50:29
39.1231170000597,-84.576147,2026-06-24T12:55:20.000,FAINT - 31D2 ABNORMAL BREATH,2026-06-24 12:55:20
39.1986080000597,-84.565703,2026-06-24T13:01:48.000,PERDWN - 32B2 MEDICAL ALARM,2026-06-24 13:01:48
39.1021320000598,-84.510756,2026-06-24T13:04:27.000,FALL - 17B4,2026-06-24 13:04:27
39.1005420000598,-84.510776,2026-06-24T13:05:30.000,FALL - 17A2,2026-06-24 13:05:30
39.1419480000598,-84.520867,2026-06-24T13:08:13.000,"OD - (C) 23D1A ARREST, ACC",2026-06-24 13:08:13
39.1444450000597,-84.496886,2026-06-24T13:14:05.000,SICK - 26C2 ABNORMAL BREATH,2026-06-24 13:14:05
39.1061980000598,-84.683965,2026-06-24T13:18:07.000,LIFT - 17A4,2026-06-24 13:18:07
39.1061590000598,-84.516367,2026-06-24T13:19:04.000,OUTDR - 67A2 ILLEGAL BURN,2026-06-24 13:19:04
39.1846450000597,-84.565766,2026-06-24T13:26:02.000,OD - (C) 23C1I INTENTIONAL,2026-06-24 13:26:02
39.1276530000598,-84.523,2026-06-24T13:31:27.000,BREATH - 6D2A ASTHMA,2026-06-24 13:31:27
39.1538350000597,-84.600906,2026-06-24T13:33:52.000,FAINT - 31D2 ABNORMAL BREATH,2026-06-24 13:33:52
39.1129920000598,-84.530709,2026-06-24T13:40:24.000,FAINT - 31C1 ABNORMAL BREATH,2026-06-24 13:40:24
39.2010260000597,-84.51591,2026-06-24T13:48:30.000,SICK - 26A3 VERTIGO,2026-06-24 13:48:30
39.1292740000598,-84.53644,2026-06-24T13:51:23.000,SICK - 26A7 IMMOBILE,2026-06-24 13:51:23
39.1250800000597,-84.488165,2026-06-24T13:54:15.000,BREATH - 6D2A ASTHMA,2026-06-24 13:54:15
39.1113340000598,-84.692102,2026-06-24T13:55:45.000,BREATH - 6D1E NOT ALERT,2026-06-24 13:55:45
39.1030260000598,-84.554166,2026-06-24T14:11:12.000,FALL - 17B1,2026-06-24 14:11:12
39.1562510000597,-84.473673,2026-06-24T14:18:08.000,SICK - 26A8 PAIN,2026-06-24 14:18:08
39.1318150000598,-84.479928,2026-06-24T14:18:31.000,SICK - 26A2 ABNORMAL BP,2026-06-24 14:18:31
39.2147450000597,-84.481813,2026-06-24T14:22:39.000,SEIZURE - 12D2 MULTIPLE,2026-06-24 14:22:39
39.1463740000597,-84.498972,2026-06-24T14:22:51.000,BREATH - 6C1,2026-06-24 14:22:51
39.1740470000597,-84.490649,2026-06-24T14:29:48.000,ASSLTI - (C)(W) =,2026-06-24 14:29:48
39.1855240000597,-84.469084,2026-06-24T14:37:16.000,BLEED - 21B1 DANGEROUS,2026-06-24 14:37:16
39.1367210000597,-84.476138,2026-06-24T14:45:22.000,FALL - 17D4 NOT ALERT,2026-06-24 14:45:22
39.1969980000597,-84.473911,2026-06-24T14:52:06.000,PERDWN - 32D1 UNKNOWN,2026-06-24 14:52:06
39.1730770000597,-84.466869,2026-06-24T15:04:27.000,BREATH - 6D1O NOT ALERT,2026-06-24 15:04:27
39.1453000000597,-84.459838,2026-06-24T15:07:16.000,FAINT - 31D4 NOT ALERT,2026-06-24 15:07:16
39.1578580000598,-84.422028,2026-06-24T15:08:43.000,PERDWN - 32D1 UNKNOWN,2026-06-24 15:08:43
39.1564770000597,-84.540749,2026-06-24T15:10:45.000,CHESTPN - 10C3,2026-06-24 15:10:45
39.0933370000598,-84.515424,2026-06-24T15:16:42.000,CHESTPN - 10C3,2026-06-24 15:16:42
39.1254460000598,-84.580972,2026-06-24T15:17:46.000,OUTDR - 67A2 ILLEGAL BURN,2026-06-24 15:17:46
39.1468010000597,-84.495473,2026-06-24T15:18:55.000,SEIZURE - 12C4,2026-06-24 15:18:55
39.1472710000597,-84.489423,2026-06-24T15:30:22.000,SICK - 26A2 ABNORMAL BP,2026-06-24 15:30:22
39.1579780000598,-84.423308,2026-06-24T15:32:39.000,PERDWN - 32D1 UNKNOWN,2026-06-24 15:32:39
39.1463080000597,-84.498013,2026-06-24T15:33:09.000,BLEED - 21D4 DANGEROUS BLEED,2026-06-24 15:33:09
39.1450180000597,-84.490081,2026-06-24T15:42:39.000,ASSLTI - (C) =,2026-06-24 15:42:39
39.2167070000597,-84.487319,2026-06-24T15:43:07.000,STROKE - 28C5 FACIAL DROOP,2026-06-24 15:43:07
39.1022890000597,-84.519615,2026-06-24T15:48:35.000,SICK - 26A8 PAIN,2026-06-24 15:48:35
39.1538140000597,-84.5431,2026-06-24T15:52:52.000,EMS,2026-06-24 15:52:52
39.2074520000597,-84.530703,2026-06-24T15:55:50.000,EMS,2026-06-24 15:55:50
39.1557220000597,-84.403657,2026-06-24T15:57:13.000,BREATH - 6D2,2026-06-24 15:57:13
39.1548820000597,-84.588015,2026-06-24T16:01:27.000,"BLEED - 21B2T SERIOUS, TRAUMA",2026-06-24 16:01:27
39.1820420000597,-84.563844,2026-06-24T16:19:20.000,CHESTPN - 10D4 CLAMMY,2026-06-24 16:19:20
39.1532070000597,-84.548372,2026-06-24T16:20:53.000,CHESTPN - 10C1 ABNORMAL BREATH,2026-06-24 16:20:53
39.2121820000597,-84.535747,2026-06-24T16:26:17.000,CHESTPN - 10C3,2026-06-24 16:26:17
39.1152420000598,-84.576604,2026-06-24T16:28:17.000,CHESTPN - 10D4 CLAMMY,2026-06-24 16:28:17
39.1493540000598,-84.552404,2026-06-24T16:28:53.000,CHESTPN - 10D2 DIFF SPEAKING,2026-06-24 16:28:53
39.1425350000598,-84.504506,2026-06-24T16:29:53.000,SICK - 26C1 ALTERED LOC,2026-06-24 16:29:53
39.1021210000598,-84.51895,2026-06-24T16:31:28.000,EMS,2026-06-24 16:31:28
39.1291060000597,-84.604279,2026-06-24T16:33:49.000,=PERDWN,2026-06-24 16:33:49
39.1089680000598,-84.507166,2026-06-24T16:36:07.000,PERDWN - 32D1 UNKNOWN,2026-06-24 16:36:07
39.0985540000598,-84.519047,2026-06-24T16:36:38.000,BREATH - 6D2,2026-06-24 16:36:38
39.1108710000598,-84.502848,2026-06-24T16:38:28.000,PERDWN - 32D1 UNKNOWN,2026-06-24 16:38:28
39.1617600000597,-84.404052,2026-06-24T17:02:03.000,DOMINJ - (C) =,2026-06-24 17:02:03
39.1490750000597,-84.487675,2026-06-24T17:04:11.000,CHESTPN - 10C1 ABNORMAL BREATH,2026-06-24 17:04:11
39.1237010000597,-84.593917,2026-06-24T17:15:02.000,COSICK - 52B1X SINGLE FAMILY,2026-06-24 17:15:02
39.1513430000597,-84.439244,2026-06-24T17:29:29.000,FALL - 17A2,2026-06-24 17:29:29
39.0978860000597,-84.510098,2026-06-24T17:33:06.000,FAINT - 31D4 NOT ALERT,2026-06-24 17:33:06
39.1937140000597,-84.421266,2026-06-24T17:33:23.000,EMS,2026-06-24 17:33:23
39.1034020000598,-84.567756,2026-06-24T17:34:04.000,SICK - 26A8 PAIN,2026-06-24 17:34:04
39.1461820000598,-84.523599,2026-06-24T17:34:33.000,LIFT - 53A2,2026-06-24 17:34:33
39.1358710000598,-84.480089,2026-06-24T17:39:56.000,LIFT - 53A2,2026-06-24 17:39:56
39.1513090000597,-84.532688,2026-06-24T17:45:08.000,SICK - 26A1,2026-06-24 17:45:08
39.1094840000597,-84.514619,2026-06-24T17:51:39.000,FAINT - 31D4 NOT ALERT,2026-06-24 17:51:39
39.1635130000597,-84.532558,2026-06-24T17:53:33.000,SEIZURE - 12D2 MULTIPLE,2026-06-24 17:53:33
39.1257980000598,-84.605277,2026-06-24T17:53:48.000,BREATH - 6C1,2026-06-24 17:53:48
39.1079440000598,-84.516614,2026-06-24T17:54:37.000,EMS,2026-06-24 17:54:37
39.2042750000597,-84.571686,2026-06-24T17:58:25.000,SEIZURE - 12A2,2026-06-24 17:58:25
39.1744370000597,-84.431941,2026-06-24T18:03:23.000,CHESTPN - 10C3,2026-06-24 18:03:23
39.2059190000597,-84.452908,2026-06-24T18:05:25.000,CHESTPN - 10D2 DIFF SPEAKING,2026-06-24 18:05:25
39.1489530000597,-84.48758,2026-06-24T18:11:33.000,BREATH - 6D2,2026-06-24 18:11:33
39.1535900000597,-84.409336,2026-06-24T18:18:07.000,EMS,2026-06-24 18:18:07
39.1060980000598,-84.512294,2026-06-24T18:22:40.000,EMS - (C) =,2026-06-24 18:22:40
39.1516440000597,-84.55487,2026-06-24T18:24:58.000,BREATH - 6D2A ASTHMA,2026-06-24 18:24:58
39.1279360000598,-84.503681,2026-06-24T18:37:59.000,PERDWN - 32D1 UNKNOWN,2026-06-24 18:37:59
39.1398520000597,-84.45376,2026-06-24T18:40:09.000,ABDOM - 1D1 NOT ALERT,2026-06-24 18:40:09
39.1453360000597,-84.424605,2026-06-24T18:43:03.000,FAINT - 31D4 NOT ALERT,2026-06-24 18:43:03
39.1455150000598,-84.618545,2026-06-24T18:44:15.000,FAINT - 31C1 ABNORMAL BREATH,2026-06-24 18:44:15
39.1376350000597,-84.53676,2026-06-24T18:44:22.000,PERDWN - 32B3 UNKNOWN,2026-06-24 18:44:22
39.1339420000598,-84.613164,2026-06-24T18:52:03.000,PERDWN - 32D1 UNKNOWN,2026-06-24 18:52:03
39.1385450000597,-84.476108,2026-06-24T18:52:12.000,SICK - 26A8 PAIN,2026-06-24 18:52:12
39.1287040000598,-84.559662,2026-06-24T18:55:34.000,FAINT - 31C1 ABNORMAL BREATH,2026-06-24 18:55:34
39.1172690000598,-84.573053,2026-06-24T18:58:44.000,SICK - 26O6 CATHETER,2026-06-24 18:58:44
39.1380910000598,-84.513578,2026-06-24T18:58:53.000,EMS,2026-06-24 18:58:53
39.1082890000598,-84.512241,2026-06-24T18:59:46.000,=EMS1 - ALS1 RESPONSE,2026-06-24 18:59:46
39.1241000000598,-84.500302,2026-06-24T19:20:50.000,BREATH - 6C1,2026-06-24 19:20:50
39.1315220000598,-84.569038,2026-06-24T19:40:57.000,BLEED - 21B4 BLOOD THINNERS,2026-06-24 19:40:57
39.1570130000597,-84.397528,2026-06-24T19:44:17.000,SEIZURE - 12D2 MULTIPLE,2026-06-24 19:44:17
39.1138990000598,-84.499034,2026-06-24T19:44:31.000,PERDWN - 32D1 UNKNOWN,2026-06-24 19:44:31
39.1550520000597,-84.576433,2026-06-24T19:53:13.000,SICK - 26A10 UNWELL,2026-06-24 19:53:13
39.1276790000598,-84.503198,2026-06-24T19:55:07.000,ARREST - 9E1 NOT BREATHING,2026-06-24 19:55:07
39.1754120000597,-84.410825,2026-06-24T20:00:27.000,LIFT - 17A4,2026-06-24 20:00:27
39.1467980000597,-84.437751,2026-06-24T20:10:25.000,FAINT - 31C2,2026-06-24 20:10:25
39.1467950000597,-84.494395,2026-06-24T20:11:39.000,"PREG - 24D5C HI RISK, PRETERM",2026-06-24 20:11:39
39.0992680000598,-84.52648,2026-06-24T20:19:01.000,BREATH - 6D2,2026-06-24 20:19:01
39.1359920000598,-84.538795,2026-06-24T20:24:24.000,PERDWN - 32D1 UNKNOWN,2026-06-24 20:24:24
39.1415920000598,-84.491325,2026-06-24T20:27:56.000,ASSLTI - (C) =,2026-06-24 20:27:56
39.1350070000597,-84.514516,2026-06-24T20:30:16.000,DIABETIC - 13C2,2026-06-24 20:30:16
39.1052550000598,-84.57038,2026-06-24T20:34:58.000,FAINT - 31D4 NOT ALERT,2026-06-24 20:34:58
39.1381000000597,-84.617719,2026-06-24T20:38:22.000,FALL - 17A2,2026-06-24 20:38:22
39.1555170000597,-84.562522,2026-06-24T20:46:18.000,=DOMINJ - (C),2026-06-24 20:46:18
39.0996380000598,-84.52556,2026-06-24T20:57:13.000,CHESTPN - 10D5 CARDIAC HX,2026-06-24 20:57:13
39.1735230000597,-84.462274,2026-06-24T21:13:30.000,EMS,2026-06-24 21:13:30
39.1394070000597,-84.574524,2026-06-24T21:24:22.000,FALL - 17A3 NON RECENT,2026-06-24 21:24:22
39.1388540000597,-84.531851,2026-06-24T21:32:54.000,PERDWN - 32D1 UNKNOWN,2026-06-24 21:32:54
39.1135740000597,-84.568939,2026-06-24T21:32:56.000,SICK - 26C2 ABNORMAL BREATH,2026-06-24 21:32:56
39.1413340000598,-84.493191,2026-06-24T21:43:40.000,LIFT - 53A2,2026-06-24 21:43:40
39.1326750000598,-84.479478,2026-06-24T21:59:34.000,FALL - 17B1,2026-06-24 21:59:34
39.1614330000597,-84.408066,2026-06-24T22:05:54.000,SICK - 26A1,2026-06-24 22:05:54
39.1567950000597,-84.558165,2026-06-24T22:27:36.000,SICK - 26C2 ABNORMAL BREATH,2026-06-24 22:27:36
39.1789010000597,-84.51146,2026-06-24T22:29:05.000,SEIZURE - 12D2 MULTIPLE,2026-06-24 22:29:05
39.1791710000597,-84.51192,2026-06-24T22:29:57.000,EMS,2026-06-24 22:29:57
39.1152210000598,-84.52917,2026-06-24T22:31:20.000,EMS,2026-06-24 22:31:20
39.1130240000597,-84.569279,2026-06-24T22:40:57.000,OD - (C) 23C2A ACCIDENTAL,2026-06-24 22:40:57
39.1469980000597,-84.428526,2026-06-24T22:48:54.000,PERDWN - 32D1 UNKNOWN,2026-06-24 22:48:54
39.1376800000597,-84.55393,2026-06-24T23:05:18.000,CHESTPN - 10D2 DIFF SPEAKING,2026-06-24 23:05:18
39.1471550000597,-84.599715,2026-06-24T23:08:28.000,FALL - 17B1,2026-06-24 23:08:28
39.1485520000598,-84.499483,2026-06-24T23:13:46.000,PERDWN - 32D1 UNKNOWN,2026-06-24 23:13:46
39.1618330000597,-84.407876,2026-06-24T23:17:08.000,CHESTPN - 10C3,2026-06-24 23:17:08
39.1679450000597,-84.387365,2026-06-24T23:25:01.000,BREATH - 6D2,2026-06-24 23:25:01
39.1361900000597,-84.500693,2026-06-24T23:37:30.000,PERDWN - 32D1 UNKNOWN,2026-06-24 23:37:30
39.1565510000597,-84.559916,2026-06-24T23:54:52.000,PREG - 24D5 HIGH RISK,2026-06-24 23:54:52
39.1263410000597,-84.506425,2026-06-25T00:44:32.000,PERDWN - 32B2 MEDICAL ALARM,2026-06-25 00:44:32
39.1750080000597,-84.432581,2026-06-25T00:45:36.000,CHESTPN - 10D1 NOT ALERT,2026-06-25 00:45:36
39.1315820000598,-84.569018,2026-06-25T00:55:22.000,LIFT - 17A4,2026-06-25 00:55:22
39.1817180000597,-84.566348,2026-06-25T00:59:27.000,FALL - 17B2 SERIOUS BLEEDING,2026-06-25 00:59:27
39.1368540000598,-84.577044,2026-06-25T01:06:32.000,ASSLTI - (C)(W) =,2026-06-25 01:06:32
39.1330440000597,-84.488193,2026-06-25T01:11:59.000,OD - (C)(V) 23C2V,2026-06-25 01:11:59
39.1098320000598,-84.494723,2026-06-25T01:23:29.000,FALL - 17A2,2026-06-25 01:23:29
39.1372190000597,-84.477307,2026-06-25T01:31:09.000,BREATH - 6D1O NOT ALERT,2026-06-25 01:31:09
39.1230150000598,-84.517045,2026-06-25T02:01:07.000,SEIZURE - 12C4,2026-06-25 02:01:07
39.1296540000598,-84.522304,2026-06-25T02:04:11.000,BREATH - 6D4 CLAMMY,2026-06-25 02:04:11
39.1679350000597,-84.388495,2026-06-25T03:03:23.000,CHESTPN - 10D2 DIFF SPEAKING,2026-06-25 03:03:23
39.1793050000597,-84.459571,2026-06-25T03:10:21.000,SICK - 26A8 PAIN,2026-06-25 03:10:21
39.1269420000598,-84.58169,2026-06-25T03:18:11.000,SICK - 26A8 PAIN,2026-06-25 03:18:11
39.1398830000597,-84.582799,2026-06-25T03:21:04.000,ASSLTI - (C)(W) =,2026-06-25 03:21:04
39.0958350000598,-84.385754,2026-06-25T03:26:27.000,BLEED - 21A1,2026-06-25 03:26:27
39.1519670000597,-84.484646,2026-06-25T03:30:13.000,PERDWN - 32B1 PT MOV/TALK,2026-06-25 03:30:13
39.1279730000598,-84.560738,2026-06-25T03:42:12.000,SICK - 26A6 NAUSEA,2026-06-25 03:42:12
39.1671250000597,-84.388465,2026-06-25T03:45:31.000,FALL - 17A2,2026-06-25 03:45:31
39.1669950000597,-84.387675,2026-06-25T03:45:41.000,FALL - 17B1,2026-06-25 03:45:41
39.1182090000598,-84.519115,2026-06-25T04:04:00.000,SICK - 26A8 PAIN,2026-06-25 04:04:00
39.1297580000597,-84.490333,2026-06-25T04:43:27.000,ASSLTI - (C) =,2026-06-25 04:43:27
39.1462310000597,-84.494353,2026-06-25T05:30:36.000,BLEED - 21B1 DANGEROUS,2026-06-25 05:30:36
39.1537960000597,-84.398119,2026-06-25T05:32:05.000,SICK - 26A7 IMMOBILE,2026-06-25 05:32:05
39.1869950000597,-84.419495,2026-06-25T05:57:18.000,SICK - 26A1,2026-06-25 05:57:18
39.1755600000597,-84.46587,2026-06-25T06:06:13.000,SEIZURE - 12D4,2026-06-25 06:06:13
39.1006930000598,-84.511875,2026-06-25T06:11:53.000,=EMS - (C),2026-06-25 06:11:53
39.1365880000597,-84.499739,2026-06-25T06:27:31.000,FAINT - 31A1,2026-06-25 06:27:31
39.1530130000598,-84.408261,2026-06-25T06:35:43.000,FALL - 17A2,2026-06-25 06:35:43
39.1234170000597,-84.576027,2026-06-25T06:44:17.000,STROKE - 28C4F CLEAR EVIDENCE,2026-06-25 06:44:17
39.1319970000597,-84.529895,2026-06-25T06:45:37.000,DOMINJ - (C) =,2026-06-25 06:45:37
39.1488200000598,-84.436527,2026-06-25T06:49:17.000,BREATH - 6D2E EMPHYSEMA,2026-06-25 06:49:17
39.1165620000597,-84.520765,2026-06-25T06:56:56.000,STROKE - 28C8F CLEAR EVIDENCE,2026-06-25 06:56:56
39.1246440000598,-84.494362,2026-06-25T07:04:58.000,BLEED - 21D5 ABNORMAL BREATH,2026-06-25 07:04:58
39.1427260000598,-84.582292,2026-06-25T07:19:52.000,SEIZURE - 12A1,2026-06-25 07:19:52
39.1315870000597,-84.585135,2026-06-25T07:20:25.000,SICK - 26C2 ABNORMAL BREATH,2026-06-25 07:20:25
39.1452520000597,-84.494785,2026-06-25T07:26:19.000,OD - (C) 23C2A ACCIDENTAL,2026-06-25 07:26:19
39.1854650000597,-84.418945,2026-06-25T07:32:13.000,CHESTPN - 10D4 CLAMMY,2026-06-25 07:32:13
39.1074470000598,-84.511897,2026-06-25T07:50:38.000,BREATH - 6D2O,2026-06-25 07:50:38
39.1478450000598,-84.615538,2026-06-25T07:55:22.000,BREATH - 6D1O NOT ALERT,2026-06-25 07:55:22
39.2157800000597,-84.488604,2026-06-25T08:24:47.000,SEIZURE - 12C3 DIABETIC,2026-06-25 08:24:47
39.1470250000598,-84.615548,2026-06-25T08:33:57.000,FAINT - 31C1 ABNORMAL BREATH,2026-06-25 08:33:57
39.1108980000598,-84.49283,2026-06-25T08:45:42.000,PERDWN - 32D1 UNKNOWN,2026-06-25 08:45:42
39.1536620000597,-84.603469,2026-06-25T08:56:50.000,FAINT - 31D4 NOT ALERT,2026-06-25 08:56:50
39.1092140000598,-84.566401,2026-06-25T08:57:33.000,PERDWN - 32B1 PT MOV/TALK,2026-06-25 08:57:33
39.1231570000598,-84.507632,2026-06-25T08:58:37.000,BREATH - 6D2,2026-06-25 08:58:37
39.1434360000598,-84.423237,2026-06-25T09:02:05.000,SICK - 26C2 ABNORMAL BREATH,2026-06-25 09:02:05
39.1469400000597,-84.565837,2026-06-25T09:19:34.000,BREATH - 6D4E EMPHYSEMA,2026-06-25 09:19:34
39.1551280000597,-84.548416,2026-06-25T09:21:36.000,DIABETIC - 13A1,2026-06-25 09:21:36
39.1114870000598,-84.434838,2026-06-25T09:34:36.000,FAINT - 31C2,2026-06-25 09:34:36
39.1001240000597,-84.517107,2026-06-25T09:41:46.000,CHESTPN - 10D4 CLAMMY,2026-06-25 09:41:46
39.1052360000598,-84.548403,2026-06-25T10:03:44.000,DIABETIC - 13A1,2026-06-25 10:03:44
39.1439620000597,-84.613361,2026-06-25T10:04:01.000,OD - (C) 23C2I INTENTIONAL,2026-06-25 10:04:01
39.1274480000597,-84.489681,2026-06-25T10:05:26.000,PERDWN - 32B2 MEDICAL ALARM,2026-06-25 10:05:26
39.0836780000598,-84.584591,2026-06-25T10:06:28.000,STROKE - 28C3 SPEECH PROBLEMS,2026-06-25 10:06:28
39.1482100000597,-84.502736,2026-06-25T10:08:37.000,BREATH - 6D2E EMPHYSEMA,2026-06-25 10:08:37
39.1574100000597,-84.480566,2026-06-25T10:09:04.000,FALL - 17B1,2026-06-25 10:09:04
39.1192970000597,-84.549346,2026-06-25T10:16:25.000,OD - (C) 23B1I INTENTIONAL,2026-06-25 10:16:25
39.1239390000598,-84.547531,2026-06-25T10:29:31.000,"OD - (C) 23C1A NOT ALERT, ACC",2026-06-25 10:29:31
39.1400820000597,-84.504866,2026-06-25T10:38:33.000,SICK - 26A9 TRANSPORT ONLY,2026-06-25 10:38:33
39.1594570000597,-84.504154,2026-06-25T10:39:24.000,PERDWN - 32D1 UNKNOWN,2026-06-25 10:39:24
39.1956010000597,-84.549469,2026-06-25T10:44:24.000,SICK - 26D1 NOT ALERT,2026-06-25 10:44:24
39.1483540000597,-84.501453,2026-06-25T10:49:42.000,SICK - 26C1 ALTERED LOC,2026-06-25 10:49:42
39.1177360000597,-84.516567,2026-06-25T11:07:54.000,SICK - 26C1 ALTERED LOC,2026-06-25 11:07:54
39.1616200000597,-84.403132,2026-06-25T11:24:09.000,PERDWN - 32D1 UNKNOWN,2026-06-25 11:24:09
39.0885620000598,-84.382113,2026-06-25T11:28:11.000,=EMS1 - ALS1 RESPONSE,2026-06-25 11:28:11
39.1232100000598,-84.51616,2026-06-25T11:35:02.000,BREATH - 6D2,2026-06-25 11:35:02
39.1154550000598,-84.584175,2026-06-25T11:36:35.000,FALL - 17B1,2026-06-25 11:36:35
39.1618490000597,-84.541682,2026-06-25T11:44:49.000,SICK - 26A1,2026-06-25 11:44:49
39.1676660000597,-84.480192,2026-06-25T11:44:59.000,STROKE - 28C1F CLEAR EVIDENCE,2026-06-25 11:44:59
39.1111330000598,-84.588248,2026-06-25T11:45:27.000,SEIZURE - 12D2 MULTIPLE,2026-06-25 11:45:27
39.1095360000598,-84.527543,2026-06-25T11:48:58.000,FAINT - 31A1,2026-06-25 11:48:58
39.1828150000597,-84.453504,2026-06-25T11:51:04.000,CHESTPN - 10D1 NOT ALERT,2026-06-25 11:51:04
39.1508060000597,-84.553888,2026-06-25T11:51:12.000,FALL - 17B1,2026-06-25 11:51:12
39.1778410000597,-84.480648,2026-06-25T12:28:22.000,PERDWN - 32D1 UNKNOWN,2026-06-25 12:28:22
39.0997660000598,-84.512602,2026-06-25T12:59:35.000,PERDWN - 32D1 UNKNOWN,2026-06-25 12:59:35
39.1465640000597,-84.500743,2026-06-25T13:04:34.000,CHESTPN - 10A1,2026-06-25 13:04:34
39.1077320000597,-84.513065,2026-06-25T13:15:50.000,FAINT - 31D3,2026-06-25 13:15:50
39.2122240000597,-84.468405,2026-06-25T13:33:25.000,PERDWN - 32D1 UNKNOWN,2026-06-25 13:33:25
39.1051720000597,-84.54642,2026-06-25T13:34:06.000,=EMS2 - ALS2 RESPONSE,2026-06-25 13:34:06
39.1865810000597,-84.426709,2026-06-25T13:38:38.000,FAINT - 31D4 NOT ALERT,2026-06-25 13:38:38
39.1907620000597,-84.458167,2026-06-25T13:41:20.000,LIFT - 17A4,2026-06-25 13:41:20
39.1789710000597,-84.510029,2026-06-25T13:41:52.000,DIABETIC - 13C2,2026-06-25 13:41:52
39.1745480000597,-84.472187,2026-06-25T13:55:31.000,SICK - 26O6 CATHETER,2026-06-25 13:55:31
39.1607850000597,-84.409894,2026-06-25T14:02:03.000,SEIZURE - 12C4,2026-06-25 14:02:03
39.1019790000597,-84.520395,2026-06-25T14:16:05.000,BREATH - 6D2,2026-06-25 14:16:05
39.1120290000598,-84.517859,2026-06-25T14:19:28.000,SEIZURE - 12D2 MULTIPLE,2026-06-25 14:19:28
39.0920310000598,-84.572104,2026-06-25T14:33:29.000,CHESTPN - 10D4 CLAMMY,2026-06-25 14:33:29
39.1097320000597,-84.521919,2026-06-25T14:36:46.000,=EMS1 - ALS1 RESPONSE,2026-06-25 14:36:46
39.1165950000597,-84.487706,2026-06-25T14:58:53.000,FALL - 17D5 SOB,2026-06-25 14:58:53
39.1275470000598,-84.517882,2026-06-25T15:07:53.000,=EMS1 - ALS1 RESPONSE,2026-06-25 15:07:53
39.1825620000597,-84.479118,2026-06-25T15:20:16.000,FALL - 17A2,2026-06-25 15:20:16
39.1363210000597,-84.504922,2026-06-25T15:20:22.000,CHESTPN - 10D4 CLAMMY,2026-06-25 15:20:22
39.1556920000597,-84.404067,2026-06-25T15:26:00.000,SICK - 26A2 ABNORMAL BP,2026-06-25 15:26:00
39.1320840000598,-84.487332,2026-06-25T15:26:39.000,SICK - 26C3 SICKLE CELL,2026-06-25 15:26:39
39.1751500000597,-84.44027,2026-06-25T15:27:56.000,BREATH - 6D2E EMPHYSEMA,2026-06-25 15:27:56
39.0978470000598,-84.515807,2026-06-25T15:50:27.000,SICK - 26A10 UNWELL,2026-06-25 15:50:27
39.1591260000597,-84.540026,2026-06-25T15:56:49.000,PERDWN - 32D1 UNKNOWN,2026-06-25 15:56:49
39.1132360000598,-84.577597,2026-06-25T16:00:50.000,=PERDWN,2026-06-25 16:00:50
39.1985710000597,-84.56425,2026-06-25T16:19:29.000,FALL - 17B4,2026-06-25 16:19:29
39.1368200000597,-84.499945,2026-06-25T16:26:33.000,BREATH - 6D1A NOT ALERT,2026-06-25 16:26:33
39.1983310000597,-84.456046,2026-06-25T16:36:35.000,PERDWN - 32B2 MEDICAL ALARM,2026-06-25 16:36:35
39.1112370000598,-84.527089,2026-06-25T16:48:35.000,BLEED - 21B1 DANGEROUS,2026-06-25 16:48:35
39.1887260000597,-84.514459,2026-06-25T16:53:50.000,OD - (C) 23C1I INTENTIONAL,2026-06-25 16:53:50
39.1060010000598,-84.512817,2026-06-25T16:58:02.000,ABDOM - 1C5,2026-06-25 16:58:02
39.1086400000597,-84.510882,2026-06-25T16:58:59.000,ABDOM - 1A1,2026-06-25 16:58:59
39.1251550000597,-84.569109,2026-06-25T17:05:44.000,CHESTPN - 10D1 NOT ALERT,2026-06-25 17:05:44
39.1645440000597,-84.474101,2026-06-25T17:23:48.000,BREATH - 6D2E EMPHYSEMA,2026-06-25 17:23:48
39.1895880000597,-84.574729,2026-06-25T17:30:38.000,ASSLTI - (C)(W) =,2026-06-25 17:30:38
39.0794160000598,-84.384963,2026-06-25T17:33:34.000,SICK - 26C1 ALTERED LOC,2026-06-25 17:33:34
39.1131740000598,-84.517,2026-06-25T17:35:53.000,SICK - 26A8 PAIN,2026-06-25 17:35:53
39.1659810000597,-84.480753,2026-06-25T17:38:13.000,SICK - 26A1,2026-06-25 17:38:13
39.1280020000597,-84.709041,2026-06-25T17:46:33.000,FALL - 17B4,2026-06-25 17:46:33
39.1975790000597,-84.549446,2026-06-25T17:55:31.000,FALL - 17B1,2026-06-25 17:55:31
39.1534350000597,-84.484084,2026-06-25T17:57:21.000,EMS,2026-06-25 17:57:21
39.0920910000598,-84.563231,2026-06-25T17:58:59.000,PERDWN - 32D1 UNKNOWN,2026-06-25 17:58:59
39.1911320000597,-84.516377,2026-06-25T18:03:31.000,FALL - 17B4,2026-06-25 18:03:31
39.1130510000598,-84.51655,2026-06-25T18:24:03.000,ASSLTI - (C) =,2026-06-25 18:24:03
39.1826210000597,-84.427996,2026-06-25T18:27:22.000,SEIZURE - 12C4,2026-06-25 18:27:22
39.1827640000597,-84.427485,2026-06-25T18:27:49.000,SEIZURE - 12A2,2026-06-25 18:27:49
39.1057200000598,-84.570305,2026-06-25T18:28:04.000,=EMS1 - ALS1 RESPONSE,2026-06-25 18:28:04
39.1314310000598,-84.46512,2026-06-25T18:30:52.000,STROKE - 28C4F CLEAR EVIDENCE,2026-06-25 18:30:52
39.1487050000598,-84.586732,2026-06-25T18:38:29.000,OD - 23C8A ACCIDENTAL,2026-06-25 18:38:29
39.1994210000597,-84.456256,2026-06-25T18:38:52.000,FAINT - 31D4 NOT ALERT,2026-06-25 18:38:52
39.1455010000597,-84.495613,2026-06-25T18:45:45.000,LIFT - 53A2,2026-06-25 18:45:45
39.1626920000598,-84.550132,2026-06-25T19:07:48.000,PERDWN - 32D1 UNKNOWN,2026-06-25 19:07:48
39.1283000000598,-84.508796,2026-06-25T19:35:08.000,SEIZURE - 12D2 MULTIPLE,2026-06-25 19:35:08
39.1420370000597,-84.581376,2026-06-25T19:36:23.000,SICK - 26A8 PAIN,2026-06-25 19:36:23
39.1495710000597,-84.592202,2026-06-25T19:38:05.000,OD - (C) 23C2A ACCIDENTAL,2026-06-25 19:38:05
39.1267930000598,-84.560678,2026-06-25T19:39:09.000,SICK - 26A8 PAIN,2026-06-25 19:39:09
39.1392420000597,-84.439333,2026-06-25T19:47:37.000,FALL - 17A2,2026-06-25 19:47:37
39.1135470000598,-84.51413,2026-06-25T19:49:16.000,=EMS1 - ALS1 RESPONSE,2026-06-25 19:49:16
39.1096300000598,-84.50423,2026-06-25T19:50:54.000,EMS,2026-06-25 19:50:54
39.1250260000597,-84.59988,2026-06-25T20:08:07.000,FAINT - 31D2 ABNORMAL BREATH,2026-06-25 20:08:07
39.1065510000597,-84.580883,2026-06-25T20:22:00.000,CHESTPN - 10C3,2026-06-25 20:22:00
39.1368140000598,-84.454243,2026-06-25T20:33:25.000,SEIZURE - 12C4,2026-06-25 20:33:25
39.1260850000597,-84.502277,2026-06-25T20:43:35.000,ABDOM - 1A1,2026-06-25 20:43:35
39.1923230000597,-84.482842,2026-06-25T20:51:04.000,SICK - 26D1 NOT ALERT,2026-06-25 20:51:04
39.1101300000598,-84.511712,2026-06-25T21:03:14.000,=PERDWN,2026-06-25 21:03:14
39.1452920000597,-84.564556,2026-06-25T21:07:19.000,BREATH - 6D2E EMPHYSEMA,2026-06-25 21:07:19
39.1065140000598,-84.527058,2026-06-25T21:10:33.000,SICK - 26A11 VOMITING,2026-06-25 21:10:33
39.1411010000597,-84.558178,2026-06-25T21:17:01.000,COSICK - (C) 8D6S SUICIDAL,2026-06-25 21:17:01
39.1002630000598,-84.517267,2026-06-25T21:19:07.000,=EMS2 - ALS2 RESPONSE,2026-06-25 21:19:07
39.1613030000597,-84.406626,2026-06-25T21:35:18.000,CHESTPN - 10D5 CARDIAC HX,2026-06-25 21:35:18
39.1066200000598,-84.50849,2026-06-25T21:37:39.000,SICK - 26B1,2026-06-25 21:37:39
39.1706600000597,-84.519122,2026-06-25T21:41:02.000,PERDWN - 32B2 MEDICAL ALARM,2026-06-25 21:41:02
39.1756580000597,-84.472677,2026-06-25T21:41:35.000,SICK - 26C2 ABNORMAL BREATH,2026-06-25 21:41:35
39.1320340000597,-84.575646,2026-06-25T21:57:39.000,FAINT - 31C1 ABNORMAL BREATH,2026-06-25 21:57:39
39.1266480000597,-84.48523,2026-06-25T21:59:26.000,SEIZURE - 12C5 STROKE HX,2026-06-25 21:59:26
39.1464520000597,-84.423447,2026-06-25T22:08:35.000,DIABETIC - 13A1,2026-06-25 22:08:35
39.1544940000598,-84.422459,2026-06-25T22:22:04.000,FAINT - 31D2 ABNORMAL BREATH,2026-06-25 22:22:04
39.1969570000597,-84.480733,2026-06-25T22:22:27.000,CHESTPN - 10D5 CARDIAC HX,2026-06-25 22:22:27
39.1076080000598,-84.517055,2026-06-25T22:28:43.000,CHESTPN - 10D4 CLAMMY,2026-06-25 22:28:43
39.1097970000598,-84.687212,2026-06-25T22:33:39.000,CHESTPN - 10D1 NOT ALERT,2026-06-25 22:33:39
39.1442040000598,-84.615943,2026-06-25T22:34:30.000,DIABETIC - 13C1 NOT ALERT,2026-06-25 22:34:30
39.1102160000598,-84.568977,2026-06-25T22:34:39.000,PERDWN - 32B1 PT MOV/TALK,2026-06-25 22:34:39
39.1230800000598,-84.499762,2026-06-25T22:59:24.000,PERDWN - 32D1 UNKNOWN,2026-06-25 22:59:24
39.1323890000597,-84.488458,2026-06-25T23:03:16.000,SICK - 26A8 PAIN,2026-06-25 23:03:16
39.1049410000598,-84.518341,2026-06-25T23:09:23.000,FALL - 17B1,2026-06-25 23:09:23
39.1068520000598,-84.511994,2026-06-25T23:24:12.000,DIABETIC - 13A1,2026-06-25 23:24:12
39.1702800000597,-84.518312,2026-06-25T23:28:07.000,SICK - 26O24 RASH,2026-06-25 23:28:07
39.1525870000597,-84.562211,2026-06-25T23:41:50.000,EMS,2026-06-25 23:41:50
39.0643100000598,-84.42528,2026-06-25T23:41:57.000,BREATH - 6D2,2026-06-25 23:41:57
39.1479920000598,-84.621383,2026-06-25T23:46:24.000,ABDOM - 1A1,2026-06-25 23:46:24
39.1606100000597,-84.40676,2026-06-25T23:54:15.000,CHESTPN - 10D4 CLAMMY,2026-06-25 23:54:15
39.1348300000597,-84.526,2026-06-26T00:22:15.000,FALL - 17B4,2026-06-26 00:22:15
39.1564530000598,-84.5614,2026-06-26T00:26:04.000,STROKE - 28C8 SEVERE HEADACHE,2026-06-26 00:26:04
39.1247180000598,-84.505935,2026-06-26T00:48:52.000,BREATH - 6D2E EMPHYSEMA,2026-06-26 00:48:52
39.1919970000597,-84.455863,2026-06-26T00:51:29.000,SICK - 26A1,2026-06-26 00:51:29
39.1377160000598,-84.5371,2026-06-26T00:54:50.000,ALRGY - 2C1 DIFF BREATHING,2026-06-26 00:54:50
39.1492850000597,-84.496608,2026-06-26T00:57:30.000,FAINT - 31D3,2026-06-26 00:57:30
39.1433450000597,-84.582092,2026-06-26T01:58:53.000,CHESTPN - 10D2 DIFF SPEAKING,2026-06-26 01:58:53
39.1928090000597,-84.480791,2026-06-26T02:15:24.000,BLEED - 21D5 ABNORMAL BREATH,2026-06-26 02:15:24
39.1096310000598,-84.503664,2026-06-26T02:34:28.000,ARREST - 9E1 NOT BREATHING,2026-06-26 02:34:28
39.1669810000597,-84.479833,2026-06-26T02:59:34.000,BREATH - 6D2,2026-06-26 02:59:34
39.1036910000598,-84.521635,2026-06-26T03:01:46.000,BLEED - 21A1,2026-06-26 03:01:46
39.1083940000598,-84.529496,2026-06-26T03:10:31.000,PERDWN - 32D1 UNKNOWN,2026-06-26 03:10:31
39.1089690000597,-84.525966,2026-06-26T03:24:07.000,SICK - 26A8 PAIN,2026-06-26 03:24:07
39.1411250000597,-84.521318,2026-06-26T03:54:55.000,CHESTPN - 10A1,2026-06-26 03:54:55
39.1438700000598,-84.558498,2026-06-26T03:56:16.000,SICK - 26A1,2026-06-26 03:56:16
39.1246130000598,-84.502767,2026-06-26T03:59:25.000,=EMS1 - ALS1 RESPONSE,2026-06-26 03:59:25
39.1780250000597,-84.461713,2026-06-26T04:03:06.000,CHESTPN - 10D1 NOT ALERT,2026-06-26 04:03:06
39.1506340000597,-84.442262,2026-06-26T04:20:46.000,LIFT - 17A4,2026-06-26 04:20:46
39.2036150000597,-84.570506,2026-06-26T04:57:44.000,FALL - 17B1,2026-06-26 04:57:44
39.1254610000597,-84.485506,2026-06-26T05:19:29.000,PERDWN - 32D1 UNKNOWN,2026-06-26 05:19:29
39.1080100000597,-84.5108,2026-06-26T05:23:44.000,BREATH - 6C1,2026-06-26 05:23:44
39.1408220000597,-84.45418,2026-06-26T05:43:33.000,LIFT - 53A2,2026-06-26 05:43:33
39.1208660000598,-84.489324,2026-06-26T05:54:32.000,PERDWN - 32D1 UNKNOWN,2026-06-26 05:54:32
39.1677750000597,-84.387395,2026-06-26T06:32:14.000,CHESTPN - 10D5 CARDIAC HX,2026-06-26 06:32:14
39.1648480000597,-84.465302,2026-06-26T06:36:17.000,FAINT - 31C1 ABNORMAL BREATH,2026-06-26 06:36:17
39.1137170000598,-84.582533,2026-06-26T07:00:01.000,CHESTPN - 10C1 ABNORMAL BREATH,2026-06-26 07:00:01
39.1233200000598,-84.500812,2026-06-26T07:03:45.000,CHESTPN - 10A1,2026-06-26 07:03:45
39.2029650000597,-84.575436,2026-06-26T07:17:33.000,BREATH - 6D2O,2026-06-26 07:17:33
39.1828030000597,-84.504486,2026-06-26T07:54:18.000,PERDWN - 32B3 UNKNOWN,2026-06-26 07:54:18
39.1340170000597,-84.501648,2026-06-26T08:05:30.000,PERDWN - 32D1 UNKNOWN,2026-06-26 08:05:30
39.1393870000597,-84.574564,2026-06-26T08:24:56.000,SICK - 26A5 GEN WEAKNESS,2026-06-26 08:24:56
39.1455670000597,-84.577605,2026-06-26T08:25:10.000,SEIZURE - 12D2 MULTIPLE,2026-06-26 08:25:10
39.1083410000598,-84.586088,2026-06-26T08:27:13.000,BREATH - 6D2E EMPHYSEMA,2026-06-26 08:27:13
39.1338800000598,-84.572763,2026-06-26T08:28:15.000,BREATH - 6D4 CLAMMY,2026-06-26 08:28:15
39.0994820000598,-84.507938,2026-06-26T08:35:25.000,SICK - 26C2 ABNORMAL BREATH,2026-06-26 08:35:25
39.1488440000597,-84.552649,2026-06-26T08:36:00.000,SICK - 26C3 SICKLE CELL,2026-06-26 08:36:00
39.1374370000597,-84.537001,2026-06-26T08:40:23.000,CHESTPN - 10D4 CLAMMY,2026-06-26 08:40:23
39.1994610000597,-84.456816,2026-06-26T08:57:51.000,FAINT - 31D2 ABNORMAL BREATH,2026-06-26 08:57:51
39.1133920000598,-84.580578,2026-06-26T08:57:56.000,FAINT - 31C1 ABNORMAL BREATH,2026-06-26 08:57:56
39.1184550000598,-84.691446,2026-06-26T09:02:41.000,STROKE - 28C1 NOT ALERT,2026-06-26 09:02:41
39.1666250000597,-84.387155,2026-06-26T09:04:45.000,PERDWN - 32B3 UNKNOWN,2026-06-26 09:04:45
39.1039110000598,-84.521095,2026-06-26T09:06:09.000,BREATH - 6D2A ASTHMA,2026-06-26 09:06:09
39.0801370000598,-84.376952,2026-06-26T09:20:21.000,CHESTPN - 10D4 CLAMMY,2026-06-26 09:20:21
39.1580890000597,-84.52564,2026-06-26T09:51:16.000,CHESTPN - 10C1 ABNORMAL BREATH,2026-06-26 09:51:16
39.1273710000598,-84.576518,2026-06-26T09:55:01.000,STROKE - 28C3F CLEAR EVIDENCE,2026-06-26 09:55:01
39.1840950000597,-84.42339,2026-06-26T10:08:59.000,SICK - 26B1,2026-06-26 10:08:59
39.1492940000597,-84.442262,2026-06-26T10:13:03.000,FALL - 17A3 NON RECENT,2026-06-26 10:13:03
39.1996840000597,-84.478926,2026-06-26T10:15:51.000,BREATH - 6D2,2026-06-26 10:15:51
39.1142020000597,-84.411263,2026-06-26T10:19:14.000,FAINT - 31D4 NOT ALERT,2026-06-26 10:19:14
39.1546500000597,-84.559001,2026-06-26T10:42:23.000,SICK - 26O26 SORE THROAT,2026-06-26 10:42:23
39.1235770000597,-84.574447,2026-06-26T10:51:18.000,SICK - 26D1 NOT ALERT,2026-06-26 10:51:18
39.1381400000597,-84.536751,2026-06-26T10:52:47.000,PERDWN - 32D1 UNKNOWN,2026-06-26 10:52:47
39.1402420000597,-84.45432,2026-06-26T10:54:12.000,SICK - 26C2 ABNORMAL BREATH,2026-06-26 10:54:12
39.1617700000597,-84.403512,2026-06-26T10:57:59.000,PERDWN - 32D1 UNKNOWN,2026-06-26 10:57:59
39.1743070000597,-84.430311,2026-06-26T11:07:21.000,SICK - 26A1,2026-06-26 11:07:21
39.2109140000597,-84.532561,2026-06-26T11:11:08.000,BREATH - 6D1 NOT ALERT,2026-06-26 11:11:08
39.1369920000598,-84.536443,2026-06-26T11:19:46.000,PERDWN - 32B3 UNKNOWN,2026-06-26 11:19:46
39.1301460000598,-84.599063,2026-06-26T11:21:47.000,FALL - 17B1,2026-06-26 11:21:47
39.1081000000598,-84.50775,2026-06-26T11:34:40.000,SICK - 26A10 UNWELL,2026-06-26 11:34:40
39.1012730000598,-84.512245,2026-06-26T11:36:19.000,EMS,2026-06-26 11:36:19
39.1739710000597,-84.430541,2026-06-26T11:43:43.000,CHESTPN - 10C3,2026-06-26 11:43:43
39.1348600000597,-84.527644,2026-06-26T11:45:38.000,SICK - 26A4 FEVER,2026-06-26 11:45:38
39.1493750000597,-84.497258,2026-06-26T11:49:33.000,SICK - 26A1,2026-06-26 11:49:33
39.1231840000597,-84.597701,2026-06-26T11:50:07.000,FAINT - 31D3,2026-06-26 11:50:07
39.1401290000598,-84.581323,2026-06-26T11:50:41.000,SEIZURE - 12A2,2026-06-26 11:50:41
39.1405840000597,-84.531931,2026-06-26T12:06:51.000,PERDWN - 32D1 UNKNOWN,2026-06-26 12:06:51
39.1360310000598,-84.536113,2026-06-26T12:07:22.000,PERDWN - 32D1 UNKNOWN,2026-06-26 12:07:22
39.0835480000598,-84.585701,2026-06-26T12:12:14.000,BREATH - 6C1E EMPHYSEMA,2026-06-26 12:12:14
39.1497310000597,-84.487948,2026-06-26T12:17:16.000,SICK - 26A8 PAIN,2026-06-26 12:17:16
39.2020290000597,-84.541241,2026-06-26T12:25:13.000,EMS,2026-06-26 12:25:13
39.1295460000598,-84.598423,2026-06-26T12:25:58.000,FALL - 17D4 NOT ALERT,2026-06-26 12:25:58
39.1504850000597,-84.484539,2026-06-26T12:28:30.000,BLEED - 21A1,2026-06-26 12:28:30
39.1384780000597,-84.471669,2026-06-26T12:47:37.000,ABDOM - 1C6,2026-06-26 12:47:37
39.1956730000597,-84.549589,2026-06-26T12:49:25.000,SICK - 26A11 VOMITING,2026-06-26 12:49:25
39.0951100000598,-84.385537,2026-06-26T12:50:33.000,DOMINJ - (C) =,2026-06-26 12:50:33
39.1514730000597,-84.580533,2026-06-26T12:58:30.000,SICK - 26D1 NOT ALERT,2026-06-26 12:58:30
39.1182800000597,-84.579009,2026-06-26T13:12:45.000,EMS,2026-06-26 13:12:45
39.1319310000598,-84.46441,2026-06-26T13:19:59.000,FALL - 17D4 NOT ALERT,2026-06-26 13:19:59
39.1626950000597,-84.540483,2026-06-26T13:21:11.000,BLEED - 21B4 BLOOD THINNERS,2026-06-26 13:21:11
39.1610570000597,-84.426084,2026-06-26T13:39:37.000,CHESTPN - 10D2 DIFF SPEAKING,2026-06-26 13:39:37
39.1352830000598,-84.495567,2026-06-26T13:47:46.000,SEIZURE - 12A1,2026-06-26 13:47:46
39.1670950000597,-84.388165,2026-06-26T13:48:18.000,HEARTPRB - 19C2 ABNORM BREATH,2026-06-26 13:48:18
39.1210210000598,-84.499814,2026-06-26T13:54:47.000,SICK - 26A4 FEVER,2026-06-26 13:54:47
39.1133930000597,-84.574977,2026-06-26T13:57:37.000,BLEED - 21D2 UNCONSIOUS,2026-06-26 13:57:37
39.1086590000598,-84.528948,2026-06-26T13:58:55.000,=EMS - (C),2026-06-26 13:58:55
39.0986700000597,-84.513183,2026-06-26T14:06:57.000,FAINT - 31D3,2026-06-26 14:06:57
39.1817490000597,-84.519758,2026-06-26T14:20:29.000,ABDOM - 1A1,2026-06-26 14:20:29
39.1453650000597,-84.577383,2026-06-26T14:26:45.000,ABDOM - 1C6,2026-06-26 14:26:45
39.1357200000597,-84.532837,2026-06-26T14:35:56.000,EMS,2026-06-26 14:35:56
39.1609430000597,-84.406806,2026-06-26T14:46:35.000,SICK - 26C2 ABNORMAL BREATH,2026-06-26 14:46:35
39.1794310000597,-84.424533,2026-06-26T15:14:01.000,ASSLTI - (C) =,2026-06-26 15:14:01
39.1989070000597,-84.515598,2026-06-26T15:26:14.000,PERDWN - 32B2 MEDICAL ALARM,2026-06-26 15:26:14
39.1154100000598,-84.582189,2026-06-26T15:26:18.000,ARREST - 9E1 NOT BREATHING,2026-06-26 15:26:18
39.1328500000598,-84.571353,2026-06-26T15:33:31.000,CHESTPN - 10C3,2026-06-26 15:33:31
39.1313750000598,-84.478368,2026-06-26T15:51:40.000,SICK - 26A8 PAIN,2026-06-26 15:51:40
39.1132270000598,-84.51383,2026-06-26T15:54:08.000,SEIZURE - 12A2,2026-06-26 15:54:08
39.1140550000598,-84.526458,2026-06-26T15:55:27.000,DOMINJ - (C) =,2026-06-26 15:55:27
39.1876150000597,-84.545772,2026-06-26T16:05:17.000,SICK - 26A1,2026-06-26 16:05:17
39.0850350000598,-84.384483,2026-06-26T16:29:28.000,BREATH - 6D2A ASTHMA,2026-06-26 16:29:28
39.1417830000597,-84.61491,2026-06-26T16:35:48.000,SICK - 26A11 VOMITING,2026-06-26 16:35:48
39.1237200000598,-84.500382,2026-06-26T16:37:36.000,BLEED - 21B1 DANGEROUS,2026-06-26 16:37:36
39.1324020000597,-84.611722,2026-06-26T17:03:57.000,PERDWN - 32B1 PT MOV/TALK,2026-06-26 17:03:57
39.1420500000597,-84.616012,2026-06-26T17:04:50.000,BREATH - 6D2E EMPHYSEMA,2026-06-26 17:04:50
39.1967870000597,-84.54653,2026-06-26T17:08:29.000,ASSLTI - (C) =,2026-06-26 17:08:29
39.1573780000597,-84.562,2026-06-26T17:12:57.000,SICK - 26A1,2026-06-26 17:12:57
39.1399910000597,-84.558898,2026-06-26T17:21:15.000,CHESTPN - 10D4 CLAMMY,2026-06-26 17:21:15
39.1108170000598,-84.562056,2026-06-26T17:25:14.000,ABDOM - 1C3,2026-06-26 17:25:14
39.1309480000597,-84.486971,2026-06-26T17:25:51.000,SICK - 26C3 SICKLE CELL,2026-06-26 17:25:51
39.1117050000598,-84.574173,2026-06-26T17:29:54.000,PERDWN - 32B1 PT MOV/TALK,2026-06-26 17:29:54
39.0903260000598,-84.570397,2026-06-26T17:32:28.000,BREATH - 6D4 CLAMMY,2026-06-26 17:32:28
39.1973970000597,-84.54661,2026-06-26T17:48:59.000,EMS,2026-06-26 17:48:59
39.1788910000597,-84.511049,2026-06-26T17:54:39.000,ABDOM - 1A1,2026-06-26 17:54:39
39.1599310000597,-84.539953,2026-06-26T18:00:26.000,SEIZURE - 12D2 MULTIPLE,2026-06-26 18:00:26
39.1443460000597,-84.536947,2026-06-26T18:00:40.000,CHESTPN - 10D4 CLAMMY,2026-06-26 18:00:40
39.2119060000597,-84.47101,2026-06-26T18:01:03.000,PERDWN - 32D1 UNKNOWN,2026-06-26 18:01:03
39.1066830000598,-84.564225,2026-06-26T18:27:31.000,SICK - 26C1 ALTERED LOC,2026-06-26 18:27:31
39.1737940000597,-84.478055,2026-06-26T18:32:18.000,=EMS1 - ALS1 RESPONSE,2026-06-26 18:32:18
39.1641870000597,-84.477913,2026-06-26T18:43:03.000,SEIZURE - 12D2 MULTIPLE,2026-06-26 18:43:03
39.1664980000597,-84.554078,2026-06-26T18:45:25.000,BLEED - 21D3 NOT ALERT,2026-06-26 18:45:25
39.1293660000598,-84.560087,2026-06-26T18:50:12.000,PERDWN - 32B1 PT MOV/TALK,2026-06-26 18:50:12
39.1101030000598,-84.591851,2026-06-26T18:50:37.000,PERDWN - 32D1 UNKNOWN,2026-06-26 18:50:37
39.1296580000597,-84.555349,2026-06-26T19:00:57.000,ABDOM - 1C4,2026-06-26 19:00:57
39.1313830000597,-84.570859,2026-06-26T19:09:32.000,FAINT - 31D1 AGONAL BREATHING,2026-06-26 19:09:32
39.1376850000597,-84.53596,2026-06-26T19:19:48.000,"OD - (C) 23D1A ARREST, ACC",2026-06-26 19:19:48
39.1209700000598,-84.577068,2026-06-26T19:19:49.000,BLEED - 21B1 DANGEROUS,2026-06-26 19:19:49
39.1398020000597,-84.60706,2026-06-26T20:05:04.000,SICK - 26C1 ALTERED LOC,2026-06-26 20:05:04
39.2135280000597,-84.482392,2026-06-26T20:06:36.000,BLEED - 21C1 THRU TUBES,2026-06-26 20:06:36
39.2048350000597,-84.570996,2026-06-26T20:22:55.000,BLEED - 21D4 DANGEROUS BLEED,2026-06-26 20:22:55
39.1210210000598,-84.496806,2026-06-26T20:26:06.000,DOMINJ - (C) =,2026-06-26 20:26:06
39.1970200000597,-84.540305,2026-06-26T20:26:19.000,SEIZURE - 12B1,2026-06-26 20:26:19
39.0890060000598,-84.568957,2026-06-26T20:43:30.000,BREATH - 6C1,2026-06-26 20:43:30
39.1752590000597,-84.469169,2026-06-26T20:48:28.000,SEIZURE - 12A3,2026-06-26 20:48:28
39.1416890000597,-84.49594,2026-06-26T20:58:06.000,SICK - 26B1,2026-06-26 20:58:06
39.1736790000597,-84.543871,2026-06-26T21:02:43.000,STROKE - 28C2F CLEAR EVIDENCE,2026-06-26 21:02:43
39.1997140000597,-84.462204,2026-06-26T21:03:01.000,SICK - 26C1 ALTERED LOC,2026-06-26 21:03:01
39.1136980000598,-84.693743,2026-06-26T21:08:44.000,ABDOM - 1C3,2026-06-26 21:08:44
39.1371220000597,-84.548197,2026-06-26T21:09:05.000,EMS,2026-06-26 21:09:05
39.1004450000598,-84.502262,2026-06-26T21:20:37.000,SICK - 26C1 ALTERED LOC,2026-06-26 21:20:37
39.1387950000597,-84.552477,2026-06-26T21:54:31.000,PERDWN - 32B1 PT MOV/TALK,2026-06-26 21:54:31
39.1788350000597,-84.547751,2026-06-26T22:00:24.000,DOMINJ - (C) =,2026-06-26 22:00:24
39.1502340000597,-84.390106,2026-06-26T22:09:22.000,CHESTPN - 10C3,2026-06-26 22:09:22
39.1445970000597,-84.521944,2026-06-26T22:12:00.000,FAINT - 31C1 ABNORMAL BREATH,2026-06-26 22:12:00
39.1287120000597,-84.597061,2026-06-26T22:27:35.000,FAINT - 31D4 NOT ALERT,2026-06-26 22:27:35
39.2085470000597,-84.531926,2026-06-26T22:30:31.000,BREATH - 6D1E NOT ALERT,2026-06-26 22:30:31
39.1163980000597,-84.528015,2026-06-26T22:30:44.000,=EMS1 - ALS1 RESPONSE,2026-06-26 22:30:44
39.2013840000597,-84.548378,2026-06-26T22:34:41.000,SICK - 26A10 UNWELL,2026-06-26 22:34:41
39.1098370000597,-84.505446,2026-06-26T23:00:22.000,SEIZURE - 12C4,2026-06-26 23:00:22
39.1982100000597,-84.575834,2026-06-26T23:22:09.000,BREATH - 6D2A ASTHMA,2026-06-26 23:22:09
39.1376830000597,-84.531021,2026-06-26T23:25:30.000,SEIZURE - 12D2 MULTIPLE,2026-06-26 23:25:30
39.1266900000597,-84.486685,2026-06-26T23:32:40.000,PERDWN - 32B2 MEDICAL ALARM,2026-06-26 23:32:40
39.1746720000597,-84.411695,2026-06-26T23:34:48.000,PERDWN - 32B2 MEDICAL ALARM,2026-06-26 23:34:48
39.1140310000598,-84.52924,2026-06-26T23:38:16.000,SICK - 26D1 NOT ALERT,2026-06-26 23:38:16
39.1453320000597,-84.423332,2026-06-26T23:38:44.000,CHESTPN - 10D4 CLAMMY,2026-06-26 23:38:44
39.1975700000597,-84.560976,2026-06-26T23:38:59.000,BLEED - 21A1,2026-06-26 23:38:59
39.1533140000597,-84.50503,2026-06-26T23:39:23.000,OD - (C) 23C1I INTENTIONAL,2026-06-26 23:39:23
39.1267310000598,-84.523942,2026-06-26T23:41:33.000,EMS,2026-06-26 23:41:33
39.1103440000598,-84.526524,2026-06-27T00:04:41.000,SICK - 26A8 PAIN,2026-06-27 00:04:41
39.1491950000597,-84.496798,2026-06-27T00:07:03.000,FAINT - 31D3,2026-06-27 00:07:03
39.1131450000598,-84.517192,2026-06-27T00:12:45.000,CHESTPN - 10C3,2026-06-27 00:12:45
39.1127050000598,-84.518002,2026-06-27T00:13:25.000,EMS - (C) =,2026-06-27 00:13:25
39.1056560000598,-84.394174,2026-06-27T00:25:12.000,FALL - 17B1,2026-06-27 00:25:12
39.1452050000597,-84.500612,2026-06-27T00:26:19.000,EMS,2026-06-27 00:26:19
39.1316430000597,-84.499995,2026-06-27T00:30:14.000,CHESTPN - 10C1 ABNORMAL BREATH,2026-06-27 00:30:14
39.1064190000597,-84.510573,2026-06-27T00:37:39.000,=EMS2 - ALS2 RESPONSE,2026-06-27 00:37:39
39.1437040000598,-84.495386,2026-06-27T01:01:57.000,SICK - 26O24 RASH,2026-06-27 01:01:57
39.1640570000597,-84.54786,2026-06-27T01:10:06.000,PERDWN - 32B2 MEDICAL ALARM,2026-06-27 01:10:06
39.1134410000598,-84.51699,2026-06-27T01:14:55.000,CHESTPN - 10C3,2026-06-27 01:14:55
39.1123950000598,-84.518592,2026-06-27T01:16:35.000,CHESTPN - 10A1,2026-06-27 01:16:35
39.1056210000598,-84.570415,2026-06-27T01:33:22.000,SICK - 26C1 ALTERED LOC,2026-06-27 01:33:22
39.1137700000598,-84.528258,2026-06-27T01:36:06.000,CHESTPN - 10D2 DIFF SPEAKING,2026-06-27 01:36:06
39.1500550000597,-84.497388,2026-06-27T01:40:06.000,SICK - 26C2 ABNORMAL BREATH,2026-06-27 01:40:06
39.1802700000597,-84.509191,2026-06-27T01:55:49.000,ABDOM - 1C1 AORTIC ANEURYSM,2026-06-27 01:55:49
39.1293640000598,-84.522504,2026-06-27T02:40:55.000,DIABETIC - (C)(V) 13C1C COMBAT,2026-06-27 02:40:55
39.1863300000597,-84.460388,2026-06-27T02:41:03.000,LIFT - 17A4,2026-06-27 02:41:03
39.1347100000597,-84.528834,2026-06-27T03:03:41.000,BLEED - 21D4 DANGEROUS BLEED,2026-06-27 03:03:41
39.1091290000598,-84.505967,2026-06-27T03:06:53.000,SICK - 26A8 PAIN,2026-06-27 03:06:53
39.1627430000597,-84.538865,2026-06-27T03:11:20.000,SICK - 26C1 ALTERED LOC,2026-06-27 03:11:20
39.1555840000597,-84.576342,2026-06-27T03:24:26.000,BREATH - 6C1A ASTHMA,2026-06-27 03:24:26
39.1013880000598,-84.509439,2026-06-27T03:32:31.000,=EMS1 - ALS1 RESPONSE,2026-06-27 03:32:31
39.0999550000598,-84.502912,2026-06-27T03:32:56.000,SEIZURE - 12D2 MULTIPLE,2026-06-27 03:32:56
39.1772700000597,-84.463011,2026-06-27T03:35:15.000,LIFT - 17A4,2026-06-27 03:35:15
39.1864360000597,-84.425622,2026-06-27T03:57:04.000,LIFT - 53A2,2026-06-27 03:57:04
39.1411500000598,-84.492936,2026-06-27T04:04:12.000,SICK - 26A8 PAIN,2026-06-27 04:04:12
39.0915870000598,-84.573949,2026-06-27T04:14:55.000,DOMINJ - (C) =,2026-06-27 04:14:55
39.1246310000597,-84.578137,2026-06-27T04:19:11.000,ABDOM - 1C5,2026-06-27 04:19:11
39.1031790000597,-84.513595,2026-06-27T04:36:34.000,ABDOM - 1A1,2026-06-27 04:36:34
39.2018990000597,-84.458312,2026-06-27T04:53:35.000,BLEED - 21D3 NOT ALERT,2026-06-27 04:53:35
39.1478580000597,-84.60914,2026-06-27T04:56:59.000,SICK - 26C1 ALTERED LOC,2026-06-27 04:56:59
39.1069400000598,-84.50869,2026-06-27T05:27:33.000,FAINT - 31D4 NOT ALERT,2026-06-27 05:27:33
39.1896130000597,-84.57592,2026-06-27T05:28:02.000,CHESTPN - 10D1 NOT ALERT,2026-06-27 05:28:02
39.1547190000597,-84.401478,2026-06-27T05:41:00.000,"BLEED - 21B2T SERIOUS, TRAUMA",2026-06-27 05:41:00
39.1277280000597,-84.593223,2026-06-27T05:58:57.000,SICK - 26A2 ABNORMAL BP,2026-06-27 05:58:57
39.1020790000597,-84.513805,2026-06-27T06:43:03.000,ABDOM - 1A1,2026-06-27 06:43:03
39.1366290000598,-84.523947,2026-06-27T06:51:42.000,ABDOM - 1A1,2026-06-27 06:51:42
39.1009100000598,-84.514081,2026-06-27T06:55:05.000,EMS,2026-06-27 06:55:05
39.1379280000597,-84.499165,2026-06-27T07:02:44.000,ABDOM - 1A1,2026-06-27 07:02:44
39.1104840000598,-84.506745,2026-06-27T07:05:56.000,BREATH - 6D1E NOT ALERT,2026-06-27 07:05:56
39.1125510000598,-84.59191,2026-06-27T07:20:44.000,FALL - 17A3 NON RECENT,2026-06-27 07:20:44
39.1771530000597,-84.549156,2026-06-27T07:42:21.000,FAINT - 31C1 ABNORMAL BREATH,2026-06-27 07:42:21
39.1410720000597,-84.464855,2026-06-27T07:49:30.000,STROKE - 28C11,2026-06-27 07:49:30
39.1411580000597,-84.439302,2026-06-27T08:02:17.000,CHESTPN - 10C3,2026-06-27 08:02:17
39.1458120000597,-84.497107,2026-06-27T08:13:34.000,CHESTPN - 10D2 DIFF SPEAKING,2026-06-27 08:13:34
39.1013000000598,-84.431415,2026-06-27T08:18:45.000,PERDWN - 32D1 UNKNOWN,2026-06-27 08:18:45
39.1099500000598,-84.529731,2026-06-27T08:52:44.000,SICK - 26A1,2026-06-27 08:52:44
39.1439040000597,-84.519779,2026-06-27T09:09:27.000,SEIZURE - 12A2,2026-06-27 09:09:27
39.1351060000597,-84.552093,2026-06-27T09:20:43.000,FAINT - 31D2 ABNORMAL BREATH,2026-06-27 09:20:43
39.1662830000597,-84.549584,2026-06-27T09:24:34.000,BLEED - 21D4 DANGEROUS BLEED,2026-06-27 09:24:34
39.1602830000597,-84.407616,2026-06-27T09:43:19.000,SICK - 26A1,2026-06-27 09:43:19
39.1900620000597,-84.578528,2026-06-27T09:56:48.000,SICK - 26A8 PAIN,2026-06-27 09:56:48
39.1097520000598,-84.537471,2026-06-27T10:02:05.000,"BLEED - 21B2T SERIOUS, TRAUMA",2026-06-27 10:02:05
39.1262800000598,-84.597042,2026-06-27T10:10:12.000,EMS,2026-06-27 10:10:12
39.1314060000598,-84.598323,2026-06-27T10:24:21.000,SEIZURE - 12D2 MULTIPLE,2026-06-27 10:24:21
39.1998480000597,-84.567263,2026-06-27T10:30:22.000,PERDWN - 32B2 MEDICAL ALARM,2026-06-27 10:30:22
39.1390090000598,-84.452294,2026-06-27T10:31:48.000,SEIZURE - 12D2 MULTIPLE,2026-06-27 10:31:48
39.1248700000598,-84.557047,2026-06-27T10:44:17.000,BLEED - 21B1 DANGEROUS,2026-06-27 10:44:17
39.1249900000598,-84.556987,2026-06-27T11:17:08.000,BLEED - 21B1 DANGEROUS,2026-06-27 11:17:08
39.2014040000597,-84.548368,2026-06-27T11:20:00.000,ABDOM - 1C6,2026-06-27 11:20:00
39.1027340000598,-84.510255,2026-06-27T11:30:35.000,EMS,2026-06-27 11:30:35
39.1660490000597,-84.549685,2026-06-27T11:34:38.000,SEIZURE - 12D2 MULTIPLE,2026-06-27 11:34:38
39.1656330000597,-84.550283,2026-06-27T11:34:49.000,SEIZURE - 12A1,2026-06-27 11:34:49
39.1630560000597,-84.505726,2026-06-27T11:40:03.000,PERDWN - 32B2 MEDICAL ALARM,2026-06-27 11:40:03
39.1091720000598,-84.432226,2026-06-27T11:40:40.000,STROKE - 28C3 SPEECH PROBLEMS,2026-06-27 11:40:40
39.1287610000598,-84.52061,2026-06-27T11:43:23.000,PERDWN - 32D1 UNKNOWN,2026-06-27 11:43:23
39.1203250000597,-84.601086,2026-06-27T11:46:12.000,BREATH - 6D1E NOT ALERT,2026-06-27 11:46:12
39.1182800000597,-84.416034,2026-06-27T11:52:28.000,=EMS1 - ALS1 RESPONSE,2026-06-27 11:52:28
39.1345540000598,-84.48886,2026-06-27T11:56:43.000,CHESTPN - 10D4 CLAMMY,2026-06-27 11:56:43
39.1198620000597,-84.412734,2026-06-27T11:56:54.000,PERDWN - 32D1 UNKNOWN,2026-06-27 11:56:54
39.1277990000597,-84.595131,2026-06-27T12:14:52.000,BLEED - 21A1,2026-06-27 12:14:52
39.1236400000598,-84.499852,2026-06-27T12:21:47.000,DIABETIC - 13A1,2026-06-27 12:21:47
39.2128260000597,-84.4717,2026-06-27T12:22:33.000,PERDWN - 32D1 UNKNOWN,2026-06-27 12:22:33
39.1263830000598,-84.559908,2026-06-27T12:27:44.000,SICK - 26C2 ABNORMAL BREATH,2026-06-27 12:27:44
39.1141600000598,-84.587227,2026-06-27T12:31:45.000,SEIZURE - 12D2 MULTIPLE,2026-06-27 12:31:45
39.1925430000597,-84.569923,2026-06-27T12:37:45.000,BREATH - 6D2A ASTHMA,2026-06-27 12:37:45
39.1092900000598,-84.513382,2026-06-27T12:40:02.000,SICK - 26A11 VOMITING,2026-06-27 12:40:02
39.1541770000597,-84.608018,2026-06-27T12:44:22.000,CHESTPN - 10C1 ABNORMAL BREATH,2026-06-27 12:44:22
39.1044230000598,-84.511805,2026-06-27T12:46:55.000,CHESTPN - 10D5 CARDIAC HX,2026-06-27 12:46:55
39.1957070000597,-84.576995,2026-06-27T12:47:07.000,FALL - 17D5 SOB,2026-06-27 12:47:07
39.1116570000598,-84.520928,2026-06-27T13:04:57.000,ARREST - 9E1 NOT BREATHING,2026-06-27 13:04:57
39.1930730000597,-84.569186,2026-06-27T13:21:49.000,BREATH - 6C1,2026-06-27 13:21:49
39.1138710000598,-84.5925,2026-06-27T13:27:47.000,FALL - 17A2,2026-06-27 13:27:47
39.1471540000598,-84.615076,2026-06-27T13:31:28.000,SICK - 26A8 PAIN,2026-06-27 13:31:28
39.1145400000598,-84.528628,2026-06-27T13:38:46.000,=OD - (C),2026-06-27 13:38:46
39.1007510000598,-84.49722,2026-06-27T13:43:00.000,=EMS1 - ALS1 RESPONSE,2026-06-27 13:43:00
39.1544840000597,-84.583081,2026-06-27T13:44:04.000,FAINT - 31D3,2026-06-27 13:44:04
39.1071360000598,-84.527805,2026-06-27T13:47:13.000,CHESTPN - 10C3,2026-06-27 13:47:13
39.1924530000597,-84.458751,2026-06-27T13:49:21.000,BREATH - 6D2E EMPHYSEMA,2026-06-27 13:49:21
39.1354130000598,-84.471383,2026-06-27T13:57:00.000,BREATH - 6C1,2026-06-27 13:57:00
39.1154910000597,-84.531432,2026-06-27T14:05:36.000,BLEED - 21A1,2026-06-27 14:05:36
39.1629550000597,-84.38957,2026-06-27T14:13:10.000,SICK - 26A8 PAIN,2026-06-27 14:13:10
39.1388340000598,-84.441508,2026-06-27T14:19:03.000,=EMS1 - ALS1 RESPONSE,2026-06-27 14:19:03
39.1397680000597,-84.444051,2026-06-27T14:19:19.000,=EMS1 - ALS1 RESPONSE,2026-06-27 14:19:19
39.1048720000598,-84.514667,2026-06-27T14:21:08.000,FAINT - 31D3,2026-06-27 14:21:08
39.1301560000598,-84.597813,2026-06-27T14:43:22.000,ABDOM - 1C5,2026-06-27 14:43:22
39.1102020000598,-84.537091,2026-06-27T14:44:34.000,EMS,2026-06-27 14:44:34
39.1399880000597,-84.605167,2026-06-27T14:47:04.000,"FUMES - 60D4V SICK, MULTI-FAM",2026-06-27 14:47:04
39.1075770000598,-84.579577,2026-06-27T14:54:41.000,FAINT - 31D2 ABNORMAL BREATH,2026-06-27 14:54:41
39.1544380000597,-84.383547,2026-06-27T15:02:23.000,=EMS - (C),2026-06-27 15:02:23
39.1803710000597,-84.511826,2026-06-27T15:05:30.000,ABDOM - 1C4,2026-06-27 15:05:30
39.1518350000597,-84.484586,2026-06-27T15:14:53.000,SICK - 26A8 PAIN,2026-06-27 15:14:53
39.1612930000597,-84.406736,2026-06-27T15:37:33.000,SICK - 26A1,2026-06-27 15:37:33
39.1716900000597,-84.54465,2026-06-27T15:48:34.000,BLEED - 21D3 NOT ALERT,2026-06-27 15:48:34
39.1541960000597,-84.492852,2026-06-27T15:50:14.000,BREATH - 6D4 CLAMMY,2026-06-27 15:50:14
39.1754710000597,-84.546125,2026-06-27T15:51:06.000,STROKE - 28C1F CLEAR EVIDENCE,2026-06-27 15:51:06
39.1551290000597,-84.550024,2026-06-27T15:59:43.000,SICK - 26C2 ABNORMAL BREATH,2026-06-27 15:59:43
39.1787790000597,-84.511477,2026-06-27T16:05:35.000,SICK - 26A8 PAIN,2026-06-27 16:05:35
39.1584290000597,-84.544447,2026-06-27T16:05:51.000,SEIZURE - 12B1,2026-06-27 16:05:51
39.1014790000598,-84.511103,2026-06-27T16:18:31.000,"OD - (C) 23D1A ARREST, ACC",2026-06-27 16:18:31
39.1416860000598,-84.536313,2026-06-27T16:26:32.000,FALL - 17A3 NON RECENT,2026-06-27 16:26:32
39.1308260000598,-84.599563,2026-06-27T16:30:41.000,SICK - 26C2 ABNORMAL BREATH,2026-06-27 16:30:41
39.1211430000598,-84.572403,2026-06-27T16:36:38.000,PERDWN - 32B2 MEDICAL ALARM,2026-06-27 16:36:38
39.1600040000597,-84.539083,2026-06-27T16:42:33.000,EMS,2026-06-27 16:42:33
39.1134470000598,-84.516679,2026-06-27T16:52:41.000,CHESTPN - 10C3,2026-06-27 16:52:41
39.1623350000597,-84.545758,2026-06-27T17:15:16.000,SICK - 26A11 VOMITING,2026-06-27 17:15:16
39.1067000000598,-84.50774,2026-06-27T17:27:38.000,PREG - 24B2,2026-06-27 17:27:38
39.1608700000597,-84.402158,2026-06-27T17:32:08.000,SICK - 26C1 ALTERED LOC,2026-06-27 17:32:08
39.0743000000597,-84.370267,2026-06-27T17:39:49.000,FUEL1 - 59B2V SICK,2026-06-27 17:39:49
39.1882370000597,-84.468272,2026-06-27T17:57:58.000,SICK - 26D1 NOT ALERT,2026-06-27 17:57:58
39.1051590000597,-84.511343,2026-06-27T17:59:37.000,EMS - (C) =,2026-06-27 17:59:37
39.0992350000598,-84.502089,2026-06-27T18:02:23.000,EMS,2026-06-27 18:02:23
39.1358820000597,-84.57528,2026-06-27T18:03:17.000,SICK - 26A8 PAIN,2026-06-27 18:03:17
39.1458110000597,-84.494143,2026-06-27T18:11:34.000,"SEIZURE - 12C1 FOCAL, NOT AERT",2026-06-27 18:11:34
39.1938130000597,-84.480828,2026-06-27T18:29:08.000,CHESTPN - 10D1 NOT ALERT,2026-06-27 18:29:08
39.1263480000598,-84.603657,2026-06-27T18:48:23.000,BREATH - 6D2A ASTHMA,2026-06-27 18:48:23
39.2083050000597,-84.454206,2026-06-27T18:51:12.000,SICK - 26A8 PAIN,2026-06-27 18:51:12
39.1866340000597,-84.468474,2026-06-27T18:56:48.000,CHESTPN - 10D4 CLAMMY,2026-06-27 18:56:48
39.0873880000598,-84.390321,2026-06-27T19:05:40.000,SEIZURE - 12A5 AURA,2026-06-27 19:05:40
39.1572660000597,-84.539472,2026-06-27T19:14:28.000,EMS,2026-06-27 19:14:28
39.1131370000598,-84.568507,2026-06-27T19:23:32.000,FALL - 17B1,2026-06-27 19:23:32
39.1931640000597,-84.51309,2026-06-27T19:24:49.000,CHESTPN - 10D5 CARDIAC HX,2026-06-27 19:24:49
39.1438850000597,-84.618773,2026-06-27T19:31:55.000,FALL - 17B1,2026-06-27 19:31:55
39.1192920000598,-84.441169,2026-06-27T19:34:17.000,BREATH - 6C1,2026-06-27 19:34:17
39.1205690000597,-84.544684,2026-06-27T19:56:54.000,=EMS - (C),2026-06-27 19:56:54
39.1146540000598,-84.50492,2026-06-27T19:58:40.000,DOMINJ - (C) =,2026-06-27 19:58:40
39.1082950000598,-84.530605,2026-06-27T20:04:22.000,SICK - 26A11 VOMITING,2026-06-27 20:04:22
39.1026950000598,-84.515858,2026-06-27T20:25:01.000,SICK - 26C2 ABNORMAL BREATH,2026-06-27 20:25:01
39.1404500000597,-84.499048,2026-06-27T20:28:23.000,PERDWN - 32D1 UNKNOWN,2026-06-27 20:28:23
39.1500030000597,-84.48796,2026-06-27T20:56:51.000,ASSLTI - (C)(W) =,2026-06-27 20:56:51
39.1469190000598,-84.485959,2026-06-27T20:59:06.000,SICK - 26C2 ABNORMAL BREATH,2026-06-27 20:59:06
39.0944970000598,-84.377825,2026-06-27T21:14:02.000,BREATH - 6D1 NOT ALERT,2026-06-27 21:14:02
39.1368020000597,-84.595926,2026-06-27T21:16:09.000,FALL - 17A2,2026-06-27 21:16:09
39.1432550000598,-84.55736,2026-06-27T21:30:46.000,SEIZURE - 12C4,2026-06-27 21:30:46
39.1772520000597,-84.511761,2026-06-27T21:35:19.000,PREG - 24D5 HIGH RISK,2026-06-27 21:35:19
39.1269430000597,-84.565774,2026-06-27T21:35:19.000,BREATH - 6D2,2026-06-27 21:35:19
39.1137770000598,-84.520374,2026-06-27T21:51:32.000,INVEST - 69D4O ODOR OF SMOKE,2026-06-27 21:51:32
39.1308010000597,-84.509257,2026-06-27T21:52:04.000,FAINT - 31C2,2026-06-27 21:52:04
39.0933520000598,-84.575802,2026-06-27T22:05:43.000,SEIZURE - 12A1,2026-06-27 22:05:43
39.1924230000597,-84.456821,2026-06-27T22:07:22.000,FALL - 17B4,2026-06-27 22:07:22
39.1529630000598,-84.408431,2026-06-27T22:41:14.000,BLEED - 21A1,2026-06-27 22:41:14
39.1429670000597,-84.610222,2026-06-27T22:50:58.000,BLEED - 21B1 DANGEROUS,2026-06-27 22:50:58
39.1282330000598,-84.511738,2026-06-27T22:54:46.000,CHESTPN - 10D2 DIFF SPEAKING,2026-06-27 22:54:46
39.1049170000598,-84.49624,2026-06-27T22:55:41.000,EMS - (C) =,2026-06-27 22:55:41
39.1147600000598,-84.527788,2026-06-27T23:03:11.000,SEIZURE - 12B1,2026-06-27 23:03:11
39.1340240000597,-84.55774,2026-06-27T23:09:36.000,EMS,2026-06-27 23:09:36
39.1140180000598,-84.582008,2026-06-27T23:16:01.000,ASSLTI - (C)(W) =,2026-06-27 23:16:01
39.1883280000597,-84.467925,2026-06-27T23:16:43.000,PREG - 24A1 POSS MISCARRIAGE,2026-06-27 23:16:43
39.1805470000597,-84.563227,2026-06-27T23:23:48.000,EMS,2026-06-27 23:23:48
39.1144780000598,-84.582328,2026-06-27T23:31:35.000,EMS,2026-06-27 23:31:35
39.1901070000597,-84.48914,2026-06-27T23:37:19.000,SEIZURE - 12C4,2026-06-27 23:37:19
39.0837630000598,-84.587322,2026-06-27T23:39:07.000,FALL - 17B1,2026-06-27 23:39:07
39.0955930000598,-84.511094,2026-06-27T23:39:55.000,CHESTPN - 10C3,2026-06-27 23:39:55
39.1017920000598,-84.504866,2026-06-27T23:50:31.000,EMS,2026-06-27 23:50:31
39.1004760000598,-84.50373,2026-06-27T23:52:21.000,BREATH - 6C1,2026-06-27 23:52:21
39.1262960000597,-84.561342,2026-06-27T23:58:24.000,EMS,2026-06-27 23:58:24
39.1405700000598,-84.494246,2026-06-28T00:08:57.000,=EMS - (C),2026-06-28 00:08:57
39.1417820000597,-84.492087,2026-06-28T00:10:29.000,CHESTPN - 10D2 DIFF SPEAKING,2026-06-28 00:10:29
39.1077960000597,-84.530087,2026-06-28T00:11:39.000,BLEED - 21A1,2026-06-28 00:11:39
39.1914730000597,-84.514781,2026-06-28T00:16:05.000,"BLEED - 21D4T DANGEROUS, TRAUM",2026-06-28 00:16:05
39.1129340000598,-84.512596,2026-06-28T00:34:23.000,SICK - 26C1 ALTERED LOC,2026-06-28 00:34:23
39.1044520000598,-84.512599,2026-06-28T00:45:34.000,EMS,2026-06-28 00:45:34
39.1052040000598,-84.570761,2026-06-28T01:15:33.000,FALL - 17A2,2026-06-28 01:15:33
39.1381190000597,-84.548952,2026-06-28T01:30:09.000,FALL - 17B4,2026-06-28 01:30:09
39.1320490000598,-84.589103,2026-06-28T01:46:33.000,ASSLTI - (C)(W) =,2026-06-28 01:46:33
39.1041790000598,-84.514133,2026-06-28T01:56:04.000,EMS,2026-06-28 01:56:04
39.1616340000597,-84.53813,2026-06-28T02:04:11.000,EMS,2026-06-28 02:04:11
39.1045530000598,-84.567134,2026-06-28T02:40:20.000,EMS,2026-06-28 02:40:20
39.1141350000597,-84.557012,2026-06-28T02:50:38.000,CHESTPN - 10D5 CARDIAC HX,2026-06-28 02:50:38
39.0966260000597,-84.508845,2026-06-28T02:57:31.000,ASSLTI - (C) =,2026-06-28 02:57:31
39.1031630000598,-84.569986,2026-06-28T03:07:21.000,FALL - 17D3 UNCONSIOUS,2026-06-28 03:07:21
39.1412500000598,-84.493466,2026-06-28T03:21:26.000,BREATH - 6D1E NOT ALERT,2026-06-28 03:21:26
39.1607730000597,-84.39841,2026-06-28T03:28:01.000,FALL - 17B4,2026-06-28 03:28:01
39.1070880000597,-84.558422,2026-06-28T03:39:06.000,ASSLTI - (C) =,2026-06-28 03:39:06
39.1994160000597,-84.458337,2026-06-28T04:00:27.000,=PERDWN,2026-06-28 04:00:27
39.1129070000598,-84.51458,2026-06-28T04:36:54.000,=EMS - (C),2026-06-28 04:36:54
39.1416660000597,-84.620384,2026-06-28T04:51:16.000,FALL - 17B1,2026-06-28 04:51:16
39.1613230000597,-84.406826,2026-06-28T04:56:48.000,FAINT - 31D3,2026-06-28 04:56:48
39.1064220000598,-84.510963,2026-06-28T05:03:12.000,SICK - 26C2 ABNORMAL BREATH,2026-06-28 05:03:12
39.1121970000598,-84.51397,2026-06-28T05:03:16.000,EMS,2026-06-28 05:03:16
39.1069110000598,-84.508809,2026-06-28T05:59:05.000,=EMS2 - ALS2 RESPONSE,2026-06-28 05:59:05
39.1573460000597,-84.478751,2026-06-28T06:40:49.000,FUEL1 - 59B2 FUEL ODOR,2026-06-28 06:40:49
39.1077210000598,-84.576492,2026-06-28T06:56:32.000,SICK - 26D1 NOT ALERT,2026-06-28 06:56:32
39.1931680000597,-84.482915,2026-06-28T07:06:44.000,=EMS - (C),2026-06-28 07:06:44
39.1091080000597,-84.514132,2026-06-28T07:25:22.000,PERDWN - 32D1 UNKNOWN,2026-06-28 07:25:22
39.1526790000597,-84.533368,2026-06-28T07:54:44.000,FALL - 17B4,2026-06-28 07:54:44
39.1565590000597,-84.52544,2026-06-28T08:00:39.000,SICK - 26A3 VERTIGO,2026-06-28 08:00:39
39.1124150000598,-84.512087,2026-06-28T08:06:09.000,PERDWN - 32D1 UNKNOWN,2026-06-28 08:06:09
39.1748350000597,-84.406432,2026-06-28T08:23:52.000,STROKE - 28C4 SIDE WEAKNESS,2026-06-28 08:23:52
39.1461170000598,-84.522276,2026-06-28T08:47:36.000,ABDOM - 1C6,2026-06-28 08:47:36
39.2045240000597,-84.456348,2026-06-28T08:58:47.000,BLEED - 21D4 DANGEROUS BLEED,2026-06-28 08:58:47
39.1494110000597,-84.588877,2026-06-28T09:20:59.000,BLEED - 21A1,2026-06-28 09:20:59
39.1766510000597,-84.435411,2026-06-28T09:25:01.000,DIABETIC - 13C1 NOT ALERT,2026-06-28 09:25:01
39.1478090000598,-84.486829,2026-06-28T09:25:29.000,BLEED - 21D4 DANGEROUS BLEED,2026-06-28 09:25:29
39.1085090000598,-84.561304,2026-06-28T09:41:47.000,=EMS1 - ALS1 RESPONSE,2026-06-28 09:41:47
39.1697450000597,-84.551615,2026-06-28T09:43:26.000,ABDOM - 1C7,2026-06-28 09:43:26
39.1514650000597,-84.484946,2026-06-28T10:00:48.000,SICK - 26A8 PAIN,2026-06-28 10:00:48
39.1439080000597,-84.555747,2026-06-28T10:02:03.000,"PREG - 24D5C HI RISK, PRETERM",2026-06-28 10:02:03
39.1676770000597,-84.47767,2026-06-28T10:13:30.000,PERDWN - 32D1 UNKNOWN,2026-06-28 10:13:30
39.1002050000598,-84.557118,2026-06-28T10:34:28.000,SICK - 26A3 VERTIGO,2026-06-28 10:34:28
39.1370940000598,-84.455023,2026-06-28T10:39:04.000,ARREST - 9E1 NOT BREATHING,2026-06-28 10:39:04
39.1101160000598,-84.599882,2026-06-28T10:39:27.000,ABDOM - 1D1 NOT ALERT,2026-06-28 10:39:27
39.2033650000597,-84.540296,2026-06-28T11:09:50.000,BLEED - 21D5 ABNORMAL BREATH,2026-06-28 11:09:50
39.1082740000598,-84.422038,2026-06-28T11:10:06.000,=EMS1 - ALS1 RESPONSE,2026-06-28 11:10:06
39.1280690000597,-84.504704,2026-06-28T11:13:40.000,EMS,2026-06-28 11:13:40
39.1414090000597,-84.535681,2026-06-28T11:41:08.000,BLEED - 21B2 SERIOUS,2026-06-28 11:41:08
39.1510140000597,-84.389916,2026-06-28T11:49:26.000,SICK - 26C1 ALTERED LOC,2026-06-28 11:49:26
39.1312470000597,-84.486682,2026-06-28T11:52:32.000,PERDWN - 32B2 MEDICAL ALARM,2026-06-28 11:52:32
39.1181540000598,-84.497803,2026-06-28T11:53:03.000,SICK - 26A3 VERTIGO,2026-06-28 11:53:03
39.1931510000597,-84.513384,2026-06-28T12:03:59.000,DOMINJ - (C) =,2026-06-28 12:03:59
39.1948220000597,-84.53508,2026-06-28T12:04:11.000,FAINT - 31D4 NOT ALERT,2026-06-28 12:04:11
39.1139250000598,-84.566666,2026-06-28T12:06:46.000,PERDWN - 32B2 MEDICAL ALARM,2026-06-28 12:06:46
39.1448700000598,-84.557668,2026-06-28T12:16:28.000,EMS - (C) =,2026-06-28 12:16:28
39.1998740000597,-84.458751,2026-06-28T12:26:54.000,FALL - 17B4,2026-06-28 12:26:54
39.1162440000598,-84.571209,2026-06-28T12:28:27.000,SEIZURE - 12D2 MULTIPLE,2026-06-28 12:28:27
39.1302950000598,-84.530913,2026-06-28T12:45:05.000,PREG - 24B1C PRETERM,2026-06-28 12:45:05
39.1605560000597,-84.40362,2026-06-28T12:45:07.000,PERDWN - 32B1 PT MOV/TALK,2026-06-28 12:45:07
39.1380620000598,-84.577277,2026-06-28T12:49:56.000,=EMS1 - ALS1 RESPONSE,2026-06-28 12:49:56
39.1107200000598,-84.530201,2026-06-28T13:00:55.000,STROKE - 28C4 SIDE WEAKNESS,2026-06-28 13:00:55
39.1294660000598,-84.599053,2026-06-28T13:08:42.000,BLEED - 21B1 DANGEROUS,2026-06-28 13:08:42
39.1626850000597,-84.421667,2026-06-28T13:15:11.000,"OD - (C) 23C1A NOT ALERT, ACC",2026-06-28 13:15:11
39.1528140000597,-84.585759,2026-06-28T13:25:57.000,SICK - 26A1,2026-06-28 13:25:57
39.1317770000598,-84.597215,2026-06-28T13:31:43.000,CHESTPN - 10D1 NOT ALERT,2026-06-28 13:31:43
39.1112760000597,-84.552501,2026-06-28T13:33:13.000,PERDWN - 32B2 MEDICAL ALARM,2026-06-28 13:33:13
39.1643880000597,-84.402577,2026-06-28T13:33:27.000,PERDWN - 32B2 MEDICAL ALARM,2026-06-28 13:33:27
39.1042790000598,-84.390211,2026-06-28T13:35:14.000,SICK - 26C2 ABNORMAL BREATH,2026-06-28 13:35:14
39.1179440000597,-84.529941,2026-06-28T13:36:57.000,BREATH - 6D2A ASTHMA,2026-06-28 13:36:57
39.1139700000598,-84.528738,2026-06-28T13:39:21.000,PREG - 24B2,2026-06-28 13:39:21
39.2027180000597,-84.462964,2026-06-28T13:45:07.000,FALL - 17B4,2026-06-28 13:45:07
39.1242070000597,-84.575307,2026-06-28T14:03:39.000,BLEED - 21D4 DANGEROUS BLEED,2026-06-28 14:03:39
39.1067430000598,-84.588891,2026-06-28T14:04:08.000,BREATH - 6E1A ASTHMA,2026-06-28 14:04:08
39.1814940000597,-84.512782,2026-06-28T14:10:13.000,ASSLTI - (C) =,2026-06-28 14:10:13
39.1163350000597,-84.520093,2026-06-28T14:12:06.000,BREATH - 6D4A ASTHMA,2026-06-28 14:12:06
39.1864340000597,-84.419896,2026-06-28T14:14:50.000,"BLEED - 21B2T SERIOUS, TRAUMA",2026-06-28 14:14:50
39.0949170000598,-84.387081,2026-06-28T14:19:41.000,PERDWN - 32D1 UNKNOWN,2026-06-28 14:19:41
39.0976520000598,-84.510486,2026-06-28T14:24:03.000,=EMS1 - ALS1 RESPONSE,2026-06-28 14:24:03
39.1922380000597,-84.418641,2026-06-28T14:26:34.000,SICK - 26C2 ABNORMAL BREATH,2026-06-28 14:26:34
39.1621950000597,-84.427518,2026-06-28T14:43:04.000,PERDWN - 32D1 UNKNOWN,2026-06-28 14:43:04
39.1026140000597,-84.552284,2026-06-28T14:50:07.000,SEIZURE - 12C3 DIABETIC,2026-06-28 14:50:07
39.1027840000597,-84.552424,2026-06-28T14:50:14.000,SEIZURE - 12D2 MULTIPLE,2026-06-28 14:50:14
39.1293150000597,-84.476501,2026-06-28T14:56:56.000,BREATH - 6C1,2026-06-28 14:56:56
39.1510490000597,-84.533858,2026-06-28T15:05:43.000,FALL - 17A3 NON RECENT,2026-06-28 15:05:43
39.1459810000597,-84.496264,2026-06-28T15:13:44.000,=EMS1 - ALS1 RESPONSE,2026-06-28 15:13:44
39.1023280000598,-84.552037,2026-06-28T15:15:50.000,SICK - 26A1,2026-06-28 15:15:50
39.1125310000598,-84.497739,2026-06-28T15:34:04.000,PERDWN - 32D1 UNKNOWN,2026-06-28 15:34:04
39.1048120000598,-84.571584,2026-06-28T15:38:29.000,CHESTPN - 10D4 CLAMMY,2026-06-28 15:38:29
39.1060000000598,-84.512211,2026-06-28T15:46:38.000,SICK - 26D1 NOT ALERT,2026-06-28 15:46:38
39.2032710000597,-84.563572,2026-06-28T15:55:03.000,=EMS1 - ALS1 RESPONSE,2026-06-28 15:55:03
39.1266430000598,-84.532055,2026-06-28T15:59:30.000,BREATH - 6D1E NOT ALERT,2026-06-28 15:59:30
39.1058130000598,-84.496232,2026-06-28T16:03:17.000,FAINT - 31D2 ABNORMAL BREATH,2026-06-28 16:03:17
39.0775760000598,-84.620617,2026-06-28T16:04:02.000,SICK - 26A7 IMMOBILE,2026-06-28 16:04:02
39.0999530000598,-84.510753,2026-06-28T16:07:09.000,PERDWN - 32D1 UNKNOWN,2026-06-28 16:07:09
39.1131600000598,-84.512713,2026-06-28T16:10:06.000,PERDWN - 32B2 MEDICAL ALARM,2026-06-28 16:10:06
39.1457870000597,-84.438424,2026-06-28T16:15:41.000,EMS - (C)(W) =,2026-06-28 16:15:41
39.1531330000598,-84.408341,2026-06-28T16:18:40.000,SICK - 26D1 NOT ALERT,2026-06-28 16:18:40
39.1015230000598,-84.513715,2026-06-28T16:22:46.000,STROKE - 28C4 SIDE WEAKNESS,2026-06-28 16:22:46
39.2166870000597,-84.486949,2026-06-28T16:28:31.000,ABDOM - 1C6,2026-06-28 16:28:31
39.1423980000597,-84.614526,2026-06-28T16:40:49.000,CHESTPN - 10D4 CLAMMY,2026-06-28 16:40:49
39.1456550000597,-84.428766,2026-06-28T16:59:44.000,SEIZURE - 12D2 MULTIPLE,2026-06-28 16:59:44
39.1370840000597,-84.523722,2026-06-28T16:59:56.000,FAINT - 31D2 ABNORMAL BREATH,2026-06-28 16:59:56
39.0983480000598,-84.52649,2026-06-28T17:08:04.000,FAINT - 31C2,2026-06-28 17:08:04
39.1579090000597,-84.52655,2026-06-28T17:16:55.000,CHESTPN - 10D2 DIFF SPEAKING,2026-06-28 17:16:55
39.1880020000597,-84.428556,2026-06-28T17:25:43.000,"OD - (C) 23C1A NOT ALERT, ACC",2026-06-28 17:25:43
39.1278300000598,-84.509746,2026-06-28T17:46:24.000,EMS,2026-06-28 17:46:24
39.1319180000597,-84.503003,2026-06-28T17:49:07.000,PERDWN - 32B2 MEDICAL ALARM,2026-06-28 17:49:07
39.1284500000598,-84.509246,2026-06-28T17:50:12.000,=EMS - (C),2026-06-28 17:50:12
39.1547280000597,-84.410773,2026-06-28T18:00:07.000,SEIZURE - 12D2 MULTIPLE,2026-06-28 18:00:07
39.2014760000597,-84.472117,2026-06-28T18:00:59.000,=EMS2 - ALS2 RESPONSE,2026-06-28 18:00:59
39.1441110000597,-84.592719,2026-06-28T18:05:12.000,FAINT - 31D4 NOT ALERT,2026-06-28 18:05:12
39.1020100000598,-84.563558,2026-06-28T18:10:58.000,FALL - 17A2,2026-06-28 18:10:58
39.1403480000597,-84.439532,2026-06-28T18:23:53.000,BLEED - 21A1,2026-06-28 18:23:53
39.1617520000597,-84.545728,2026-06-28T18:25:18.000,PERDWN - 32D1 UNKNOWN,2026-06-28 18:25:18
39.1565970000597,-84.573321,2026-06-28T18:29:46.000,FALL - 17B4,2026-06-28 18:29:46
39.1311010000597,-84.590561,2026-06-28T18:31:14.000,FAINT - 31D1 AGONAL BREATHING,2026-06-28 18:31:14
39.1212240000598,-84.515637,2026-06-28T18:33:33.000,"BLEED - 21B2T SERIOUS, TRAUMA",2026-06-28 18:33:33
39.1996320000597,-84.546079,2026-06-28T18:37:10.000,CHESTPN - 10C1 ABNORMAL BREATH,2026-06-28 18:37:10
39.2133520000597,-84.534777,2026-06-28T18:38:57.000,CHESTPN - 10C1 ABNORMAL BREATH,2026-06-28 18:38:57
39.1471510000597,-84.495473,2026-06-28T18:45:05.000,SEIZURE - 12A2,2026-06-28 18:45:05
39.1701620000597,-84.462969,2026-06-28T18:45:11.000,FAINT - 31C2,2026-06-28 18:45:11
39.0949540000598,-84.398533,2026-06-28T18:55:53.000,FALL - 17A2,2026-06-28 18:55:53
39.1248160000597,-84.562055,2026-06-28T18:56:46.000,CHESTPN - 10D2 DIFF SPEAKING,2026-06-28 18:56:46
39.1870740000597,-84.467954,2026-06-28T19:00:05.000,CHESTPN - 10D2 DIFF SPEAKING,2026-06-28 19:00:05
39.1243530000598,-84.484659,2026-06-28T19:03:15.000,SICK - 26C2 ABNORMAL BREATH,2026-06-28 19:03:15
39.1342940000597,-84.49716,2026-06-28T19:13:35.000,PERDWN - 32D1 UNKNOWN,2026-06-28 19:13:35
39.1609430000597,-84.39937,2026-06-28T19:18:29.000,FALL - 17B4,2026-06-28 19:18:29
39.1463310000597,-84.495113,2026-06-28T19:25:01.000,CHESTPN - 10D3 CHANGING COLOR,2026-06-28 19:25:01
39.1256100000597,-84.486715,2026-06-28T19:28:38.000,BLEED - 21D4 DANGEROUS BLEED,2026-06-28 19:28:38
39.1614130000598,-84.421707,2026-06-28T19:32:51.000,FAINT - 31D4 NOT ALERT,2026-06-28 19:32:51
39.1415320000597,-84.491555,2026-06-28T19:33:06.000,CHESTPN - 10C1 ABNORMAL BREATH,2026-06-28 19:33:06
39.1443890000597,-84.59331,2026-06-28T19:34:10.000,BLEED - 21D4 DANGEROUS BLEED,2026-06-28 19:34:10
39.0939650000598,-84.384862,2026-06-28T19:49:03.000,FAINT - 31C1 ABNORMAL BREATH,2026-06-28 19:49:03
39.1095190000598,-84.506408,2026-06-28T19:53:42.000,ASSLTI - (C) =,2026-06-28 19:53:42
39.1522230000597,-84.491372,2026-06-28T19:55:34.000,=EMS1 - ALS1 RESPONSE,2026-06-28 19:55:34
39.1913160000597,-84.517501,2026-06-28T19:56:24.000,ASSLTI - (C) =,2026-06-28 19:56:24
39.1814160000597,-84.585961,2026-06-28T19:57:44.000,FALL - 17B4,2026-06-28 19:57:44
39.1325810000598,-84.46451,2026-06-28T19:57:59.000,CHESTPN - 10C3,2026-06-28 19:57:59
39.2056950000597,-84.456491,2026-06-28T20:04:46.000,BREATH - 6C1E EMPHYSEMA,2026-06-28 20:04:46
39.1071330000598,-84.571832,2026-06-28T20:07:11.000,DOMINJ - (C) =,2026-06-28 20:07:11
39.1643560000597,-84.395079,2026-06-28T20:08:08.000,=EMS - (C),2026-06-28 20:08:08
39.1918510000597,-84.457159,2026-06-28T20:21:27.000,ABDOM - 1D1 NOT ALERT,2026-06-28 20:21:27
39.1410760000597,-84.612048,2026-06-28T20:24:23.000,EMS,2026-06-28 20:24:23
39.1406120000597,-84.45535,2026-06-28T20:49:40.000,SICK - 26D1 NOT ALERT,2026-06-28 20:49:40
39.1661880000597,-84.554038,2026-06-28T20:57:54.000,BREATH - 6D2,2026-06-28 20:57:54
39.1382600000597,-84.513256,2026-06-28T21:09:16.000,PERDWN - 32D1 UNKNOWN,2026-06-28 21:09:16
39.1395690000597,-84.512996,2026-06-28T21:14:45.000,PERDWN - 32D1 UNKNOWN,2026-06-28 21:14:45
39.1334850000597,-84.485451,2026-06-28T21:22:28.000,BREATH - 6C1,2026-06-28 21:22:28
39.1522190000597,-84.532948,2026-06-28T21:28:34.000,BREATH - 6D2E EMPHYSEMA,2026-06-28 21:28:34
39.1023910000598,-84.512403,2026-06-28T21:35:46.000,=EMS - (C),2026-06-28 21:35:46
39.1393060000597,-84.606517,2026-06-28T21:38:31.000,FALL - 17D4 NOT ALERT,2026-06-28 21:38:31
39.1158700000598,-84.565401,2026-06-28T21:43:19.000,BLEED - 21D3 NOT ALERT,2026-06-28 21:43:19
39.1782030000597,-84.442093,2026-06-28T21:45:25.000,FALL - 17A2,2026-06-28 21:45:25
39.1144980000598,-84.689367,2026-06-28T21:55:53.000,BREATH - 6D2E EMPHYSEMA,2026-06-28 21:55:53
39.1392560000598,-84.494188,2026-06-28T21:56:17.000,PERDWN - 32D1 UNKNOWN,2026-06-28 21:56:17
39.1109620000598,-84.583738,2026-06-28T22:06:41.000,BREATH - 6D4 CLAMMY,2026-06-28 22:06:41
39.1121200000598,-84.515458,2026-06-28T22:07:31.000,PERDWN - 32D1 UNKNOWN,2026-06-28 22:07:31
39.1459980000597,-84.492925,2026-06-28T22:10:23.000,DOMINJ - (C) =,2026-06-28 22:10:23
39.1271010000598,-84.516262,2026-06-28T22:20:05.000,SICK - 26A1,2026-06-28 22:20:05
39.1091030000598,-84.526792,2026-06-28T22:39:43.000,SICK - 26A8 PAIN,2026-06-28 22:39:43
39.1608980000597,-84.503918,2026-06-28T22:42:31.000,ASSLTI - (C) =,2026-06-28 22:42:31
39.0925160000598,-84.385339,2026-06-28T23:02:06.000,ABDOM - 1A1,2026-06-28 23:02:06
39.1377870000597,-84.575704,2026-06-28T23:08:56.000,SICK - 26C2 ABNORMAL BREATH,2026-06-28 23:08:56
39.1073480000598,-84.58297,2026-06-28T23:38:28.000,SICK - 26A8 PAIN,2026-06-28 23:38:28
39.1751880000597,-84.472077,2026-06-28T23:52:35.000,SICK - 26O6 CATHETER,2026-06-28 23:52:35
39.1769560000597,-84.463529,2026-06-29T00:09:33.000,SICK - 26A8 PAIN,2026-06-29 00:09:33
39.1337770000598,-84.488949,2026-06-29T00:29:46.000,EMS - (C) =,2026-06-29 00:29:46
39.1500630000597,-84.508257,2026-06-29T00:43:06.000,HEADACHE - 18C7C POSS STROKE,2026-06-29 00:43:06
39.1414540000598,-84.532546,2026-06-29T01:01:15.000,DIABETIC - 13A1,2026-06-29 01:01:15
39.1426320000597,-84.553184,2026-06-29T01:19:36.000,DOMINJ - (C) =,2026-06-29 01:19:36
39.1156610000598,-84.52793,2026-06-29T01:35:32.000,SICK - 26O11 DIARRHEA,2026-06-29 01:35:32
39.1993370000597,-84.516838,2026-06-29T01:37:28.000,FALL - 17B4,2026-06-29 01:37:28
39.1423620000597,-84.552554,2026-06-29T01:40:53.000,=DOMINJ - (C),2026-06-29 01:40:53
39.1700770000597,-84.406408,2026-06-29T01:49:17.000,FALL - 17B1,2026-06-29 01:49:17
39.1134000000598,-84.593355,2026-06-29T02:00:41.000,EMS,2026-06-29 02:00:41
39.1044840000598,-84.571561,2026-06-29T02:03:24.000,LIFT - 17A4,2026-06-29 02:03:24
39.1308240000598,-84.585719,2026-06-29T02:06:24.000,PERDWN - 32D1 UNKNOWN,2026-06-29 02:06:24
39.1452570000597,-84.487819,2026-06-29T02:06:41.000,SICK - 26C2 ABNORMAL BREATH,2026-06-29 02:06:41
39.1145690000597,-84.559016,2026-06-29T02:10:18.000,BREATH - 6D2,2026-06-29 02:10:18
39.1109560000598,-84.600532,2026-06-29T02:17:15.000,ABDOM - 1C6,2026-06-29 02:17:15
39.1148700000598,-84.579693,2026-06-29T02:30:16.000,BREATH - 6D2E EMPHYSEMA,2026-06-29 02:30:16
39.1220090000598,-84.500545,2026-06-29T02:35:21.000,"OD - (C) 23C1A NOT ALERT, ACC",2026-06-29 02:35:21
39.1577520000598,-84.49231,2026-06-29T02:35:21.000,CHESTPN - 10D2 DIFF SPEAKING,2026-06-29 02:35:21
39.1101240000597,-84.585348,2026-06-29T04:06:02.000,FALL - 17B3 STAIRS,2026-06-29 04:06:02
39.1249620000597,-84.578258,2026-06-29T04:07:10.000,SICK - 26A1,2026-06-29 04:07:10
39.1952180000597,-84.526933,2026-06-29T04:15:12.000,BREATH - 6D2E EMPHYSEMA,2026-06-29 04:15:12
39.1545030000597,-84.485618,2026-06-29T04:43:53.000,BREATH - 6E1E EMPHYSEMA,2026-06-29 04:43:53
39.1420080000597,-84.439542,2026-06-29T04:58:59.000,BREATH - 6C1O,2026-06-29 04:58:59
39.0873310000598,-84.574045,2026-06-29T05:15:22.000,"OD - (C) 23C1A NOT ALERT, ACC",2026-06-29 05:15:22
39.1381470000598,-84.599503,2026-06-29T05:30:34.000,FALL - 17B4,2026-06-29 05:30:34
39.1169020000598,-84.695775,2026-06-29T05:50:40.000,FALL - 17B4,2026-06-29 05:50:40
39.1428070000597,-84.584544,2026-06-29T06:28:47.000,SICK - 26O20 OBJECT STUCK,2026-06-29 06:28:47
39.1294010000597,-84.511564,2026-06-29T06:38:14.000,SICK - 26B1,2026-06-29 06:38:14
39.2033270000597,-84.566519,2026-06-29T06:40:10.000,=ASSLTI - (C),2026-06-29 06:40:10
39.1748670000597,-84.514822,2026-06-29T06:47:26.000,CHESTPN - 10D1 NOT ALERT,2026-06-29 06:47:26
39.1926990000597,-84.545271,2026-06-29T06:58:47.000,ARREST - 9E1 NOT BREATHING,2026-06-29 06:58:47
39.1171330000598,-84.497559,2026-06-29T07:11:18.000,=EMS1 - ALS1 RESPONSE,2026-06-29 07:11:18
39.1046410000598,-84.521095,2026-06-29T07:29:32.000,DOMINJ - (C) =,2026-06-29 07:29:32
39.1944310000597,-84.548369,2026-06-29T07:44:27.000,LIFT - 53A2,2026-06-29 07:44:27
39.1840730000597,-84.464575,2026-06-29T07:52:48.000,PERDWN - 32D1 UNKNOWN,2026-06-29 07:52:48
39.1180240000597,-84.529961,2026-06-29T08:07:38.000,"PREG - 24D5C HI RISK, PRETERM",2026-06-29 08:07:38
39.1518850000597,-84.484031,2026-06-29T08:09:02.000,ASSLTI - (C) =,2026-06-29 08:09:02
39.1601390000597,-84.505441,2026-06-29T08:09:29.000,PERDWN - 32D1 UNKNOWN,2026-06-29 08:09:29
39.2056220000597,-84.554105,2026-06-29T08:24:11.000,SICK - 26C2 ABNORMAL BREATH,2026-06-29 08:24:11
39.2040220000597,-84.554585,2026-06-29T08:27:31.000,BREATH - 6D4A ASTHMA,2026-06-29 08:27:31
39.1970460000597,-84.50676,2026-06-29T08:28:16.000,FALL - 17B1,2026-06-29 08:28:16
39.1760520000597,-84.415551,2026-06-29T08:37:34.000,SICK - 26A8 PAIN,2026-06-29 08:37:34
39.1652310000597,-84.548178,2026-06-29T08:45:05.000,PERDWN - 32D1 UNKNOWN,2026-06-29 08:45:05
39.1288120000597,-84.556006,2026-06-29T08:49:31.000,SEIZURE - 12A2,2026-06-29 08:49:31
39.1478720000597,-84.489034,2026-06-29T08:56:05.000,PERDWN - 32B2 MEDICAL ALARM,2026-06-29 08:56:05
39.1069900000598,-84.50941,2026-06-29T09:00:24.000,BREATH - 6C1,2026-06-29 09:00:24
39.1627780000597,-84.509051,2026-06-29T09:36:46.000,PERDWN - 32D1 UNKNOWN,2026-06-29 09:36:46
39.1254950000597,-84.501237,2026-06-29T09:45:33.000,ABDOM - 1C6,2026-06-29 09:45:33
39.1052770000598,-84.503681,2026-06-29T09:52:03.000,BLEED - 21B1 DANGEROUS,2026-06-29 09:52:03
39.1481460000597,-84.512142,2026-06-29T09:54:58.000,BREATH - 6D1E NOT ALERT,2026-06-29 09:54:58
39.1065500000598,-84.50905,2026-06-29T10:00:15.000,SICK - 26B1,2026-06-29 10:00:15
39.1139050000598,-84.517634,2026-06-29T10:04:49.000,=EMS1 - ALS1 RESPONSE,2026-06-29 10:04:49
39.1392940000597,-84.604769,2026-06-29T10:14:10.000,HEARTPRB - 19C4 CARDIAC HX,2026-06-29 10:14:10
39.1613730000597,-84.407996,2026-06-29T10:14:24.000,HEARTPRB - 19C4 CARDIAC HX,2026-06-29 10:14:24
39.1518550000597,-84.485906,2026-06-29T10:19:47.000,ABDOM - 1C4,2026-06-29 10:19:47
39.1557720000597,-84.402667,2026-06-29T10:22:59.000,FAINT - 31A1,2026-06-29 10:22:59
39.1393600000597,-84.605741,2026-06-29T10:23:43.000,311 TRANSFER FOR EMS,2026-06-29 10:23:43
39.1407600000598,-84.484769,2026-06-29T10:26:03.000,SICK - 26C1 ALTERED LOC,2026-06-29 10:26:03
39.1374140000597,-84.578876,2026-06-29T10:27:22.000,BREATH - 6D2E EMPHYSEMA,2026-06-29 10:27:22
39.1458060000597,-84.484056,2026-06-29T10:29:23.000,FALL - 17A2,2026-06-29 10:29:23
39.1616530000597,-84.407236,2026-06-29T10:29:37.000,SICK - 26A11 VOMITING,2026-06-29 10:29:37
39.1277480000598,-84.484738,2026-06-29T10:31:19.000,CHESTPN - 10C1 ABNORMAL BREATH,2026-06-29 10:31:19
39.1056770000598,-84.503051,2026-06-29T10:33:42.000,BLEED - 21D5 ABNORMAL BREATH,2026-06-29 10:33:42
39.1771530000597,-84.413333,2026-06-29T10:45:37.000,ARREST - 9E1 NOT BREATHING,2026-06-29 10:45:37
39.1269240000597,-84.47769,2026-06-29T10:57:03.000,FALL - 17B4,2026-06-29 10:57:03
39.1578620000597,-84.400207,2026-06-29T11:03:16.000,SICK - 26A8 PAIN,2026-06-29 11:03:16
39.1106640000597,-84.598945,2026-06-29T11:11:49.000,FAINT - 31C3 ABDOMINAL PAIN,2026-06-29 11:11:49
39.1870250000597,-84.511047,2026-06-29T11:15:50.000,ABDOM - 1A1,2026-06-29 11:15:50
39.0920360000598,-84.574854,2026-06-29T11:19:02.000,ASSLTI - (C)(W) =,2026-06-29 11:19:02
39.1737310000597,-84.429171,2026-06-29T11:30:20.000,SICK - 26D1 NOT ALERT,2026-06-29 11:30:20
39.1323150000598,-84.478528,2026-06-29T11:35:45.000,CHESTPN - 10C3,2026-06-29 11:35:45
39.1276730000597,-84.549703,2026-06-29T11:36:40.000,OD - (C) 23O1 ACCIDENTAL,2026-06-29 11:36:40
39.1456130000597,-84.468136,2026-06-29T11:37:14.000,FALL - 17A3 NON RECENT,2026-06-29 11:37:14
39.1478990000597,-84.572047,2026-06-29T11:39:46.000,ABDOM - 1C5,2026-06-29 11:39:46
39.2028170000597,-84.544828,2026-06-29T11:42:04.000,SICK - 26A3 VERTIGO,2026-06-29 11:42:04
39.1764390000597,-84.484933,2026-06-29T11:52:06.000,ABDOM - 1A1,2026-06-29 11:52:06
39.1126970000597,-84.59072,2026-06-29T11:56:52.000,ABDOM - 1A1,2026-06-29 11:56:52
39.1762520000597,-84.438426,2026-06-29T11:59:37.000,FAINT - 31D2 ABNORMAL BREATH,2026-06-29 11:59:37
39.1418480000597,-84.494699,2026-06-29T12:11:21.000,FAINT - 31C2,2026-06-29 12:11:21
39.1560620000597,-84.402567,2026-06-29T12:13:29.000,CHESTPN - 10D1 NOT ALERT,2026-06-29 12:13:29
39.2012760000597,-84.456763,2026-06-29T12:16:17.000,STROKE - 28C1F CLEAR EVIDENCE,2026-06-29 12:16:17
39.1449820000598,-84.584008,2026-06-29T12:23:58.000,BREATH - 6D2A ASTHMA,2026-06-29 12:23:58
39.1902840000597,-84.456773,2026-06-29T12:37:55.000,FALL - 17B1,2026-06-29 12:37:55
39.1400040000597,-84.581364,2026-06-29T12:40:30.000,SEIZURE - 12B1,2026-06-29 12:40:30
39.1135200000598,-84.528538,2026-06-29T12:45:49.000,=EMS1 - ALS1 RESPONSE,2026-06-29 12:45:49
39.1366880000597,-84.456121,2026-06-29T13:06:57.000,FALL - 17B4,2026-06-29 13:06:57
39.1047010000598,-84.514567,2026-06-29T13:13:26.000,CHESTPN - 10D4 CLAMMY,2026-06-29 13:13:26
39.1059500000598,-84.509268,2026-06-29T13:15:48.000,FAINT - 31D4 NOT ALERT,2026-06-29 13:15:48
39.1732470000597,-84.466219,2026-06-29T13:22:15.000,BREATH - 6D2,2026-06-29 13:22:15
39.1734870000597,-84.466899,2026-06-29T13:22:56.000,BREATH - 6D2,2026-06-29 13:22:56
39.1919320000597,-84.461149,2026-06-29T13:30:15.000,PERDWN - 32B2 MEDICAL ALARM,2026-06-29 13:30:15
39.1427140000597,-84.620501,2026-06-29T13:31:10.000,SICK - 26A5 GEN WEAKNESS,2026-06-29 13:31:10
39.1305260000598,-84.599243,2026-06-29T13:35:31.000,SICK - 26C1 ALTERED LOC,2026-06-29 13:35:31
39.1592610000598,-84.50448,2026-06-29T13:35:33.000,EMS,2026-06-29 13:35:33
39.1523130000597,-84.440434,2026-06-29T13:51:42.000,SEIZURE - 12D2 MULTIPLE,2026-06-29 13:51:42
39.1659060000597,-84.512353,2026-06-29T13:52:58.000,ASSLTI - (C)(W) =,2026-06-29 13:52:58
39.1297400000597,-84.484387,2026-06-29T13:54:16.000,=PERDWN,2026-06-29 13:54:16
39.1245360000598,-84.488531,2026-06-29T13:58:29.000,SEIZURE - 12D2 MULTIPLE,2026-06-29 13:58:29
39.1047810000598,-84.49945,2026-06-29T14:22:56.000,SICK - 26C1 ALTERED LOC,2026-06-29 14:22:56
39.1428980000597,-84.613896,2026-06-29T14:30:22.000,SICK - 26A3 VERTIGO,2026-06-29 14:30:22
39.1286350000598,-84.481276,2026-06-29T14:39:14.000,DIABETIC - 13A1,2026-06-29 14:39:14
39.1373850000597,-84.529637,2026-06-29T14:48:10.000,SICK - 26A2 ABNORMAL BP,2026-06-29 14:48:10
39.1064330000598,-84.496072,2026-06-29T14:54:23.000,FALL - 17A2,2026-06-29 14:54:23
39.1190250000598,-84.49839,2026-06-29T14:56:21.000,PERDWN - 32D1 UNKNOWN,2026-06-29 14:56:21
39.0909730000598,-84.570662,2026-06-29T14:57:40.000,CHESTPN - 10D5 CARDIAC HX,2026-06-29 14:57:40
39.1884110000597,-84.467975,2026-06-29T14:59:47.000,INJF - 30B2 BLEEDING,2026-06-29 14:59:47
39.1208300000597,-84.529301,2026-06-29T15:02:57.000,PERDWN - 32D1 UNKNOWN,2026-06-29 15:02:57
39.1920520000597,-84.462049,2026-06-29T15:17:35.000,PERDWN - 32B2 MEDICAL ALARM,2026-06-29 15:17:35
39.1554300000597,-84.404251,2026-06-29T15:17:52.000,SICK - 26A8 PAIN,2026-06-29 15:17:52
39.1311320000598,-84.509674,2026-06-29T15:20:20.000,=PERDWN,2026-06-29 15:20:20
39.1606930000597,-84.408056,2026-06-29T15:51:50.000,SICK - 26A1,2026-06-29 15:51:50
39.1308060000597,-84.611094,2026-06-29T15:59:19.000,PERDWN - 32D1 UNKNOWN,2026-06-29 15:59:19
39.2004270000597,-84.515828,2026-06-29T16:08:46.000,BREATH - 6C1,2026-06-29 16:08:46
39.1101850000598,-84.572413,2026-06-29T16:22:27.000,ASSLTI - (C) =,2026-06-29 16:22:27
39.1739160000597,-84.544481,2026-06-29T16:25:01.000,SICK - 26C1 ALTERED LOC,2026-06-29 16:25:01
39.1265380000598,-84.553138,2026-06-29T16:26:31.000,FALL - 17B4,2026-06-29 16:26:31
39.1283940000598,-84.497265,2026-06-29T16:54:55.000,LIFT - 17A4,2026-06-29 16:54:55
39.0967450000598,-84.379076,2026-06-29T16:58:02.000,CHESTPN - 10C1 ABNORMAL BREATH,2026-06-29 16:58:02
39.1875150000597,-84.545732,2026-06-29T17:02:33.000,BREATH - 6D2,2026-06-29 17:02:33
39.1345050000597,-84.478068,2026-06-29T17:13:38.000,SICK - 26A8 PAIN,2026-06-29 17:13:38
39.2042720000597,-84.555125,2026-06-29T17:14:01.000,LIFT - 53A2,2026-06-29 17:14:01
39.1349530000598,-84.503121,2026-06-29T17:15:38.000,FAINT - 31C1 ABNORMAL BREATH,2026-06-29 17:15:38
39.1027660000598,-84.520833,2026-06-29T17:16:57.000,SICK - 26A1,2026-06-29 17:16:57
39.1804400000597,-84.428385,2026-06-29T17:30:20.000,SICK - 26C1 ALTERED LOC,2026-06-29 17:30:20
39.1101570000598,-84.52418,2026-06-29T17:31:36.000,SEIZURE - 12D2 MULTIPLE,2026-06-29 17:31:36
39.1067920000598,-84.528305,2026-06-29T17:39:52.000,BLEED - 21D3 NOT ALERT,2026-06-29 17:39:52
39.1714450000597,-84.436165,2026-06-29T17:42:17.000,BREATH - 6C1,2026-06-29 17:42:17
39.1507640000597,-84.57438,2026-06-29T17:42:36.000,SICK - 26A8 PAIN,2026-06-29 17:42:36
39.1069580000598,-84.5773,2026-06-29T17:51:17.000,BLEED - 21A1,2026-06-29 17:51:17
39.1306630000598,-84.510323,2026-06-29T17:51:51.000,OD - (C) 23C1I INTENTIONAL,2026-06-29 17:51:51
39.1061320000597,-84.68781,2026-06-29T18:08:43.000,FAINT - 31D2 ABNORMAL BREATH,2026-06-29 18:08:43
39.1943350000597,-84.545385,2026-06-29T18:15:24.000,OD - (C) 23O1 ACCIDENTAL,2026-06-29 18:15:24
39.1670650000597,-84.387735,2026-06-29T18:19:37.000,FALL - 17A2,2026-06-29 18:19:37
39.1467270000597,-84.488916,2026-06-29T18:37:57.000,=EMS1 - ALS1 RESPONSE,2026-06-29 18:37:57
39.1072790000597,-84.508918,2026-06-29T18:40:44.000,CHESTPN - 10C3,2026-06-29 18:40:44
39.1007430000598,-84.513818,2026-06-29T18:51:07.000,=EMS1 - ALS1 RESPONSE,2026-06-29 18:51:07
39.1568790000597,-84.52539,2026-06-29T19:07:01.000,BREATH - 6C1,2026-06-29 19:07:01
39.1329750000597,-84.573321,2026-06-29T19:08:02.000,"FUMES - 66C1 SICK, INSIDE",2026-06-29 19:08:02
39.1266150000597,-84.57474,2026-06-29T19:08:43.000,EMS,2026-06-29 19:08:43
39.1459190000597,-84.567267,2026-06-29T19:13:53.000,SICK - 26A8 PAIN,2026-06-29 19:13:53
39.1150990000598,-84.510911,2026-06-29T19:35:41.000,SICK - 26A5 GEN WEAKNESS,2026-06-29 19:35:41
39.1099630000598,-84.572607,2026-06-29T19:37:38.000,SEIZURE - 12C4,2026-06-29 19:37:38
39.1103530000598,-84.571137,2026-06-29T19:38:23.000,SEIZURE - 12A2,2026-06-29 19:38:23
39.0970590000598,-84.507773,2026-06-29T19:41:37.000,PERDWN - 32B3 UNKNOWN,2026-06-29 19:41:37
39.1435800000598,-84.48964,2026-06-29T19:49:13.000,BREATH - 6D1A NOT ALERT,2026-06-29 19:49:13
39.1425940000597,-84.623418,2026-06-29T19:56:05.000,LIFT - 17A4,2026-06-29 19:56:05
39.1131010000598,-84.419883,2026-06-29T19:59:51.000,=PERDWN,2026-06-29 19:59:51
39.1007010000598,-84.516861,2026-06-29T20:08:00.000,PERDWN - 32D1 UNKNOWN,2026-06-29 20:08:00
39.1377760000597,-84.621304,2026-06-29T20:13:00.000,SICK - 26A11 VOMITING,2026-06-29 20:13:00
39.1334430000598,-84.503713,2026-06-29T20:32:19.000,BREATH - 6C1,2026-06-29 20:32:19
39.1443180000597,-84.476922,2026-06-29T20:37:41.000,SEIZURE - 12D2 MULTIPLE,2026-06-29 20:37:41
39.1454310000597,-84.429744,2026-06-29T20:42:47.000,SICK - 26C2 ABNORMAL BREATH,2026-06-29 20:42:47
39.1885800000597,-84.41018,2026-06-29T20:44:19.000,EMS,2026-06-29 20:44:19
39.1546430000597,-84.501206,2026-06-29T20:49:30.000,EMS - (C)(W) =,2026-06-29 20:49:30
39.1183590000597,-84.526584,2026-06-29T20:54:01.000,FAINT - 31D4 NOT ALERT,2026-06-29 20:54:01
39.1387470000598,-84.438042,2026-06-29T21:03:29.000,=EMS - (C),2026-06-29 21:03:29
39.1125080000598,-84.510176,2026-06-29T21:04:45.000,PERDWN - 32B2 MEDICAL ALARM,2026-06-29 21:04:45
39.1056210000598,-84.597975,2026-06-29T21:08:28.000,FALL - 17D4 NOT ALERT,2026-06-29 21:08:28
39.1047440000598,-84.516528,2026-06-29T21:14:44.000,=OD - (C),2026-06-29 21:14:44
39.1280140000598,-84.497655,2026-06-29T21:29:03.000,LIFT - 17A4,2026-06-29 21:29:03
39.0936300000598,-84.387167,2026-06-29T21:31:39.000,DOMINJ - (C) =,2026-06-29 21:31:39
39.1286340000598,-84.498685,2026-06-29T21:32:10.000,LIFT - 17A4,2026-06-29 21:32:10
39.1773740000597,-84.472552,2026-06-29T21:33:04.000,BREATH - 6D4A ASTHMA,2026-06-29 21:33:04
39.1112180000598,-84.527344,2026-06-29T21:35:03.000,ASSLTI - (C) =,2026-06-29 21:35:03
39.2147690000597,-84.534999,2026-06-29T21:59:24.000,SEIZURE - 12C5 STROKE HX,2026-06-29 21:59:24
39.1573710000597,-84.561114,2026-06-29T22:08:24.000,FALL - 17B1,2026-06-29 22:08:24
39.1200550000597,-84.588679,2026-06-29T22:22:24.000,SICK - 26D1 NOT ALERT,2026-06-29 22:22:24
39.1265310000597,-84.600471,2026-06-29T22:26:11.000,"OD - (C) 23E1A ARREST, ACC",2026-06-29 22:26:11
39.1623940000597,-84.533984,2026-06-29T22:28:29.000,EMS,2026-06-29 22:28:29
39.0961550000598,-84.379676,2026-06-29T22:31:49.000,PERDWN - 32B3 UNKNOWN,2026-06-29 22:31:49
39.1111190000598,-84.568415,2026-06-29T22:59:28.000,BURN - 7B2,2026-06-29 22:59:28
39.1397030000598,-84.606426,2026-06-29T23:02:43.000,PERDWN - 32D1 UNKNOWN,2026-06-29 23:02:43
39.1623700000597,-84.54002,2026-06-29T23:14:07.000,FALL - 17A2,2026-06-29 23:14:07
39.1270380000598,-84.486358,2026-06-29T23:18:08.000,CHESTPN - 10C1 ABNORMAL BREATH,2026-06-29 23:18:08
39.1183610000598,-84.56097,2026-06-29T23:23:54.000,PREG - 24C4 ABDOMINAL PAIN,2026-06-29 23:23:54
39.0891080000598,-84.383447,2026-06-29T23:38:36.000,SICK - 26C1 ALTERED LOC,2026-06-29 23:38:36
39.1496650000597,-84.497578,2026-06-29T23:44:28.000,FAINT - 31D3,2026-06-29 23:44:28
39.1569020000597,-84.54309,2026-06-29T23:48:58.000,ABDOM - 1A1,2026-06-29 23:48:58
39.1633840000597,-84.537495,2026-06-29T23:52:16.000,OD - (C) 23D2A ACCIDENTAL,2026-06-29 23:52:16
39.1565470000597,-84.559707,2026-06-29T23:57:05.000,PERDWN - 32D1 UNKNOWN,2026-06-29 23:57:05
39.1516420000597,-84.486354,2026-06-29T23:58:35.000,EMS,2026-06-29 23:58:35
39.1155690000597,-84.558766,2026-06-30T00:29:09.000,BREATH - 6E1E EMPHYSEMA,2026-06-30 00:29:09
39.1067650000597,-84.565674,2026-06-30T00:41:31.000,OD - (C) 23B1I INTENTIONAL,2026-06-30 00:41:31
39.1866100000597,-84.48873,2026-06-30T00:49:14.000,EMS,2026-06-30 00:49:14
39.1572460000597,-84.478301,2026-06-30T00:49:54.000,EMS,2026-06-30 00:49:54
39.1450090000597,-84.518726,2026-06-30T01:01:41.000,BREATH - 6D4 CLAMMY,2026-06-30 01:01:41
39.2141100000597,-84.487124,2026-06-30T01:32:06.000,CHESTPN - 10C3,2026-06-30 01:32:06
39.0915270000598,-84.393052,2026-06-30T01:36:35.000,FALL - 17A3 NON RECENT,2026-06-30 01:36:35
39.1154020000597,-84.514463,2026-06-30T01:38:14.000,BREATH - 6D2A ASTHMA,2026-06-30 01:38:14
39.1770500000597,-84.438947,2026-06-30T02:04:57.000,SICK - 26C2 ABNORMAL BREATH,2026-06-30 02:04:57
39.1800520000597,-84.462479,2026-06-30T03:24:22.000,FALL - 17B4,2026-06-30 03:24:22
39.1158000000598,-84.520109,2026-06-30T04:27:20.000,CHESTPN - 10C3,2026-06-30 04:27:20
39.1083210000598,-84.579687,2026-06-30T04:39:12.000,"PREG - 24D3C IMMINENT, PRETERM",2026-06-30 04:39:12
39.1074320000598,-84.568101,2026-06-30T04:42:11.000,SEIZURE - 12D2 MULTIPLE,2026-06-30 04:42:11
39.1757310000597,-84.545215,2026-06-30T05:15:40.000,FALL - 17B4,2026-06-30 05:15:40
39.1982680000597,-84.475772,2026-06-30T05:39:40.000,SICK - 26A8 PAIN,2026-06-30 05:39:40
39.1717840000597,-84.468342,2026-06-30T05:48:46.000,BLEED - 21D5 ABNORMAL BREATH,2026-06-30 05:48:46
39.2082090000597,-84.45899,2026-06-30T05:49:15.000,FALL - 17B1,2026-06-30 05:49:15
39.1994170000597,-84.457828,2026-06-30T06:17:59.000,FALL - 17D4 NOT ALERT,2026-06-30 06:17:59
39.1638180000597,-84.510301,2026-06-30T06:22:52.000,PERDWN - 32D1 UNKNOWN,2026-06-30 06:22:52
39.1609230000597,-84.406446,2026-06-30T06:41:29.000,STROKE - 28C1 NOT ALERT,2026-06-30 06:41:29
39.1051030000598,-84.513075,2026-06-30T07:24:31.000,SICK - 26A8 PAIN,2026-06-30 07:24:31
39.1465180000597,-84.466917,2026-06-30T07:57:26.000,SICK - 26D1 NOT ALERT,2026-06-30 07:57:26
39.1074600000598,-84.50907,2026-06-30T07:59:14.000,BLEED - 21D3 NOT ALERT,2026-06-30 07:59:14
39.1490700000597,-84.489753,2026-06-30T08:00:22.000,BREATH - 6D4 CLAMMY,2026-06-30 08:00:22
39.1184810000598,-84.56131,2026-06-30T08:11:47.000,FALL - 17A2,2026-06-30 08:11:47
39.1370560000597,-84.50368,2026-06-30T08:12:19.000,FAINT - 31D4 NOT ALERT,2026-06-30 08:12:19
39.2006660000597,-84.457018,2026-06-30T08:17:53.000,EMS - (C) =,2026-06-30 08:17:53
39.1612510000597,-84.396054,2026-06-30T08:18:03.000,ABDOM - 1C3,2026-06-30 08:18:03
39.0883090000598,-84.569152,2026-06-30T08:24:26.000,BREATH - 6C1O,2026-06-30 08:24:26
39.0773420000598,-84.622447,2026-06-30T08:30:32.000,=EMS1 - ALS1 RESPONSE,2026-06-30 08:30:32
39.1225870000597,-84.596674,2026-06-30T08:33:26.000,DOMINJ - (C) =,2026-06-30 08:33:26
39.1642480000597,-84.513987,2026-06-30T08:46:50.000,BREATH - 6D1A NOT ALERT,2026-06-30 08:46:50
39.1239840000598,-84.594278,2026-06-30T08:49:38.000,"BLEED - 21B2T SERIOUS, TRAUMA",2026-06-30 08:49:38
39.1378230000598,-84.509091,2026-06-30T08:50:51.000,FALL - 17D4 NOT ALERT,2026-06-30 08:50:51
39.1004910000598,-84.562212,2026-06-30T09:22:23.000,"OD - (C) 23C1A NOT ALERT, ACC",2026-06-30 09:22:23
39.1544000000597,-84.402911,2026-06-30T09:54:58.000,CHESTPN - 10D4 CLAMMY,2026-06-30 09:54:58
39.2159170000597,-84.487429,2026-06-30T09:55:50.000,DIABETIC - 13C1 NOT ALERT,2026-06-30 09:55:50
39.1823220000597,-84.513521,2026-06-30T09:58:35.000,BREATH - 6C1,2026-06-30 09:58:35
39.1786970000597,-84.511844,2026-06-30T10:03:50.000,BREATH - 6D2,2026-06-30 10:03:50
39.1340130000597,-84.589823,2026-06-30T10:09:00.000,SEIZURE - 12D2 MULTIPLE,2026-06-30 10:09:00
39.1497750000597,-84.497018,2026-06-30T10:35:32.000,FALL - 17B1,2026-06-30 10:35:32
39.2017700000597,-84.463482,2026-06-30T10:47:36.000,SICK - 26A5 GEN WEAKNESS,2026-06-30 10:47:36
39.1050810000598,-84.521035,2026-06-30T10:49:25.000,CHESTPN - 10C1 ABNORMAL BREATH,2026-06-30 10:49:25
39.1401650000597,-84.520288,2026-06-30T10:50:06.000,FAINT - 31D3,2026-06-30 10:50:06
39.1313360000598,-84.598603,2026-06-30T10:53:15.000,FAINT - 31D2 ABNORMAL BREATH,2026-06-30 10:53:15
39.1449170000597,-84.442796,2026-06-30T10:56:34.000,CHESTPN - 10D2 DIFF SPEAKING,2026-06-30 10:56:34
39.1308950000597,-84.601622,2026-06-30T10:56:41.000,BREATH - 6D4A ASTHMA,2026-06-30 10:56:41
39.0830550000598,-84.393237,2026-06-30T10:58:40.000,FAINT - 31D4 NOT ALERT,2026-06-30 10:58:40
39.1151900000598,-84.580433,2026-06-30T11:05:00.000,ABDOM - 1C3,2026-06-30 11:05:00
39.1016990000597,-84.520935,2026-06-30T11:07:17.000,DIABETIC - 13A1,2026-06-30 11:07:17
39.0937630000598,-84.387363,2026-06-30T11:21:34.000,BREATH - 6D4 CLAMMY,2026-06-30 11:21:34
39.1131630000598,-84.520831,2026-06-30T11:27:23.000,BREATH - 6D2,2026-06-30 11:27:23
39.1740570000597,-84.431001,2026-06-30T11:34:04.000,BLEED - 21B2 SERIOUS,2026-06-30 11:34:04
39.1429090000597,-84.49473,2026-06-30T11:39:47.000,SICK - 26D1 NOT ALERT,2026-06-30 11:39:47
39.1361660000597,-84.436371,2026-06-30T11:51:28.000,SICK - 26C1 ALTERED LOC,2026-06-30 11:51:28
39.1550240000597,-84.430397,2026-06-30T11:52:29.000,FAINT - 31D4 NOT ALERT,2026-06-30 11:52:29
39.2054390000597,-84.454168,2026-06-30T12:01:21.000,SICK - 26C2 ABNORMAL BREATH,2026-06-30 12:01:21
39.1050820000598,-84.512927,2026-06-30T12:11:46.000,FAINT - 31D3,2026-06-30 12:11:46
39.1900450000597,-84.486854,2026-06-30T12:13:05.000,PERDWN - 32D1 UNKNOWN,2026-06-30 12:13:05
39.1317750000598,-84.479798,2026-06-30T12:17:15.000,CHESTPN - 10D5 CARDIAC HX,2026-06-30 12:17:15
39.1051980000598,-84.506888,2026-06-30T12:33:25.000,SEIZURE - 12D2 MULTIPLE,2026-06-30 12:33:25
39.1139290000597,-84.558276,2026-06-30T12:43:12.000,BREATH - 6D2O,2026-06-30 12:43:12
39.1326950000598,-84.478788,2026-06-30T12:43:52.000,CHESTPN - 10D5 CARDIAC HX,2026-06-30 12:43:52
39.1263580000597,-84.489681,2026-06-30T12:50:24.000,FAINT - 31C2,2026-06-30 12:50:24
39.1449600000597,-84.459098,2026-06-30T12:52:40.000,SICK - 26D1 NOT ALERT,2026-06-30 12:52:40
39.1988200000597,-84.51759,2026-06-30T12:56:49.000,BREATH - 6D1O NOT ALERT,2026-06-30 12:56:49
39.1409630000597,-84.61431,2026-06-30T13:01:10.000,STROKE - 28C1 NOT ALERT,2026-06-30 13:01:10
39.1066260000598,-84.549243,2026-06-30T13:02:03.000,CHESTPN - 10D4 CLAMMY,2026-06-30 13:02:03
39.1422340000597,-84.500312,2026-06-30T13:07:44.000,PERDWN - 32D1 UNKNOWN,2026-06-30 13:07:44
39.1493050000598,-84.508173,2026-06-30T13:28:53.000,SICK - 26A8 PAIN,2026-06-30 13:28:53
39.1168870000597,-84.515513,2026-06-30T13:30:11.000,SICK - 26C2 ABNORMAL BREATH,2026-06-30 13:30:11
39.1819020000597,-84.56575,2026-06-30T13:31:10.000,FALL - 17B4,2026-06-30 13:31:10
39.1422370000598,-84.520229,2026-06-30T13:38:36.000,FAINT - 31D3,2026-06-30 13:38:36
39.1729300000597,-84.43203,2026-06-30T13:42:23.000,SICK - 26A1,2026-06-30 13:42:23
39.1856940000597,-84.419807,2026-06-30T13:43:01.000,SICK - 26A8 PAIN,2026-06-30 13:43:01
39.1570730000597,-84.572006,2026-06-30T13:44:22.000,FALL - 17A2,2026-06-30 13:44:22
39.1496180000597,-84.435383,2026-06-30T13:45:14.000,BREATH - 6C1,2026-06-30 13:45:14
39.1184110000598,-84.524781,2026-06-30T13:50:49.000,SEIZURE - 12D4,2026-06-30 13:50:49
39.0984300000598,-84.526807,2026-06-30T13:54:05.000,HEAT/COLD - 20C1 CARDIAC HX,2026-06-30 13:54:05
39.1646540000597,-84.471534,2026-06-30T14:17:18.000,CHESTPN - 10A1,2026-06-30 14:17:18
39.2010540000597,-84.579796,2026-06-30T14:17:51.000,FAINT - 31C2,2026-06-30 14:17:51
39.1980750000597,-84.478221,2026-06-30T14:23:18.000,FALL - 17B1,2026-06-30 14:23:18
39.1459210000597,-84.490193,2026-06-30T14:26:24.000,CHESTPN - 10C3,2026-06-30 14:26:24
39.0881400000598,-84.378506,2026-06-30T14:31:13.000,PERDWN - 32D1 UNKNOWN,2026-06-30 14:31:13
39.0904820000598,-84.571669,2026-06-30T14:31:21.000,SICK - 26A2 ABNORMAL BP,2026-06-30 14:31:21
39.0870730000598,-84.379075,2026-06-30T14:33:02.000,EMS,2026-06-30 14:33:02
39.1413820000597,-84.45493,2026-06-30T14:51:13.000,"OD - (C) 23C1A NOT ALERT, ACC",2026-06-30 14:51:13
39.2035030000597,-84.548056,2026-06-30T15:02:04.000,PERDWN - 32B1 PT MOV/TALK,2026-06-30 15:02:04
39.1372970000597,-84.501197,2026-06-30T15:08:33.000,PERDWN - 32D1 UNKNOWN,2026-06-30 15:08:33
39.2049750000597,-84.571356,2026-06-30T15:19:02.000,SICK - 26A11 VOMITING,2026-06-30 15:19:02
39.1511900000597,-84.566443,2026-06-30T15:24:37.000,LIFT - 17A4,2026-06-30 15:24:37
39.1573310000597,-84.526572,2026-06-30T15:29:31.000,BREATH - 6D2E EMPHYSEMA,2026-06-30 15:29:31
39.0983740000598,-84.51943,2026-06-30T15:35:44.000,FAINT - 31D1 AGONAL BREATHING,2026-06-30 15:35:44
39.1515320000597,-84.486644,2026-06-30T15:38:41.000,BREATH - 6C1E EMPHYSEMA,2026-06-30 15:38:41
39.1203620000597,-84.592477,2026-06-30T15:42:25.000,SICK - 26A8 PAIN,2026-06-30 15:42:25
39.1204730000598,-84.559657,2026-06-30T15:43:14.000,FAINT - 31C2,2026-06-30 15:43:14
39.1055610000598,-84.508459,2026-06-30T15:47:02.000,EMS,2026-06-30 15:47:02
39.1158050000598,-84.572247,2026-06-30T15:54:23.000,SICK - 26A8 PAIN,2026-06-30 15:54:23
39.1699370000597,-84.550541,2026-06-30T15:55:32.000,DIABETIC - 13A1,2026-06-30 15:55:32
39.1004930000598,-84.511873,2026-06-30T16:02:11.000,PERDWN - 32D1 UNKNOWN,2026-06-30 16:02:11
39.1189300000598,-84.52149,2026-06-30T16:04:07.000,BREATH - 6D2,2026-06-30 16:04:07
39.1385750000597,-84.476338,2026-06-30T16:14:56.000,SICK - 26A2 ABNORMAL BP,2026-06-30 16:14:56
39.1582910000597,-84.539518,2026-06-30T16:23:12.000,CHESTPN - 10D4 CLAMMY,2026-06-30 16:23:12
39.1469780000597,-84.549079,2026-06-30T16:28:42.000,=EMS2 - ALS2 RESPONSE,2026-06-30 16:28:42
39.1382330000597,-84.533141,2026-06-30T16:29:31.000,"OD - (C) 23D1A ARREST, ACC",2026-06-30 16:29:31
39.2111150000597,-84.536291,2026-06-30T16:30:01.000,FAINT - 31D4 NOT ALERT,2026-06-30 16:30:01
39.1318660000598,-84.473464,2026-06-30T16:45:40.000,CHESTPN - 10C3,2026-06-30 16:45:40
39.1333080000597,-84.483226,2026-06-30T16:46:44.000,STROKE - 28C4F CLEAR EVIDENCE,2026-06-30 16:46:44
39.2090400000597,-84.537798,2026-06-30T16:59:14.000,BLEED - 21B4 BLOOD THINNERS,2026-06-30 16:59:14
39.1541080000597,-84.502057,2026-06-30T17:01:50.000,FALL - 17D4 NOT ALERT,2026-06-30 17:01:50
39.1428430000597,-84.522534,2026-06-30T17:02:46.000,BREATH - 6D2E EMPHYSEMA,2026-06-30 17:02:46
39.1101680000597,-84.507126,2026-06-30T17:11:18.000,BREATH - 6D2E EMPHYSEMA,2026-06-30 17:11:18
39.1321390000597,-84.605745,2026-06-30T17:25:47.000,FAINT - 31D1 AGONAL BREATHING,2026-06-30 17:25:47
39.1240340000598,-84.580135,2026-06-30T17:38:06.000,SICK - 26C2 ABNORMAL BREATH,2026-06-30 17:38:06
39.1331050000597,-84.497207,2026-06-30T18:05:25.000,PERDWN - 32D1 UNKNOWN,2026-06-30 18:05:25
39.1419340000598,-84.486019,2026-06-30T18:09:33.000,SICK - 26C2 ABNORMAL BREATH,2026-06-30 18:09:33
39.1448450000597,-84.453335,2026-06-30T18:10:17.000,FAINT - 31A1,2026-06-30 18:10:17
39.0981540000598,-84.558962,2026-06-30T18:13:32.000,SICK - 26C1 ALTERED LOC,2026-06-30 18:13:32
39.1441840000597,-84.620701,2026-06-30T18:13:35.000,FALL - 17B1,2026-06-30 18:13:35
39.1072180000598,-84.57793,2026-06-30T18:18:02.000,ABDOM - 1C3,2026-06-30 18:18:02
39.1439250000598,-84.533741,2026-06-30T18:18:35.000,SICK - 26A11 VOMITING,2026-06-30 18:18:35
39.1239610000597,-84.507994,2026-06-30T18:25:06.000,BREATH - 6D1A NOT ALERT,2026-06-30 18:25:06
39.1470010000597,-84.494363,2026-06-30T18:26:08.000,LIFT - 17A4,2026-06-30 18:26:08
39.1073090000597,-84.58185,2026-06-30T18:27:45.000,PREG - 24D3 IMMINENT,2026-06-30 18:27:45
39.1140990000597,-84.518551,2026-06-30T18:30:26.000,FAINT - 31D4 NOT ALERT,2026-06-30 18:30:26
39.1405230000598,-84.551041,2026-06-30T18:36:32.000,PERDWN - 32D1 UNKNOWN,2026-06-30 18:36:32
39.1358790000597,-84.536464,2026-06-30T18:39:29.000,STROKE - 28C1F CLEAR EVIDENCE,2026-06-30 18:39:29
39.1365190000597,-84.535164,2026-06-30T18:39:51.000,FAINT - 31C1 ABNORMAL BREATH,2026-06-30 18:39:51
39.1209290000598,-84.412663,2026-06-30T18:40:30.000,STROKE - 28C11,2026-06-30 18:40:30
39.1700640000597,-84.466231,2026-06-30T18:43:15.000,SICK - 26A2 ABNORMAL BP,2026-06-30 18:43:15
39.1646510000597,-84.549607,2026-06-30T18:49:10.000,INVEST - 69D6O ODOR OF SMOKE,2026-06-30 18:49:10
39.1455510000597,-84.613174,2026-06-30T18:49:32.000,BREATH - 6D2,2026-06-30 18:49:32
39.1558090000597,-84.505131,2026-06-30T18:55:39.000,"FUMES - 60C1V SICK, SINGLE FAM",2026-06-30 18:55:39
39.1266880000598,-84.485848,2026-06-30T18:58:49.000,HEADACHE - 18C2 ABNORM BREATH,2026-06-30 18:58:49
39.1603230000597,-84.409078,2026-06-30T19:05:07.000,BREATH - 6C1,2026-06-30 19:05:07
39.1137350000598,-84.564516,2026-06-30T19:05:09.000,BREATH - 6C1,2026-06-30 19:05:09
39.1074900000598,-84.50924,2026-06-30T19:19:28.000,SICK - 26B1,2026-06-30 19:19:28
39.1016070000598,-84.521602,2026-06-30T19:19:48.000,DIABETIC - 13C1 NOT ALERT,2026-06-30 19:19:48
39.1781170000597,-84.462642,2026-06-30T19:21:09.000,EMS,2026-06-30 19:21:09
39.1697920000597,-84.549945,2026-06-30T19:21:19.000,SICK - 26C2 ABNORMAL BREATH,2026-06-30 19:21:19
39.1648990000597,-84.543655,2026-06-30T19:23:46.000,FAINT - 31D2 ABNORMAL BREATH,2026-06-30 19:23:46
39.1168890000598,-84.573313,2026-06-30T19:48:07.000,HEADACHE - 18C2 ABNORM BREATH,2026-06-30 19:48:07
39.1016540000598,-84.593566,2026-06-30T19:54:20.000,SICK - 26A8 PAIN,2026-06-30 19:54:20
39.1225480000597,-84.520742,2026-06-30T20:17:19.000,ABDOM - 1A1,2026-06-30 20:17:19
39.1261430000598,-84.560518,2026-06-30T20:26:07.000,BREATH - 6D4A ASTHMA,2026-06-30 20:26:07
39.1506970000597,-84.56286,2026-06-30T20:27:57.000,CHESTPN - 10C3,2026-06-30 20:27:57
39.1579890000597,-84.52599,2026-06-30T20:31:50.000,CHESTPN - 10D1 NOT ALERT,2026-06-30 20:31:50
39.1204340000598,-84.536515,2026-06-30T20:34:53.000,ACCI - (C) 34D3 INEFF BREATH,2026-06-30 20:34:53
39.1149640000598,-84.562147,2026-06-30T20:47:56.000,PERDWN - 32D1 UNKNOWN,2026-06-30 20:47:56
39.1866640000597,-84.468504,2026-06-30T21:11:52.000,FAINT - 31A1,2026-06-30 21:11:52
39.1975570000597,-84.530992,2026-06-30T21:22:31.000,LIFT - 53A2,2026-06-30 21:22:31
39.1493680000598,-84.482033,2026-06-30T21:29:41.000,BREATH - 6C1A ASTHMA,2026-06-30 21:29:41
39.0789290000598,-84.38075,2026-06-30T21:31:34.000,DIABETIC - 13A1,2026-06-30 21:31:34
39.2030070000597,-84.544648,2026-06-30T22:01:07.000,SICK - 26A6 NAUSEA,2026-06-30 22:01:07
39.2160790000597,-84.486865,2026-06-30T22:04:48.000,STROKE - 28C1 NOT ALERT,2026-06-30 22:04:48
39.1550090000597,-84.437936,2026-06-30T22:11:32.000,BREATH - 6D1 NOT ALERT,2026-06-30 22:11:32
39.2057530000597,-84.528381,2026-06-30T22:14:02.000,=EMS1 - ALS1 RESPONSE,2026-06-30 22:14:02
39.1869660000597,-84.512898,2026-06-30T22:19:41.000,FALL - 17A2,2026-06-30 22:19:41
39.1529570000597,-84.549302,2026-06-30T22:27:39.000,SEIZURE - 12C4,2026-06-30 22:27:39
39.1854120000597,-84.408996,2026-06-30T22:36:57.000,STROKE - 28C1F CLEAR EVIDENCE,2026-06-30 22:36:57
39.1131890000598,-84.566663,2026-06-30T22:47:36.000,OD - (C)(V) 23C1V,2026-06-30 22:47:36
39.1264610000598,-84.557282,2026-06-30T23:12:52.000,=OD - (C),2026-06-30 23:12:52
39.1409500000598,-84.493976,2026-06-30T23:28:50.000,LIFT - 53A2,2026-06-30 23:28:50
39.1149200000598,-84.526828,2026-06-30T23:47:14.000,CHESTPN - 10D1 NOT ALERT,2026-06-30 23:47:14
39.1413560000597,-84.476358,2026-06-30T23:58:04.000,SICK - 26C2 ABNORMAL BREATH,2026-06-30 23:58:04
39.1411700000598,-84.492996,2026-07-01T00:03:07.000,CHESTPN - 10C3,2026-07-01 00:03:07
39.1394150000598,-84.535717,2026-07-01T00:16:41.000,PERDWN - 32B1 PT MOV/TALK,2026-07-01 00:16:41
39.1847060000597,-84.423911,2026-07-01T00:20:54.000,SICK - 26A8 PAIN,2026-07-01 00:20:54
39.1057080000597,-84.513196,2026-07-01T01:02:11.000,ASSLTI - (C) =,2026-07-01 01:02:11
39.1494800000598,-84.585168,2026-07-01T01:07:34.000,BREATH - 6D1 NOT ALERT,2026-07-01 01:07:34
39.1300540000598,-84.593486,2026-07-01T01:16:47.000,"PREG - 24D8 MC, SIGNS OF LIFE",2026-07-01 01:16:47
39.1085990000597,-84.567865,2026-07-01T01:27:35.000,DOMINJ - (C) =,2026-07-01 01:27:35
39.1071810000598,-84.508289,2026-07-01T01:28:37.000,SICK - 26B1,2026-07-01 01:28:37
39.2014680000597,-84.536999,2026-07-01T01:38:29.000,FALL - 17A2,2026-07-01 01:38:29
39.1886160000597,-84.514559,2026-07-01T01:45:12.000,CHESTPN - 10D4 CLAMMY,2026-07-01 01:45:12
39.1059320000598,-84.514696,2026-07-01T01:48:15.000,PERDWN - 32D1 UNKNOWN,2026-07-01 01:48:15
39.1004740000598,-84.432481,2026-07-01T01:50:33.000,ARREST - 9E1 NOT BREATHING,2026-07-01 01:50:33
39.1045160000598,-84.586494,2026-07-01T01:57:59.000,HEARTPRB - 19C2 ABNORM BREATH,2026-07-01 01:57:59
39.1216410000598,-84.510715,2026-07-01T03:10:17.000,ALRGY - 2C1 DIFF BREATHING,2026-07-01 03:10:17
39.1123990000598,-84.588463,2026-07-01T03:13:18.000,FALL - 17B1,2026-07-01 03:13:18
39.1778220000597,-84.437846,2026-07-01T03:44:10.000,FALL - 17B4,2026-07-01 03:44:10
39.1098020000598,-84.537051,2026-07-01T04:44:59.000,SICK - 26A8 PAIN,2026-07-01 04:44:59
39.1442550000598,-84.535281,2026-07-01T04:56:22.000,SICK - 26A11 VOMITING,2026-07-01 04:56:22
39.1236050000598,-84.520631,2026-07-01T05:46:59.000,SICK - 26A8 PAIN,2026-07-01 05:46:59
39.1187420000598,-84.694355,2026-07-01T05:50:07.000,FALL - 17B4,2026-07-01 05:50:07
39.1225210000597,-84.583616,2026-07-01T06:08:09.000,EMS,2026-07-01 06:08:09
39.1336730000597,-84.509135,2026-07-01T06:27:22.000,STROKE - 28C2 ABNORMAL BREATH,2026-07-01 06:27:22
39.0875680000598,-84.382738,2026-07-01T06:41:57.000,SICK - 26A3 VERTIGO,2026-07-01 06:41:57
39.1491150000597,-84.496448,2026-07-01T06:54:53.000,CHESTPN - 10D5 CARDIAC HX,2026-07-01 06:54:53
39.1284520000598,-84.512215,2026-07-01T07:02:42.000,=EMS - (C),2026-07-01 07:02:42
39.1285760000598,-84.512453,2026-07-01T07:02:56.000,DOMINJ - (C) =,2026-07-01 07:02:56
39.1765920000597,-84.438576,2026-07-01T07:04:23.000,311 TRANSFER FOR EMS,2026-07-01 07:04:23
39.1561190000597,-84.504459,2026-07-01T07:20:27.000,CHESTPN - 10D2 DIFF SPEAKING,2026-07-01 07:20:27
39.1777760000597,-84.415951,2026-07-01T07:22:30.000,SICK - 26C2 ABNORMAL BREATH,2026-07-01 07:22:30
39.1777280000597,-84.474413,2026-07-01T07:35:00.000,SICK - 26C2 ABNORMAL BREATH,2026-07-01 07:35:00
39.1763340000597,-84.464948,2026-07-01T07:49:16.000,BREATH - 6C1E EMPHYSEMA,2026-07-01 07:49:16
39.1323990000597,-84.489568,2026-07-01T07:58:25.000,STROKE - 28C1 NOT ALERT,2026-07-01 07:58:25
39.1331220000597,-84.590614,2026-07-01T08:03:33.000,PERDWN - 32B2 MEDICAL ALARM,2026-07-01 08:03:33
39.1343800000598,-84.570883,2026-07-01T08:31:50.000,STROKE - 28C5F CLEAR EVIDENCE,2026-07-01 08:31:50
39.1884180000597,-84.468595,2026-07-01T09:21:54.000,PREG - 24A1 POSS MISCARRIAGE,2026-07-01 09:21:54
39.1008080000598,-84.511492,2026-07-01T09:25:38.000,HEADACHE - 18C2C POSS STROKE,2026-07-01 09:25:38
39.1740010000597,-84.429851,2026-07-01T09:47:58.000,BREATH - 6D2,2026-07-01 09:47:58
39.1513390000597,-84.407812,2026-07-01T09:56:36.000,SICK - 26A8 PAIN,2026-07-01 09:56:36
39.1040390000598,-84.560727,2026-07-01T09:57:22.000,ASSLTI - (C)(W) =,2026-07-01 09:57:22
39.1204730000597,-84.509829,2026-07-01T09:58:07.000,FALL - 17B1,2026-07-01 09:58:07
39.1056280000598,-84.507808,2026-07-01T10:03:07.000,PREG - 24D5 HIGH RISK,2026-07-01 10:03:07
39.1942410000597,-84.474978,2026-07-01T10:07:32.000,FAINT - 31D2 ABNORMAL BREATH,2026-07-01 10:07:32
39.1032640000598,-84.507048,2026-07-01T10:09:02.000,SICK - 26A10 UNWELL,2026-07-01 10:09:02
39.1247540000598,-84.486071,2026-07-01T10:18:14.000,CHESTPN - 10D4 CLAMMY,2026-07-01 10:18:14
39.2158320000597,-84.486104,2026-07-01T10:19:38.000,CHESTPN - 10D2 DIFF SPEAKING,2026-07-01 10:19:38
39.1634240000597,-84.471724,2026-07-01T10:29:04.000,BREATH - 6D2,2026-07-01 10:29:04
39.1342790000598,-84.536948,2026-07-01T10:43:09.000,EMS,2026-07-01 10:43:09
39.2001990000597,-84.458652,2026-07-01T10:44:01.000,SICK - 26D1 NOT ALERT,2026-07-01 10:44:01
39.1294010000597,-84.616802,2026-07-01T10:49:23.000,FAINT - 31D4 NOT ALERT,2026-07-01 10:49:23
39.1782500000597,-84.459741,2026-07-01T10:52:40.000,SICK - 26A8 PAIN,2026-07-01 10:52:40
39.1469110000597,-84.494183,2026-07-01T10:54:03.000,ASSLTI - (C)(W) =,2026-07-01 10:54:03
39.2004740000597,-84.550204,2026-07-01T10:59:58.000,FAINT - 31D4 NOT ALERT,2026-07-01 10:59:58
39.1362980000597,-84.537094,2026-07-01T11:00:07.000,=EMS1 - ALS1 RESPONSE,2026-07-01 11:00:07
39.1459790000597,-84.568207,2026-07-01T11:00:15.000,BLEED - 21A1,2026-07-01 11:00:15
39.1506190000597,-84.53266,2026-07-01T11:05:39.000,BLEED - 21D5 ABNORMAL BREATH,2026-07-01 11:05:39
39.1999610000597,-84.457156,2026-07-01T11:10:59.000,SICK - 26C2 ABNORMAL BREATH,2026-07-01 11:10:59
39.1080100000598,-84.50842,2026-07-01T11:13:48.000,=EMS2 - ALS2 RESPONSE,2026-07-01 11:13:48
39.1195370000598,-84.509628,2026-07-01T11:22:54.000,BREATH - 6C1A ASTHMA,2026-07-01 11:22:54
39.1386410000598,-84.618254,2026-07-01T11:27:29.000,FALL - 17B5 NON-RECENT,2026-07-01 11:27:29
39.1536980000597,-84.502087,2026-07-01T11:27:40.000,BREATH - 6D2A ASTHMA,2026-07-01 11:27:40
39.2032500000597,-84.565375,2026-07-01T11:31:05.000,SICK - 26C2 ABNORMAL BREATH,2026-07-01 11:31:05
39.1085380000598,-84.583123,2026-07-01T11:32:12.000,=EMS1 - ALS1 RESPONSE,2026-07-01 11:32:12
39.1940170000597,-84.457411,2026-07-01T11:33:50.000,FAINT - 31D4 NOT ALERT,2026-07-01 11:33:50
39.1076850000597,-84.589079,2026-07-01T11:34:05.000,ABDOM - 1A1,2026-07-01 11:34:05
39.1482390000597,-84.408486,2026-07-01T11:57:50.000,=EMS2 - ALS2 RESPONSE,2026-07-01 11:57:50
39.1531480000597,-84.500297,2026-07-01T12:12:28.000,BREATH - 6D4A ASTHMA,2026-07-01 12:12:28
39.1286280000598,-84.486488,2026-07-01T12:27:29.000,SICK - 26B1,2026-07-01 12:27:29
39.1570710000597,-84.527142,2026-07-01T12:43:46.000,SICK - 26A1,2026-07-01 12:43:46
39.1056070000598,-84.512339,2026-07-01T12:52:39.000,PERDWN - 32D1 UNKNOWN,2026-07-01 12:52:39
39.1458410000597,-84.494633,2026-07-01T13:00:46.000,SICK - 26A11 VOMITING,2026-07-01 13:00:46
39.1530400000597,-84.487522,2026-07-01T13:16:51.000,CHESTPN - 10C1 ABNORMAL BREATH,2026-07-01 13:16:51
39.1486850000598,-84.559278,2026-07-01T13:31:29.000,CHESTPN - 10D4 CLAMMY,2026-07-01 13:31:29
39.1240190000598,-84.58708,2026-07-01T13:39:56.000,SEIZURE - 12D2 MULTIPLE,2026-07-01 13:39:56
39.1406870000598,-84.577894,2026-07-01T13:48:33.000,CHESTPN - 10D2 DIFF SPEAKING,2026-07-01 13:48:33
39.1584730000597,-84.420039,2026-07-01T13:49:14.000,OD - (C) 23C2I INTENTIONAL,2026-07-01 13:49:14
39.1142680000598,-84.52004,2026-07-01T13:58:50.000,SEIZURE - 12D2 MULTIPLE,2026-07-01 13:58:50
39.1309110000597,-84.610932,2026-07-01T13:59:51.000,SICK - 26A2 ABNORMAL BP,2026-07-01 13:59:51
39.1128760000598,-84.587091,2026-07-01T14:11:07.000,ABDOM - 1A1,2026-07-01 14:11:07
39.1916350000597,-84.544226,2026-07-01T14:16:35.000,SICK - 26A11 VOMITING,2026-07-01 14:16:35
39.1377990000597,-84.433481,2026-07-01T14:17:20.000,SEIZURE - 12A1,2026-07-01 14:17:20
39.1977130000597,-84.559973,2026-07-01T14:22:59.000,EMS,2026-07-01 14:22:59
39.1041420000598,-84.513427,2026-07-01T14:31:45.000,=EMS1 - ALS1 RESPONSE,2026-07-01 14:31:45
39.1460420000597,-84.593571,2026-07-01T14:41:28.000,FAINT - 31D3,2026-07-01 14:41:28
39.1457850000598,-84.563832,2026-07-01T14:50:54.000,CHESTPN - 10D2 DIFF SPEAKING,2026-07-01 14:50:54
39.1286920000598,-84.514604,2026-07-01T14:50:55.000,=EMS1 - ALS1 RESPONSE,2026-07-01 14:50:55
39.1427280000597,-84.618192,2026-07-01T14:53:48.000,FAINT - 31D4 NOT ALERT,2026-07-01 14:53:48
39.1350690000597,-84.596787,2026-07-01T14:57:03.000,HEARTPRB - 19C4 CARDIAC HX,2026-07-01 14:57:03
39.1983750000597,-84.478861,2026-07-01T15:00:51.000,FALL - 17B4,2026-07-01 15:00:51
39.1775910000597,-84.515729,2026-07-01T15:07:22.000,FAINT - 31D3,2026-07-01 15:07:22
39.1124810000597,-84.588976,2026-07-01T15:10:26.000,BREATH - 6D2,2026-07-01 15:10:26
39.1622290000597,-84.540922,2026-07-01T15:14:26.000,INJF - 30D4 DIFF BREATHING,2026-07-01 15:14:26
39.1935830000597,-84.504051,2026-07-01T15:19:45.000,=EMS - (C),2026-07-01 15:19:45
39.1579360000597,-84.486335,2026-07-01T15:26:57.000,SEIZURE - 12D4,2026-07-01 15:26:57
39.1919940000597,-84.458556,2026-07-01T15:33:20.000,BREATH - 6C1,2026-07-01 15:33:20
39.1751940000597,-84.467648,2026-07-01T15:38:22.000,EMS,2026-07-01 15:38:22
39.1053130000598,-84.511705,2026-07-01T15:38:40.000,FALL - 17A2,2026-07-01 15:38:40
39.2027850000597,-84.538896,2026-07-01T15:40:47.000,PERDWN - 32B1 PT MOV/TALK,2026-07-01 15:40:47
39.1070400000598,-84.495688,2026-07-01T15:42:13.000,FAINT - 31A2,2026-07-01 15:42:13
39.0785480000598,-84.384101,2026-07-01T15:54:16.000,FALL - 17A3 NON RECENT,2026-07-01 15:54:16
39.1175310000598,-84.557346,2026-07-01T15:57:56.000,EMS,2026-07-01 15:57:56
39.1435990000598,-84.621233,2026-07-01T15:59:25.000,CHESTPN - 10C3,2026-07-01 15:59:25
39.1046470000598,-84.514278,2026-07-01T16:20:52.000,PERDWN - 32D1 UNKNOWN,2026-07-01 16:20:52
39.1634450000597,-84.472668,2026-07-01T16:30:45.000,ASSLTI - (C) =,2026-07-01 16:30:45
39.1056250000598,-84.411309,2026-07-01T16:48:08.000,FAINT - 31D3,2026-07-01 16:48:08
39.2128600000597,-84.468131,2026-07-01T16:51:29.000,PERDWN - 32D1 UNKNOWN,2026-07-01 16:51:29
39.1744760000597,-84.54696,2026-07-01T16:51:53.000,LIFT - 17A4,2026-07-01 16:51:53
39.1510300000598,-84.425856,2026-07-01T16:53:30.000,STROKE - 28C1 NOT ALERT,2026-07-01 16:53:30
39.1081600000598,-84.50917,2026-07-01T16:58:51.000,SICK - 26A8 PAIN,2026-07-01 16:58:51
39.1028920000598,-84.567246,2026-07-01T17:02:10.000,BREATH - 6D1O NOT ALERT,2026-07-01 17:02:10
39.1254540000598,-84.543228,2026-07-01T17:02:27.000,PERDWN - 32D1 UNKNOWN,2026-07-01 17:02:27
39.1954790000597,-84.572811,2026-07-01T17:07:20.000,DIABETIC - 13C2,2026-07-01 17:07:20
39.1046390000598,-84.560517,2026-07-01T17:14:31.000,"BLEED - 21B2T SERIOUS, TRAUMA",2026-07-01 17:14:31
39.1426440000597,-84.518738,2026-07-01T17:15:30.000,SICK - 26A5 GEN WEAKNESS,2026-07-01 17:15:30
39.1177940000598,-84.502703,2026-07-01T17:17:06.000,SICK - 26A5 GEN WEAKNESS,2026-07-01 17:17:06
39.1129680000597,-84.574468,2026-07-01T17:18:52.000,PERDWN - 32D1 UNKNOWN,2026-07-01 17:18:52
39.1440080000598,-84.590014,2026-07-01T17:21:47.000,HEADACHE - 18C2 ABNORM BREATH,2026-07-01 17:21:47
39.1166050000598,-84.514593,2026-07-01T17:22:20.000,FALL - 17B4,2026-07-01 17:22:20
39.1156650000598,-84.515543,2026-07-01T17:23:40.000,FALL - 17B4,2026-07-01 17:23:40
39.1427140000597,-84.623618,2026-07-01T17:26:05.000,PERDWN - 32B1 PT MOV/TALK,2026-07-01 17:26:05
39.1104350000598,-84.516874,2026-07-01T17:30:22.000,EMS,2026-07-01 17:30:22
39.1080440000598,-84.516574,2026-07-01T17:30:48.000,FAINT - 31C1 ABNORMAL BREATH,2026-07-01 17:30:48
39.1626320000597,-84.533388,2026-07-01T17:38:29.000,SICK - 26A11 VOMITING,2026-07-01 17:38:29
39.1429390000598,-84.529022,2026-07-01T17:44:49.000,DOMINJ - (C) =,2026-07-01 17:44:49
39.1796680000597,-84.421151,2026-07-01T17:53:53.000,FAINT - 31C1 ABNORMAL BREATH,2026-07-01 17:53:53
39.1219940000598,-84.515177,2026-07-01T17:57:24.000,CHESTPN - 10D4 CLAMMY,2026-07-01 17:57:24
39.2170200000597,-84.46329,2026-07-01T18:02:34.000,FALL - 17B1,2026-07-01 18:02:34
39.1070930000598,-84.513507,2026-07-01T18:17:09.000,SEIZURE - 12A2,2026-07-01 18:17:09
39.1524090000597,-84.533658,2026-07-01T18:19:50.000,BREATH - 6D2E EMPHYSEMA,2026-07-01 18:19:50
39.1191420000597,-84.516923,2026-07-01T18:23:59.000,CHESTPN - 10D1 NOT ALERT,2026-07-01 18:23:59
39.0875810000598,-84.39032,2026-07-01T18:30:48.000,STROKE - 28C1 NOT ALERT,2026-07-01 18:30:48
39.1278920000598,-84.546307,2026-07-01T19:08:29.000,PERDWN - 32D1 UNKNOWN,2026-07-01 19:08:29
39.1078190000598,-84.510969,2026-07-01T19:14:11.000,=EMS - (C),2026-07-01 19:14:11
39.1270130000598,-84.488058,2026-07-01T19:14:35.000,=PERDWN,2026-07-01 19:14:35
39.0983340000598,-84.534575,2026-07-01T19:14:42.000,SICK - 26A11 VOMITING,2026-07-01 19:14:42
39.1067780000598,-84.581794,2026-07-01T19:23:12.000,SICK - 26A1,2026-07-01 19:23:12
39.1388080000598,-84.523692,2026-07-01T19:23:50.000,SEIZURE - 12D2 MULTIPLE,2026-07-01 19:23:50
39.1261380000597,-84.48561,2026-07-01T19:40:58.000,DIABETIC - 13A1,2026-07-01 19:40:58
39.0842000000598,-84.375688,2026-07-01T20:02:25.000,CHESTPN - 10C3,2026-07-01 20:02:25
39.1906660000597,-84.457849,2026-07-01T20:02:57.000,PERDWN - 32B2 MEDICAL ALARM,2026-07-01 20:02:57
39.1047700000597,-84.513883,2026-07-01T20:03:06.000,PERDWN - 32D1 UNKNOWN,2026-07-01 20:03:06
39.0977860000597,-84.509295,2026-07-01T20:09:03.000,EMS,2026-07-01 20:09:03
39.1619620000597,-84.533188,2026-07-01T20:10:56.000,ABDOM - 1A1,2026-07-01 20:10:56
39.1089600000598,-84.517646,2026-07-01T20:14:11.000,PERDWN - 32D1 UNKNOWN,2026-07-01 20:14:11
39.1089440000598,-84.518394,2026-07-01T20:14:14.000,PERDWN - 32D1 UNKNOWN,2026-07-01 20:14:14
39.1470010000597,-84.495033,2026-07-01T20:21:59.000,PERDWN - 32B1 PT MOV/TALK,2026-07-01 20:21:59
39.1983820000597,-84.528398,2026-07-01T20:30:08.000,PERDWN - 32B2 MEDICAL ALARM,2026-07-01 20:30:08
39.1136010000598,-84.592802,2026-07-01T20:46:45.000,BLEED - 21B1 DANGEROUS,2026-07-01 20:46:45
39.1406720000598,-84.493412,2026-07-01T20:50:31.000,CHESTPN - 10D4 CLAMMY,2026-07-01 20:50:31
39.1405250000597,-84.510014,2026-07-01T21:11:31.000,SICK - 26A10 UNWELL,2026-07-01 21:11:31
39.1487660000598,-84.554984,2026-07-01T21:24:10.000,SEIZURE - 12D4,2026-07-01 21:24:10
39.1754280000597,-84.466493,2026-07-01T21:40:38.000,ASSLTI - (C) =,2026-07-01 21:40:38
39.1140440000598,-84.520216,2026-07-01T21:44:11.000,CHESTPN - 10D1 NOT ALERT,2026-07-01 21:44:11
39.1959220000597,-84.47975,2026-07-01T21:45:50.000,BREATH - 6C1O,2026-07-01 21:45:50
39.1246360000598,-84.488471,2026-07-01T21:51:33.000,STROKE - 28C4 SIDE WEAKNESS,2026-07-01 21:51:33
39.1457430000597,-84.472047,2026-07-01T21:55:01.000,ABDOM - 1A1,2026-07-01 21:55:01
39.1680050000597,-84.387215,2026-07-01T21:55:43.000,FALL - 17B1,2026-07-01 21:55:43
39.1414510000597,-84.558068,2026-07-01T21:56:30.000,ABDOM - 1A1,2026-07-01 21:56:30
39.1610330000597,-84.406416,2026-07-01T22:02:38.000,STROKE - 28C1 NOT ALERT,2026-07-01 22:02:38
39.1086490000598,-84.56886,2026-07-01T22:04:57.000,SICK - 26A11 VOMITING,2026-07-01 22:04:57
39.1102240000598,-84.519661,2026-07-01T22:10:38.000,FAINT - 31A2,2026-07-01 22:10:38
39.1436150000597,-84.524169,2026-07-01T22:26:47.000,ABDOM - 1C4,2026-07-01 22:26:47
39.2111420000597,-84.475602,2026-07-01T22:43:07.000,"OD - (C) 23D1A ARREST, ACC",2026-07-01 22:43:07
39.1238100000598,-84.500902,2026-07-01T22:48:38.000,SEIZURE - 12A1,2026-07-01 22:48:38
39.1268450000598,-84.476747,2026-07-01T22:56:48.000,EMS,2026-07-01 22:56:48
39.1322350000597,-84.486361,2026-07-01T23:12:06.000,SICK - 26C2 ABNORMAL BREATH,2026-07-01 23:12:06
39.0986160000598,-84.508431,2026-07-01T23:22:06.000,HEARTPRB - 19C2 ABNORM BREATH,2026-07-01 23:22:06
39.1649250000597,-84.554508,2026-07-01T23:23:45.000,FAINT - 31A3,2026-07-01 23:23:45
39.1404950000598,-84.514096,2026-07-01T23:40:15.000,SUIC - (C)(V)(W) 25B2B BLEED,2026-07-01 23:40:15
39.1934700000597,-84.481298,2026-07-01T23:41:45.000,PERDWN - 32B2 MEDICAL ALARM,2026-07-01 23:41:45
39.1374970000597,-84.574664,2026-07-01T23:41:56.000,BREATH - 6C1,2026-07-01 23:41:56
39.1460020000597,-84.424112,2026-07-01T23:54:27.000,PERDWN - 32B2 MEDICAL ALARM,2026-07-01 23:54:27
39.1245470000597,-84.485974,2026-07-02T00:12:54.000,SICK - 26D1 NOT ALERT,2026-07-02 00:12:54
39.1453660000597,-84.495262,2026-07-02T00:21:14.000,FAINT - 31C1 ABNORMAL BREATH,2026-07-02 00:21:14
39.0965240000598,-84.509566,2026-07-02T00:56:45.000,=EMS1 - ALS1 RESPONSE,2026-07-02 00:56:45
39.1598230000597,-84.538382,2026-07-02T01:05:47.000,FALL - 17B2 SERIOUS BLEEDING,2026-07-02 01:05:47
39.0976230000598,-84.509898,2026-07-02T01:10:30.000,PERDWN - 32D1 UNKNOWN,2026-07-02 01:10:30
39.0986430000598,-84.50972,2026-07-02T01:16:11.000,EMS,2026-07-02 01:16:11
39.1088670000598,-84.530822,2026-07-02T01:47:41.000,ABDOM - 1A1,2026-07-02 01:47:41
39.1440130000598,-84.577213,2026-07-02T02:03:24.000,SICK - 26C2 ABNORMAL BREATH,2026-07-02 02:03:24
39.1234210000597,-84.485,2026-07-02T02:08:05.000,FALL - 17B1,2026-07-02 02:08:05
39.2114370000597,-84.473532,2026-07-02T02:09:18.000,=EMS1 - ALS1 RESPONSE,2026-07-02 02:09:18
39.1114300000598,-84.573571,2026-07-02T02:14:37.000,EMS,2026-07-02 02:14:37
39.1468020000597,-84.43972,2026-07-02T02:15:16.000,SICK - 26O8 CRAMPS,2026-07-02 02:15:16
39.1155750000597,-84.515132,2026-07-02T02:33:51.000,SICK - 26A3 VERTIGO,2026-07-02 02:33:51
39.2056240000597,-84.459004,2026-07-02T02:39:33.000,SICK - 26C2 ABNORMAL BREATH,2026-07-02 02:39:33
39.1782700000597,-84.560694,2026-07-02T02:53:34.000,BREATH - 6D2A ASTHMA,2026-07-02 02:53:34
39.1031940000598,-84.570115,2026-07-02T02:56:59.000,BLEED - 21A1,2026-07-02 02:56:59
39.2135180000597,-84.481952,2026-07-02T02:57:43.000,STROKE - 28C1 NOT ALERT,2026-07-02 02:57:43
39.1354960000598,-84.53586,2026-07-02T03:01:01.000,BREATH - 6D2,2026-07-02 03:01:01
39.1398850000597,-84.509483,2026-07-02T03:03:04.000,CHESTPN - 10D1 NOT ALERT,2026-07-02 03:03:04
39.1406120000597,-84.45366,2026-07-02T03:09:51.000,PERDWN - 32B1 PT MOV/TALK,2026-07-02 03:09:51
39.1309030000598,-84.569029,2026-07-02T03:12:29.000,BREATH - 6D2O,2026-07-02 03:12:29
39.1302330000598,-84.567139,2026-07-02T03:12:38.000,BREATH - 6D2,2026-07-02 03:12:38
39.1503490000597,-84.508352,2026-07-02T03:26:11.000,SICK - 26A1,2026-07-02 03:26:11
39.1169170000598,-84.519935,2026-07-02T03:33:34.000,EMS,2026-07-02 03:33:34
39.1503400000597,-84.491203,2026-07-02T03:41:10.000,PREG - 24B1C PRETERM,2026-07-02 03:41:10
39.1148520000598,-84.585699,2026-07-02T03:52:13.000,SEIZURE - 12D2 MULTIPLE,2026-07-02 03:52:13
39.1868630000597,-84.468638,2026-07-02T04:12:39.000,BREATH - 6C1A ASTHMA,2026-07-02 04:12:39
39.1013820000598,-84.565481,2026-07-02T05:12:23.000,CHESTPN - 10C1 ABNORMAL BREATH,2026-07-02 05:12:23
39.1512790000597,-84.399573,2026-07-02T05:12:48.000,SICK - 26A1,2026-07-02 05:12:48
39.1545480000597,-84.559818,2026-07-02T05:20:35.000,SICK - 26D1 NOT ALERT,2026-07-02 05:20:35
39.1253740000598,-84.492692,2026-07-02T05:25:13.000,BLEED - 21D3 NOT ALERT,2026-07-02 05:25:13
39.2096610000597,-84.473353,2026-07-02T05:35:29.000,FALL - 17B4,2026-07-02 05:35:29
39.1052600000598,-84.59417,2026-07-02T05:36:09.000,LIFT - 17A4,2026-07-02 05:36:09
39.1870680000597,-84.40943,2026-07-02T05:52:26.000,ABDOM - 1A1,2026-07-02 05:52:26
39.1524130000598,-84.410061,2026-07-02T06:03:26.000,SICK - 26A1,2026-07-02 06:03:26
39.1360760000598,-84.44016,2026-07-02T06:32:23.000,EMS,2026-07-02 06:32:23
39.1486480000597,-84.563184,2026-07-02T06:33:11.000,PERDWN - 32B2 MEDICAL ALARM,2026-07-02 06:33:11
39.1654610000597,-84.538763,2026-07-02T06:41:37.000,BREATH - 6D2E EMPHYSEMA,2026-07-02 06:41:37
39.1456910000597,-84.489873,2026-07-02T06:43:42.000,CHESTPN - 10C1 ABNORMAL BREATH,2026-07-02 06:43:42
39.1544140000597,-84.49306,2026-07-02T07:10:21.000,FAINT - 31E1 INEFF BREATHING,2026-07-02 07:10:21
39.0989570000598,-84.508483,2026-07-02T07:16:13.000,FAINT - 31E1 INEFF BREATHING,2026-07-02 07:16:13
39.1349190000597,-84.49023,2026-07-02T07:19:49.000,EMS,2026-07-02 07:19:49
39.1867740000597,-84.467784,2026-07-02T07:21:27.000,OD - (C) 23D2A ACCIDENTAL,2026-07-02 07:21:27
39.1467110000597,-84.495343,2026-07-02T07:21:41.000,BREATH - 6C1E EMPHYSEMA,2026-07-02 07:21:41
39.1839990000597,-84.406726,2026-07-02T07:24:29.000,SICK - 26C1 ALTERED LOC,2026-07-02 07:24:29
39.1422160000597,-84.618743,2026-07-02T07:38:58.000,EMS,2026-07-02 07:38:58
39.1324260000598,-84.491088,2026-07-02T08:00:17.000,"OD - (C) 23C1A NOT ALERT, ACC",2026-07-02 08:00:17
39.1440800000598,-84.559108,2026-07-02T08:05:23.000,EMS,2026-07-02 08:05:23
39.1322110000597,-84.499731,2026-07-02T08:15:05.000,EMS,2026-07-02 08:15:05
39.1360860000597,-84.547077,2026-07-02T08:28:53.000,SICK - 26A8 PAIN,2026-07-02 08:28:53
39.2148170000597,-84.468955,2026-07-02T08:37:11.000,INVEST - 69D6O ODOR OF SMOKE,2026-07-02 08:37:11
39.1358300000597,-84.547475,2026-07-02T08:39:48.000,PERDWN - 32D1 UNKNOWN,2026-07-02 08:39:48
39.1120340000597,-84.517841,2026-07-02T08:41:44.000,CHESTPN - 10D1 NOT ALERT,2026-07-02 08:41:44
39.1893860000597,-84.463235,2026-07-02T08:45:35.000,BREATH - 6E1 INEFFECT BREATH,2026-07-02 08:45:35
39.1271220000598,-84.498153,2026-07-02T08:51:17.000,SICK - 26A11 VOMITING,2026-07-02 08:51:17
39.1618940000597,-84.53334,2026-07-02T09:02:47.000,SICK - 26D1 NOT ALERT,2026-07-02 09:02:47
39.1510980000597,-84.569148,2026-07-02T09:04:05.000,COSICK - 52B1X SINGLE FAMILY,2026-07-02 09:04:05
39.1331900000598,-84.572573,2026-07-02T09:08:55.000,SEIZURE - 12D2 MULTIPLE,2026-07-02 09:08:55
39.2031750000597,-84.536154,2026-07-02T09:17:05.000,FALL - 17B4,2026-07-02 09:17:05
39.1502330000598,-84.486901,2026-07-02T09:21:34.000,EMS,2026-07-02 09:21:34
39.1696490000597,-84.406428,2026-07-02T09:28:07.000,CHESTPN - 10C1 ABNORMAL BREATH,2026-07-02 09:28:07
39.1027540000597,-84.529966,2026-07-02T09:33:08.000,SICK - 26C2 ABNORMAL BREATH,2026-07-02 09:33:08
39.1821280000597,-84.566999,2026-07-02T09:35:17.000,BREATH - 6D2,2026-07-02 09:35:17
39.1254910000597,-84.58066,2026-07-02T09:43:06.000,FAINT - 31C1 ABNORMAL BREATH,2026-07-02 09:43:06
39.1543430000597,-84.400992,2026-07-02T09:45:17.000,EMS,2026-07-02 09:45:17
39.1869050000597,-84.546092,2026-07-02T09:52:49.000,CHESTPN - 10C3,2026-07-02 09:52:49
39.1610200000597,-84.533471,2026-07-02T09:57:30.000,SICK - 26A1,2026-07-02 09:57:30
39.1879930000597,-84.469367,2026-07-02T10:03:17.000,ABDOM - 1A1,2026-07-02 10:03:17
39.1069690000598,-84.509879,2026-07-02T10:15:06.000,=PERDWN,2026-07-02 10:15:06
39.1524610000597,-84.392311,2026-07-02T10:16:13.000,SEIZURE - 12A5 AURA,2026-07-02 10:16:13
39.1779810000597,-84.442633,2026-07-02T10:22:45.000,BREATH - 6D2,2026-07-02 10:22:45
39.1184800000598,-84.498408,2026-07-02T10:34:04.000,STROKE - 28C7 VISION PROBLEMS,2026-07-02 10:34:04
39.1437900000597,-84.459418,2026-07-02T10:35:48.000,ARREST - 9E1 NOT BREATHING,2026-07-02 10:35:48
39.1150770000598,-84.551519,2026-07-02T10:36:17.000,SICK - 26C1 ALTERED LOC,2026-07-02 10:36:17
39.1954010000597,-84.548559,2026-07-02T10:38:12.000,FALL - 17D4 NOT ALERT,2026-07-02 10:38:12
39.1959630000597,-84.548389,2026-07-02T10:39:58.000,FALL - 17B4,2026-07-02 10:39:58
39.1085180000598,-84.506526,2026-07-02T10:46:11.000,=PERDWN,2026-07-02 10:46:11
39.1004340000598,-84.513331,2026-07-02T10:47:40.000,=PERDWN,2026-07-02 10:47:40
39.2162170000597,-84.485939,2026-07-02T10:48:17.000,SICK - 26A8 PAIN,2026-07-02 10:48:17
39.1511430000597,-84.420722,2026-07-02T10:49:33.000,SICK - 26C1 ALTERED LOC,2026-07-02 10:49:33
39.1625370000597,-84.545421,2026-07-02T10:55:59.000,FALL - 17D4 NOT ALERT,2026-07-02 10:55:59
39.1737810000597,-84.413101,2026-07-02T10:57:11.000,STROKE - 28C1F CLEAR EVIDENCE,2026-07-02 10:57:11
39.1757900000597,-84.439677,2026-07-02T10:57:26.000,FAINT - 31D4 NOT ALERT,2026-07-02 10:57:26
39.1215940000597,-84.5058,2026-07-02T11:13:27.000,HEARTPRB - 19C4 CARDIAC HX,2026-07-02 11:13:27
39.0974490000598,-84.507693,2026-07-02T11:17:31.000,FAINT - 31D4 NOT ALERT,2026-07-02 11:17:31
39.1155320000598,-84.58591,2026-07-02T11:18:49.000,CHESTPN - 10D4 CLAMMY,2026-07-02 11:18:49
39.1448260000597,-84.495012,2026-07-02T11:25:00.000,SICK - 26O23 PENIS PAIN,2026-07-02 11:25:00
39.1888880000597,-84.468311,2026-07-02T11:36:20.000,BREATH - 6D2,2026-07-02 11:36:20
39.1430990000598,-84.621563,2026-07-02T11:44:54.000,STROKE - 28C5 FACIAL DROOP,2026-07-02 11:44:54
39.1490690000597,-84.570597,2026-07-02T11:46:14.000,STROKE - 28C6 LOSS OF BALANCE,2026-07-02 11:46:14
39.1443150000598,-84.410684,2026-07-02T11:48:27.000,ABDOM - 1A1,2026-07-02 11:48:27
39.1828580000597,-84.478246,2026-07-02T11:54:05.000,SICK - 26D1 NOT ALERT,2026-07-02 11:54:05
39.1576190000598,-84.405209,2026-07-02T11:55:00.000,SICK - 26B1,2026-07-02 11:55:00
39.1477210000597,-84.603424,2026-07-02T11:58:34.000,FALL - 17B4,2026-07-02 11:58:34
39.1322210000598,-84.46524,2026-07-02T12:02:02.000,FALL - 17B1,2026-07-02 12:02:02
39.1613190000597,-84.503701,2026-07-02T12:02:04.000,PERDWN - 32D1 UNKNOWN,2026-07-02 12:02:04
39.1321050000598,-84.480168,2026-07-02T12:06:14.000,CHESTPN - 10D1 NOT ALERT,2026-07-02 12:06:14
39.1514130000597,-84.390673,2026-07-02T12:09:21.000,PERDWN - 32D1 UNKNOWN,2026-07-02 12:09:21
39.1116570000597,-84.591176,2026-07-02T12:11:57.000,=EMS1 - ALS1 RESPONSE,2026-07-02 12:11:57
39.2154400000597,-84.488224,2026-07-02T12:14:11.000,FALL - 17D4 NOT ALERT,2026-07-02 12:14:11
39.1365720000597,-84.503914,2026-07-02T12:15:23.000,FAINT - 31C2,2026-07-02 12:15:23
39.1557710000597,-84.38937,2026-07-02T12:26:36.000,BREATH - 6D2O,2026-07-02 12:26:36
39.1423290000597,-84.537501,2026-07-02T12:40:19.000,CHESTPN - 10D2 DIFF SPEAKING,2026-07-02 12:40:19
39.1898810000597,-84.468474,2026-07-02T12:42:21.000,BREATH - 6D4 CLAMMY,2026-07-02 12:42:21
39.1515680000597,-84.483194,2026-07-02T12:42:36.000,SICK - 26D1 NOT ALERT,2026-07-02 12:42:36
39.2113000000597,-84.467873,2026-07-02T12:46:47.000,EMS,2026-07-02 12:46:47
39.1995250000597,-84.564654,2026-07-02T12:48:03.000,BREATH - 6D4A ASTHMA,2026-07-02 12:48:03
39.1470750000598,-84.559318,2026-07-02T12:52:03.000,FAINT - 31A3,2026-07-02 12:52:03
39.1246110000597,-84.485396,2026-07-02T12:52:12.000,=EMS - (C),2026-07-02 12:52:12
39.1309930000598,-84.462667,2026-07-02T12:52:49.000,=EMS - (C),2026-07-02 12:52:49
39.1046370000598,-84.551121,2026-07-02T12:57:11.000,=EMS1 - ALS1 RESPONSE,2026-07-02 12:57:11
39.1952060000597,-84.412345,2026-07-02T13:11:19.000,PERDWN - 32B2 MEDICAL ALARM,2026-07-02 13:11:19
39.1314940000597,-84.587858,2026-07-02T13:14:58.000,CHESTPN - 10D4 CLAMMY,2026-07-02 13:14:58
39.1266750000597,-84.501337,2026-07-02T13:17:22.000,CHESTPN - 10D4 CLAMMY,2026-07-02 13:17:22
39.1453850000597,-84.428936,2026-07-02T13:18:25.000,ASSLTI - (C) =,2026-07-02 13:18:25
39.1074190000598,-84.511256,2026-07-02T13:19:01.000,OD - (C) 23D2A ACCIDENTAL,2026-07-02 13:19:01
39.1451880000598,-84.485874,2026-07-02T13:34:20.000,=EMS1 - ALS1 RESPONSE,2026-07-02 13:34:20
39.2155100000597,-84.487164,2026-07-02T13:35:41.000,BREATH - 6D1 NOT ALERT,2026-07-02 13:35:41
39.1812670000597,-84.464218,2026-07-02T13:38:19.000,CHESTPN - 10C3,2026-07-02 13:38:19
39.1550860000598,-84.415051,2026-07-02T13:49:51.000,SICK - 26A11 VOMITING,2026-07-02 13:49:51
39.1526800000597,-84.507951,2026-07-02T13:50:37.000,BREATH - 6D2,2026-07-02 13:50:37
39.1300730000597,-84.498465,2026-07-02T13:59:09.000,CHESTPN - 10D4 CLAMMY,2026-07-02 13:59:09
39.0909070000598,-84.392682,2026-07-02T14:01:01.000,FALL - 17B4,2026-07-02 14:01:01
39.1366170000598,-84.570177,2026-07-02T14:10:39.000,ASSLTI - (C) =,2026-07-02 14:10:39
39.1527090000597,-84.532358,2026-07-02T14:19:35.000,BREATH - 6D2E EMPHYSEMA,2026-07-02 14:19:35
39.1712480000597,-84.468242,2026-07-02T14:21:30.000,FAINT - 31D4 NOT ALERT,2026-07-02 14:21:30
39.1752160000597,-84.469155,2026-07-02T14:24:48.000,DOMINJ - (C) =,2026-07-02 14:24:48
39.1422620000597,-84.532419,2026-07-02T14:45:53.000,SICK - 26A8 PAIN,2026-07-02 14:45:53
39.1272400000598,-84.434021,2026-07-02T14:49:54.000,SEIZURE - 12A3,2026-07-02 14:49:54
39.1346770000597,-84.505969,2026-07-02T14:51:31.000,PERDWN - 32D1 UNKNOWN,2026-07-02 14:51:31
39.1525420000598,-84.507238,2026-07-02T14:54:59.000,PERDWN - 32D1 UNKNOWN,2026-07-02 14:54:59
39.1551560000597,-84.581843,2026-07-02T15:01:51.000,PREG - 24D5 HIGH RISK,2026-07-02 15:01:51
39.1378240000597,-84.579366,2026-07-02T15:05:30.000,FALL - 17B1,2026-07-02 15:05:30
39.1487020000598,-84.488795,2026-07-02T15:12:48.000,FAINT - 31D3,2026-07-02 15:12:48
39.1509720000597,-84.486274,2026-07-02T15:23:02.000,SICK - 26A8 PAIN,2026-07-02 15:23:02
39.1313090000597,-84.61507,2026-07-02T15:28:56.000,PERDWN - 32D1 UNKNOWN,2026-07-02 15:28:56
39.1412620000597,-84.4538,2026-07-02T15:29:14.000,SICK - 26A8 PAIN,2026-07-02 15:29:14
39.1233680000598,-84.607428,2026-07-02T15:35:32.000,SEIZURE - 12C4,2026-07-02 15:35:32
39.1075040000597,-84.590877,2026-07-02T15:44:40.000,FALL - 17B1,2026-07-02 15:44:40
39.1308550000597,-84.612035,2026-07-02T15:54:37.000,"OD - (C) 23C1A NOT ALERT, ACC",2026-07-02 15:54:37
39.1940740000597,-84.521317,2026-07-02T16:02:34.000,SICK - 26D1 NOT ALERT,2026-07-02 16:02:34
39.1003820000598,-84.512256,2026-07-02T16:04:27.000,ASSLTI - (C) =,2026-07-02 16:04:27
39.1025890000598,-84.510677,2026-07-02T16:04:37.000,ASSLTI - (C) =,2026-07-02 16:04:37
39.1044300000598,-84.510501,2026-07-02T16:12:54.000,=EMS1 - ALS1 RESPONSE,2026-07-02 16:12:54
39.1493670000597,-84.481292,2026-07-02T16:18:51.000,SICK - 26C2 ABNORMAL BREATH,2026-07-02 16:18:51
39.1149770000598,-84.516871,2026-07-02T16:26:43.000,=EMS1 - ALS1 RESPONSE,2026-07-02 16:26:43
39.1675050000597,-84.387315,2026-07-02T16:27:35.000,FALL - 17B4,2026-07-02 16:27:35
39.1347190000597,-84.500617,2026-07-02T16:32:25.000,OD - 23C8A ACCIDENTAL,2026-07-02 16:32:25
39.0976470000598,-84.527102,2026-07-02T16:39:42.000,PERDWN - 32D1 UNKNOWN,2026-07-02 16:39:42
39.1682650000597,-84.388165,2026-07-02T16:44:02.000,FALL - 17C1 FAINTING,2026-07-02 16:44:02
39.1509260000598,-84.597183,2026-07-02T16:50:09.000,"OD - (C) 23C1A NOT ALERT, ACC",2026-07-02 16:50:09
39.1342700000597,-84.500652,2026-07-02T16:53:26.000,PERDWN - 32D1 UNKNOWN,2026-07-02 16:53:26
39.1682250000597,-84.387135,2026-07-02T17:04:44.000,BREATH - 6C1,2026-07-02 17:04:44
39.1076500000598,-84.50796,2026-07-02T17:08:54.000,=EMS1 - ALS1 RESPONSE,2026-07-02 17:08:54
39.1744210000597,-84.47831,2026-07-02T17:17:04.000,FAINT - 31D1 AGONAL BREATHING,2026-07-02 17:17:04
39.0901770000598,-84.392522,2026-07-02T17:18:24.000,ASSLTI - (C) =,2026-07-02 17:18:24
39.1207100000597,-84.577847,2026-07-02T17:27:44.000,ARREST - 9E1 NOT BREATHING,2026-07-02 17:27:44
39.1247530000598,-84.501727,2026-07-02T17:30:43.000,=EMS2 - ALS2 RESPONSE,2026-07-02 17:30:43
39.1402980000598,-84.490452,2026-07-02T17:34:09.000,DIABETIC - 13C1 NOT ALERT,2026-07-02 17:34:09
39.0987200000597,-84.516467,2026-07-02T17:43:09.000,ARREST - 9E1 NOT BREATHING,2026-07-02 17:43:09
39.1076280000598,-84.506616,2026-07-02T17:47:18.000,=PERDWN,2026-07-02 17:47:18
39.1908610000597,-84.467884,2026-07-02T17:50:25.000,BLEED - 21D5 ABNORMAL BREATH,2026-07-02 17:50:25
39.1124940000598,-84.57545,2026-07-02T17:52:08.000,SEIZURE - 12D2 MULTIPLE,2026-07-02 17:52:08
39.1271530000598,-84.559678,2026-07-02T17:58:51.000,PERDWN - 32D1 UNKNOWN,2026-07-02 17:58:51
39.1023090000597,-84.519655,2026-07-02T18:06:28.000,SICK - 26A8 PAIN,2026-07-02 18:06:28
39.1117260000598,-84.571449,2026-07-02T18:11:27.000,LIFT - 17A4,2026-07-02 18:11:27
39.1176610000598,-84.524832,2026-07-02T18:15:14.000,CHESTPN - 10D4 CLAMMY,2026-07-02 18:15:14
39.1514230000598,-84.486311,2026-07-02T18:18:58.000,LIFT - 17A4,2026-07-02 18:18:58
39.1937410000597,-84.460292,2026-07-02T18:19:32.000,SUIC - (C)(W) 25B2W BLEEDING,2026-07-02 18:19:32
39.1276140000598,-84.503802,2026-07-02T18:23:33.000,FALL - 17A2,2026-07-02 18:23:33
39.1511680000597,-84.483944,2026-07-02T18:27:12.000,SICK - 26D1 NOT ALERT,2026-07-02 18:27:12
39.1330400000598,-84.572113,2026-07-02T18:37:59.000,FAINT - 31D4 NOT ALERT,2026-07-02 18:37:59
39.1098400000598,-84.530731,2026-07-02T18:39:49.000,CHESTPN - 10D4 CLAMMY,2026-07-02 18:39:49
39.1899310000597,-84.467794,2026-07-02T18:49:54.000,BLEED - 21D5 ABNORMAL BREATH,2026-07-02 18:49:54
39.1412620000597,-84.510049,2026-07-02T18:56:55.000,PERDWN - 32D1 UNKNOWN,2026-07-02 18:56:55
39.1342300000597,-84.53113,2026-07-02T19:01:50.000,BREATH - 6D2E EMPHYSEMA,2026-07-02 19:01:50
39.1664350000597,-84.387865,2026-07-02T19:04:33.000,SICK - 26A8 PAIN,2026-07-02 19:04:33
39.2051400000597,-84.54021,2026-07-02T19:05:00.000,CHESTPN - 10A1,2026-07-02 19:05:00
39.1836400000597,-84.422587,2026-07-02T19:05:01.000,HEARTPRB - 19C4 CARDIAC HX,2026-07-02 19:05:01
39.2039370000597,-84.578771,2026-07-02T19:07:30.000,FALL - 17A2,2026-07-02 19:07:30
39.1736170000597,-84.432121,2026-07-02T19:40:47.000,ASSLTI - (C) =,2026-07-02 19:40:47
39.1879250000597,-84.545652,2026-07-02T19:45:00.000,EMS,2026-07-02 19:45:00
39.1193300000597,-84.525649,2026-07-02T19:51:03.000,=PERDWN,2026-07-02 19:51:03
39.1518230000598,-84.408211,2026-07-02T20:09:37.000,LIFT - 53A2,2026-07-02 20:09:37
39.1581100000597,-84.492531,2026-07-02T20:09:47.000,CHESTPN - 10D4 CLAMMY,2026-07-02 20:09:47
39.2050150000597,-84.462062,2026-07-02T20:11:33.000,SICK - 26D1 NOT ALERT,2026-07-02 20:11:33
39.1378050000597,-84.529097,2026-07-02T20:11:44.000,OD - (C) 23C2A ACCIDENTAL,2026-07-02 20:11:44
39.1314010000598,-84.46438,2026-07-02T20:17:31.000,BLEED - 21B4 BLOOD THINNERS,2026-07-02 20:17:31
39.1408190000597,-84.421203,2026-07-02T20:20:23.000,FAINT - 31A3,2026-07-02 20:20:23
39.1701100000597,-84.518822,2026-07-02T20:23:24.000,BREATH - 6D2E EMPHYSEMA,2026-07-02 20:23:24
39.1066450000598,-84.509305,2026-07-02T21:00:02.000,FALL - 17B4,2026-07-02 21:00:02
39.1031420000598,-84.50963,2026-07-02T21:14:08.000,BREATH - 6D2,2026-07-02 21:14:08
39.1016070000598,-84.513281,2026-07-02T21:15:28.000,EMS,2026-07-02 21:15:28
39.1605850000597,-84.53941,2026-07-02T21:30:47.000,FALL - 17B1,2026-07-02 21:30:47
39.1094070000598,-84.514958,2026-07-02T21:34:16.000,BREATH - 6D4A ASTHMA,2026-07-02 21:34:16
39.1363770000597,-84.4684,2026-07-02T21:39:54.000,DIABETIC - 13A1,2026-07-02 21:39:54
39.1198630000598,-84.517902,2026-07-02T21:43:37.000,PERDWN - 32D1 UNKNOWN,2026-07-02 21:43:37
39.1376440000598,-84.594535,2026-07-02T21:51:42.000,FALL - 17B2 SERIOUS BLEEDING,2026-07-02 21:51:42
39.1286880000598,-84.511114,2026-07-02T22:04:18.000,ABDOM - 1A1,2026-07-02 22:04:18
39.1334790000597,-84.598631,2026-07-02T22:20:23.000,BREATH - 6D2A ASTHMA,2026-07-02 22:20:23
39.1313630000597,-84.588684,2026-07-02T22:28:55.000,BREATH - 6D1 NOT ALERT,2026-07-02 22:28:55
39.1891510000597,-84.468325,2026-07-02T22:46:46.000,FALL - 17B1,2026-07-02 22:46:46
39.1460320000597,-84.424177,2026-07-02T23:01:22.000,FALL - 17B4,2026-07-02 23:01:22
39.1363620000597,-84.536867,2026-07-02T23:25:07.000,FAINT - 31D3,2026-07-02 23:25:07
39.1258880000597,-84.4843,2026-07-02T23:33:34.000,"BLEED - 21B2T SERIOUS, TRAUMA",2026-07-02 23:33:34
39.1329980000598,-84.536528,2026-07-02T23:37:39.000,SICK - 26A4 FEVER,2026-07-02 23:37:39
39.1331600000597,-84.502575,2026-07-02T23:42:49.000,PERDWN - 32D1 UNKNOWN,2026-07-02 23:42:49
39.0880610000598,-84.390576,2026-07-02T23:46:44.000,SICK - 26C2 ABNORMAL BREATH,2026-07-02 23:46:44
39.1330200000598,-84.567841,2026-07-02T23:52:49.000,SICK - 26A11 VOMITING,2026-07-02 23:52:49
39.1329910000597,-84.575815,2026-07-03T00:20:28.000,EMS,2026-07-03 00:20:28
39.1647890000597,-84.549105,2026-07-03T00:25:02.000,ABDOM - 1C7,2026-07-03 00:25:02
39.1075110000598,-84.527883,2026-07-03T00:43:04.000,ABDOM - 1A1,2026-07-03 00:43:04
39.1286000000597,-84.518653,2026-07-03T00:50:17.000,PERDWN - 32D1 UNKNOWN,2026-07-03 00:50:17
39.1241890000598,-84.604362,2026-07-03T00:51:57.000,SICK - 26A10 UNWELL,2026-07-03 00:51:57
39.1276240000597,-84.519066,2026-07-03T00:55:20.000,=EMS - (C),2026-07-03 00:55:20
39.1065200000598,-84.50829,2026-07-03T01:04:03.000,SICK - 26B1,2026-07-03 01:04:03
39.1445340000597,-84.502436,2026-07-03T01:08:54.000,BREATH - 6D2A ASTHMA,2026-07-03 01:08:54
39.1081360000598,-84.564541,2026-07-03T01:15:02.000,SEIZURE - 12D2 MULTIPLE,2026-07-03 01:15:02
39.1511690000597,-84.533768,2026-07-03T01:19:24.000,LIFT - 17A4,2026-07-03 01:19:24
39.1451100000597,-84.458968,2026-07-03T01:22:35.000,BLEED - 21D4 DANGEROUS BLEED,2026-07-03 01:22:35
39.1085670000598,-84.529909,2026-07-03T01:23:07.000,=EMS - (C),2026-07-03 01:23:07
39.1424300000597,-84.58034,2026-07-03T01:40:32.000,=EMS - (C),2026-07-03 01:40:32
39.1255150000597,-84.502887,2026-07-03T01:44:25.000,SICK - 26C2 ABNORMAL BREATH,2026-07-03 01:44:25
39.1733470000597,-84.430251,2026-07-03T01:58:15.000,SICK - 26C2 ABNORMAL BREATH,2026-07-03 01:58:15
39.0918770000598,-84.392082,2026-07-03T02:03:43.000,FALL - 17D4 NOT ALERT,2026-07-03 02:03:43
39.1454370000597,-84.554668,2026-07-03T02:04:39.000,PERDWN - 32D1 UNKNOWN,2026-07-03 02:04:39
39.1325670000597,-84.487042,2026-07-03T02:06:40.000,BREATH - 6D1E NOT ALERT,2026-07-03 02:06:40
39.1409350000598,-84.530405,2026-07-03T02:13:05.000,ASSLTI - (C) =,2026-07-03 02:13:05
39.1090170000598,-84.530349,2026-07-03T02:21:46.000,PERDWN - 32B1 PT MOV/TALK,2026-07-03 02:21:46
39.1545840000597,-84.574672,2026-07-03T02:28:31.000,SICK - 26C2 ABNORMAL BREATH,2026-07-03 02:28:31
39.1081400000598,-84.50885,2026-07-03T02:33:47.000,FAINT - 31D2 ABNORMAL BREATH,2026-07-03 02:33:47
39.1385950000597,-84.53671,2026-07-03T02:59:55.000,PERDWN - 32D1 UNKNOWN,2026-07-03 02:59:55
39.1942360000597,-84.45564,2026-07-03T03:09:22.000,FALL - 17D5 SOB,2026-07-03 03:09:22
39.1579720000597,-84.476308,2026-07-03T03:09:52.000,BREATH - 6D1A NOT ALERT,2026-07-03 03:09:52
39.1456770000597,-84.554738,2026-07-03T03:25:26.000,SUIC - (C) 25D2 UNCONSCIOUS,2026-07-03 03:25:26
39.1473580000597,-84.437861,2026-07-03T03:37:00.000,SICK - 26O4 DIFF SLEEP,2026-07-03 03:37:00
39.1373730000598,-84.469487,2026-07-03T03:42:29.000,CHESTPN - 10A1,2026-07-03 03:42:29
39.1385790000597,-84.481183,2026-07-03T03:49:14.000,DIABETIC - 13A1,2026-07-03 03:49:14
39.1582750000597,-84.548967,2026-07-03T04:11:33.000,STROKE - 28C2 ABNORMAL BREATH,2026-07-03 04:11:33
39.1491910000597,-84.590202,2026-07-03T04:34:27.000,FALL - 17A2,2026-07-03 04:34:27
39.1353270000598,-84.571287,2026-07-03T04:40:01.000,CHESTPN - 10C1 ABNORMAL BREATH,2026-07-03 04:40:01
39.1531180000597,-84.501897,2026-07-03T05:10:24.000,BREATH - 6D2,2026-07-03 05:10:24
39.1865560000597,-84.514121,2026-07-03T05:11:03.000,PERDWN - 32B3 UNKNOWN,2026-07-03 05:11:03
39.1478440000597,-84.502163,2026-07-03T05:17:59.000,EYEPRB - 16A1 MODERATE,2026-07-03 05:17:59
39.1918390000597,-84.568122,2026-07-03T05:50:46.000,DOMINJ - (C) =,2026-07-03 05:50:46
39.1180420000598,-84.694285,2026-07-03T06:03:48.000,FALL - 17B4,2026-07-03 06:03:48
39.1994210000597,-84.455576,2026-07-03T06:11:55.000,FAINT - 31C2,2026-07-03 06:11:55
39.1130730000598,-84.573309,2026-07-03T06:18:13.000,SICK - 26D1 NOT ALERT,2026-07-03 06:18:13
39.1538120000598,-84.480581,2026-07-03T06:45:34.000,BREATH - 6D2O,2026-07-03 06:45:34
39.1153700000598,-84.527958,2026-07-03T06:51:35.000,CHESTPN - 10D2 DIFF SPEAKING,2026-07-03 06:51:35
39.1149500000598,-84.528498,2026-07-03T07:06:04.000,CHESTPN - 10D2 DIFF SPEAKING,2026-07-03 07:06:04
39.1763000000597,-84.438117,2026-07-03T07:24:15.000,FAINT - 31C1 ABNORMAL BREATH,2026-07-03 07:24:15
39.1121570000598,-84.51484,2026-07-03T07:32:55.000,=PERDWN,2026-07-03 07:32:55
39.2069000000597,-84.4546,2026-07-03T07:45:09.000,LIFT - 53B6,2026-07-03 07:45:09
39.1302030000598,-84.599601,2026-07-03T08:19:42.000,PERDWN - 32D1 UNKNOWN,2026-07-03 08:19:42
39.1562770000597,-84.559667,2026-07-03T08:21:51.000,ASSLTI - (C) =,2026-07-03 08:21:51
39.1575830000597,-84.558965,2026-07-03T08:24:21.000,FAINT - 31D3,2026-07-03 08:24:21
39.1150190000598,-84.517059,2026-07-03T08:26:37.000,SICK - 26A1,2026-07-03 08:26:37
39.1375200000598,-84.456466,2026-07-03T08:43:29.000,BLEED - 21D3 NOT ALERT,2026-07-03 08:43:29
39.1551320000597,-84.50421,2026-07-03T08:54:05.000,CHESTPN - 10C3,2026-07-03 08:54:05
39.0935420000598,-84.574212,2026-07-03T09:12:25.000,STROKE - 28C4 SIDE WEAKNESS,2026-07-03 09:12:25
39.1029830000598,-84.511348,2026-07-03T09:15:15.000,=EMS - (C),2026-07-03 09:15:15
39.1604800000597,-84.403552,2026-07-03T09:28:26.000,PERDWN - 32D1 UNKNOWN,2026-07-03 09:28:26
39.1180220000598,-84.57827,2026-07-03T09:46:50.000,BREATH - 6C1A ASTHMA,2026-07-03 09:46:50
39.1448720000597,-84.583195,2026-07-03T09:47:45.000,SICK - 26C1 ALTERED LOC,2026-07-03 09:47:45
39.1112830000598,-84.526154,2026-07-03T10:01:40.000,SICK - 26C2 ABNORMAL BREATH,2026-07-03 10:01:40
39.1153500000598,-84.517924,2026-07-03T10:03:31.000,FAINT - 31C3 ABDOMINAL PAIN,2026-07-03 10:03:31
39.1102860000598,-84.560761,2026-07-03T10:08:20.000,SEIZURE - 12D2 MULTIPLE,2026-07-03 10:08:20
39.1969210000597,-84.458528,2026-07-03T10:28:19.000,=EMS1 - ALS1 RESPONSE,2026-07-03 10:28:19
39.1504900000597,-84.403586,2026-07-03T10:41:18.000,EMS - (C) =,2026-07-03 10:41:18
39.1494800000597,-84.402926,2026-07-03T10:41:55.000,PERDWN - 32B1 PT MOV/TALK,2026-07-03 10:41:55
39.1484470000597,-84.504462,2026-07-03T10:52:22.000,FALL - 17B1,2026-07-03 10:52:22
39.1315710000598,-84.46465,2026-07-03T10:56:15.000,PERDWN - 32D1 UNKNOWN,2026-07-03 10:56:15
39.0818490000598,-84.391724,2026-07-03T11:02:52.000,CHESTPN - 10D4 CLAMMY,2026-07-03 11:02:52
39.1361560000598,-84.575842,2026-07-03T11:36:13.000,PREG - 24C2 POSS MISCARRIAGE,2026-07-03 11:36:13
39.1523300000597,-84.42442,2026-07-03T11:42:59.000,EMS - (C) =,2026-07-03 11:42:59
39.1537900000597,-84.402441,2026-07-03T11:50:19.000,FAINT - 31A1,2026-07-03 11:50:19
39.1100190000598,-84.524477,2026-07-03T11:52:24.000,DIABETIC - 13C3,2026-07-03 11:52:24
39.1149040000597,-84.522864,2026-07-03T11:54:42.000,FALL - 17B4,2026-07-03 11:54:42
39.1283230000597,-84.510541,2026-07-03T11:59:02.000,CHESTPN - 10C1 ABNORMAL BREATH,2026-07-03 11:59:02
39.1862260000597,-84.410289,2026-07-03T12:06:46.000,PERDWN - 32B2 MEDICAL ALARM,2026-07-03 12:06:46
39.1436590000597,-84.525163,2026-07-03T12:22:28.000,EMS,2026-07-03 12:22:28
39.1024220000598,-84.5092,2026-07-03T12:32:15.000,PERDWN - 32B3 UNKNOWN,2026-07-03 12:32:15
39.1039220000598,-84.519186,2026-07-03T12:40:39.000,PERDWN - 32B1 PT MOV/TALK,2026-07-03 12:40:39
39.1058290000598,-84.560897,2026-07-03T12:54:58.000,SICK - 26C1 ALTERED LOC,2026-07-03 12:54:58
39.1326940000597,-84.48509,2026-07-03T13:04:46.000,PERDWN - 32D1 UNKNOWN,2026-07-03 13:04:46
39.1224960000598,-84.571856,2026-07-03T13:14:18.000,ABDOM - 1A1,2026-07-03 13:14:18
39.1817710000597,-84.450239,2026-07-03T13:18:33.000,SICK - 26D1 NOT ALERT,2026-07-03 13:18:33
39.1683840000597,-84.519109,2026-07-03T13:39:55.000,SICK - 26A8 PAIN,2026-07-03 13:39:55
39.1303480000597,-84.586665,2026-07-03T13:40:30.000,ARREST - 9E1 NOT BREATHING,2026-07-03 13:40:30
39.2148500000597,-84.48808,2026-07-03T13:41:54.000,SICK - 26A2 ABNORMAL BP,2026-07-03 13:41:54
39.1223990000597,-84.48855,2026-07-03T13:48:55.000,BREATH - 6D1 NOT ALERT,2026-07-03 13:48:55
39.1447200000597,-84.592952,2026-07-03T13:50:40.000,SICK - 26O12 EARACHE,2026-07-03 13:50:40
39.1170030000598,-84.531162,2026-07-03T13:52:07.000,PERDWN - 32B1 PT MOV/TALK,2026-07-03 13:52:07
39.1963980000597,-84.473561,2026-07-03T14:00:31.000,PERDWN - 32D1 UNKNOWN,2026-07-03 14:00:31
39.0888930000598,-84.38653,2026-07-03T14:15:42.000,"FUMES - 66C1 SICK, INSIDE",2026-07-03 14:15:42
39.1179040000598,-84.599144,2026-07-03T14:33:26.000,PERDWN - 32D1 UNKNOWN,2026-07-03 14:33:26
39.1056020000598,-84.514157,2026-07-03T14:33:46.000,=EMS1 - ALS1 RESPONSE,2026-07-03 14:33:46
39.1187950000598,-84.596971,2026-07-03T14:35:19.000,PERDWN - 32D1 UNKNOWN,2026-07-03 14:35:19
39.1810200000597,-84.519299,2026-07-03T14:35:45.000,DOMINJ - (C) =,2026-07-03 14:35:45
39.1608530000597,-84.408066,2026-07-03T14:40:31.000,SICK - 26A8 PAIN,2026-07-03 14:40:31
39.1185270000598,-84.504555,2026-07-03T15:04:10.000,COSICK - 52C5X MULTI-FAMILY SM,2026-07-03 15:04:10
39.1537990000597,-84.401858,2026-07-03T15:20:09.000,BREATH - 6C1E EMPHYSEMA,2026-07-03 15:20:09
39.1339890000597,-84.488918,2026-07-03T15:24:41.000,FALL - 17D3 UNCONSIOUS,2026-07-03 15:24:41
39.1986750000597,-84.478761,2026-07-03T15:28:21.000,SICK - 26D1 NOT ALERT,2026-07-03 15:28:21
39.1356420000597,-84.503594,2026-07-03T15:37:54.000,PERDWN - 32B3 UNKNOWN,2026-07-03 15:37:54
39.0994430000598,-84.509245,2026-07-03T15:59:18.000,PERDWN - 32D1 UNKNOWN,2026-07-03 15:59:18
39.1740570000597,-84.431471,2026-07-03T16:01:34.000,EMS,2026-07-03 16:01:34
39.1420530000597,-84.611593,2026-07-03T16:02:20.000,STROKE - 28C1F CLEAR EVIDENCE,2026-07-03 16:02:20
39.1487770000597,-84.50944,2026-07-03T16:05:09.000,OD - 23C9 POISON CONTROL,2026-07-03 16:05:09
39.1570500000597,-84.560267,2026-07-03T16:08:22.000,ABDOM - 1C4,2026-07-03 16:08:22
39.2156000000597,-84.487594,2026-07-03T16:23:16.000,ABDOM - 1A1,2026-07-03 16:23:16
39.1072220000598,-84.685962,2026-07-03T16:39:37.000,DOMINJ - (C) =,2026-07-03 16:39:37
39.1458860000597,-84.434007,2026-07-03T16:40:32.000,PERDWN - 32B1 PT MOV/TALK,2026-07-03 16:40:32
39.1209880000598,-84.484979,2026-07-03T16:40:41.000,SEIZURE - 12D4,2026-07-03 16:40:41
39.1208280000598,-84.485929,2026-07-03T16:42:27.000,SEIZURE - 12D4,2026-07-03 16:42:27
39.1957230000597,-84.48417,2026-07-03T16:43:38.000,"OD - (C) 23C1A NOT ALERT, ACC",2026-07-03 16:43:38
39.1518360000597,-84.547875,2026-07-03T17:06:15.000,CHESTPN - 10D4 CLAMMY,2026-07-03 17:06:15
39.1299700000597,-84.59835,2026-07-03T17:15:17.000,BLEED - 21C1 THRU TUBES,2026-07-03 17:15:17
39.0998180000598,-84.52654,2026-07-03T17:35:32.000,BLEED - 21B1 DANGEROUS,2026-07-03 17:35:32
39.1951760000597,-84.4575,2026-07-03T17:54:15.000,FALL - 17B1,2026-07-03 17:54:15
39.1441300000597,-84.458898,2026-07-03T18:04:19.000,FALL - 17C1 FAINTING,2026-07-03 18:04:19
39.1543930000597,-84.431797,2026-07-03T18:06:18.000,BREATH - 6C1,2026-07-03 18:06:18
39.1033070000598,-84.514531,2026-07-03T18:24:24.000,PERDWN - 32D1 UNKNOWN,2026-07-03 18:24:24
39.1350800000597,-84.5307,2026-07-03T18:40:34.000,DOMINJ - (C)(W) =,2026-07-03 18:40:34
39.2116450000597,-84.462924,2026-07-03T19:03:23.000,PERDWN - 32D1 UNKNOWN,2026-07-03 19:03:23
39.1143700000598,-84.579035,2026-07-03T19:13:54.000,DIABETIC - 13C3,2026-07-03 19:13:54
39.1352070000598,-84.489389,2026-07-03T19:15:11.000,FAINT - 31D4 NOT ALERT,2026-07-03 19:15:11
39.1423100000597,-84.491053,2026-07-03T19:16:17.000,SICK - 26A4 FEVER,2026-07-03 19:16:17
39.1439950000597,-84.619093,2026-07-03T19:22:34.000,SICK - 26A1,2026-07-03 19:22:34
39.1462100000597,-84.593552,2026-07-03T19:23:16.000,CHESTPN - 10C3,2026-07-03 19:23:16
39.1462610000597,-84.495193,2026-07-03T19:25:34.000,ABDOM - 1A1,2026-07-03 19:25:34
39.0997960000598,-84.386255,2026-07-03T19:26:11.000,BREATH - 6D1 NOT ALERT,2026-07-03 19:26:11
39.1624150000597,-84.533644,2026-07-03T19:28:39.000,=EMS - (C),2026-07-03 19:28:39
39.1332260000598,-84.510041,2026-07-03T19:31:54.000,SEIZURE - 12D2 MULTIPLE,2026-07-03 19:31:54
39.1932330000597,-84.569243,2026-07-03T19:31:59.000,SICK - 26A11 VOMITING,2026-07-03 19:31:59
39.1233280000598,-84.500657,2026-07-03T19:43:07.000,EMS,2026-07-03 19:43:07
39.1402800000598,-84.493896,2026-07-03T19:45:34.000,FALL - 17D4 NOT ALERT,2026-07-03 19:45:34
39.1494600000597,-84.482514,2026-07-03T19:51:37.000,SICK - 26C2 ABNORMAL BREATH,2026-07-03 19:51:37
39.2164570000597,-84.487349,2026-07-03T19:54:23.000,FALL - 17B1,2026-07-03 19:54:23
39.1432150000598,-84.55814,2026-07-03T19:54:51.000,PREG - 24C3 BLEEDING,2026-07-03 19:54:51
39.1351330000598,-84.460615,2026-07-03T19:55:28.000,FALL - 17B1,2026-07-03 19:55:28
39.1614610000597,-84.539003,2026-07-03T19:55:46.000,=EMS - (C),2026-07-03 19:55:46
39.1536890000597,-84.584546,2026-07-03T19:57:24.000,=EMS - (C),2026-07-03 19:57:24
39.1446850000597,-84.429486,2026-07-03T19:59:24.000,FALL - 17A2,2026-07-03 19:59:24
39.1317720000598,-84.569848,2026-07-03T20:00:23.000,FALL - 17B1,2026-07-03 20:00:23
39.1094800000598,-84.530071,2026-07-03T20:04:50.000,PERDWN - 32B2 MEDICAL ALARM,2026-07-03 20:04:50
39.1091400000598,-84.513165,2026-07-03T20:11:03.000,SEIZURE - 12C4,2026-07-03 20:11:03
39.1831740000597,-84.560098,2026-07-03T20:11:20.000,SICK - 26A8 PAIN,2026-07-03 20:11:20
39.1334350000598,-84.59381,2026-07-03T20:18:28.000,=EMS - (C),2026-07-03 20:18:28
39.1088480000598,-84.508306,2026-07-03T20:19:31.000,EMS,2026-07-03 20:19:31
39.1276160000598,-84.705377,2026-07-03T20:24:05.000,CHESTPN - 10D5 CARDIAC HX,2026-07-03 20:24:05
39.1109680000598,-84.573289,2026-07-03T20:27:13.000,BLEED - 21D3 NOT ALERT,2026-07-03 20:27:13
39.1798200000597,-84.428295,2026-07-03T20:36:20.000,FAINT - 31D4 NOT ALERT,2026-07-03 20:36:20
39.1008780000598,-84.510673,2026-07-03T20:37:11.000,CHESTPN - 10D4 CLAMMY,2026-07-03 20:37:11
39.1501830000597,-84.48768,2026-07-03T20:42:37.000,FAINT - 31D4 NOT ALERT,2026-07-03 20:42:37
39.1062800000598,-84.50885,2026-07-03T20:46:04.000,SICK - 26B1,2026-07-03 20:46:04
39.1134790000597,-84.52111,2026-07-03T20:53:10.000,PERDWN - 32D1 UNKNOWN,2026-07-03 20:53:10
39.1896580000597,-84.458955,2026-07-03T20:53:46.000,FALL - 17B1,2026-07-03 20:53:46
39.1498140000598,-84.611915,2026-07-03T20:56:10.000,PERDWN - 32D1 UNKNOWN,2026-07-03 20:56:10
39.1442440000598,-84.494806,2026-07-03T21:02:40.000,SICK - 26C1 ALTERED LOC,2026-07-03 21:02:40
39.0988100000598,-84.511772,2026-07-03T21:03:03.000,PERDWN - 32D1 UNKNOWN,2026-07-03 21:03:03
39.1562180000597,-84.548016,2026-07-03T21:05:57.000,EMS,2026-07-03 21:05:57
39.1245770000597,-84.575567,2026-07-03T21:11:45.000,SICK - 26C1 ALTERED LOC,2026-07-03 21:11:45
39.0997620000598,-84.511809,2026-07-03T21:16:09.000,FAINT - 31D3,2026-07-03 21:16:09
39.1335340000598,-84.567248,2026-07-03T21:19:08.000,FAINT - 31C1 ABNORMAL BREATH,2026-07-03 21:19:08
39.1609130000597,-84.39839,2026-07-03T21:22:49.000,FALL - 17B1,2026-07-03 21:22:49
39.1427280000598,-84.616338,2026-07-03T21:24:24.000,"OD - (C) 23C1A NOT ALERT, ACC",2026-07-03 21:24:24
39.1063800000598,-84.50892,2026-07-03T21:26:15.000,BLEED - 21D3 NOT ALERT,2026-07-03 21:26:15
39.0980200000598,-84.504005,2026-07-03T21:40:18.000,EMS,2026-07-03 21:40:18
39.1584930000597,-84.537619,2026-07-03T21:51:37.000,PERDWN - 32D1 UNKNOWN,2026-07-03 21:51:37
39.1293470000597,-84.530443,2026-07-03T22:00:15.000,ARREST - 9E1 NOT BREATHING,2026-07-03 22:00:15
39.1086370000597,-84.57345,2026-07-03T22:06:05.000,SEIZURE - 12D2 MULTIPLE,2026-07-03 22:06:05
39.1050390000598,-84.560537,2026-07-03T22:19:06.000,BREATH - 6C1,2026-07-03 22:19:06
39.1256250000597,-84.502857,2026-07-03T22:24:49.000,DIABETIC - 13A1,2026-07-03 22:24:49
39.1094790000598,-84.57732,2026-07-03T22:30:27.000,ASSLTI - (C) =,2026-07-03 22:30:27
39.1148270000598,-84.551059,2026-07-03T22:31:00.000,SEIZURE - 12C4,2026-07-03 22:31:00
39.1138660000598,-84.513586,2026-07-03T22:31:24.000,FAINT - 31D4 NOT ALERT,2026-07-03 22:31:24
39.1427780000597,-84.495336,2026-07-03T22:37:33.000,SICK - 26A3 VERTIGO,2026-07-03 22:37:33
39.1549770000598,-84.558574,2026-07-03T22:41:10.000,=EMS - (C),2026-07-03 22:41:10
39.2036250000597,-84.539446,2026-07-03T22:43:27.000,FALL - 17A2,2026-07-03 22:43:27
39.1125100000598,-84.584954,2026-07-03T22:52:38.000,ASSLTI - (C) =,2026-07-03 22:52:38
39.1206890000598,-84.491518,2026-07-03T23:12:45.000,FAINT - 31C1 ABNORMAL BREATH,2026-07-03 23:12:45
39.1132180000598,-84.582098,2026-07-03T23:13:43.000,PERDWN - 32D1 UNKNOWN,2026-07-03 23:13:43
39.1282310000597,-84.489247,2026-07-03T23:16:32.000,BREATH - 6D2,2026-07-03 23:16:32
39.1067310000598,-84.509909,2026-07-03T23:46:54.000,=EMS - (C),2026-07-03 23:46:54
39.1747910000598,-84.479742,2026-07-03T23:51:50.000,LIFT - 17A4,2026-07-03 23:51:50
39.1904890000597,-84.547289,2026-07-03T23:59:11.000,BREATH - 6D2,2026-07-03 23:59:11
39.1095420000598,-84.594128,2026-07-04T00:03:03.000,CHESTPN - 10D5 CARDIAC HX,2026-07-04 00:03:03
39.1297370000597,-84.529063,2026-07-04T00:05:31.000,=EMS - (C),2026-07-04 00:05:31
39.2114050000597,-84.529066,2026-07-04T00:06:33.000,FALL - 17B1,2026-07-04 00:06:33
39.1104100000598,-84.529601,2026-07-04T00:09:21.000,EMS,2026-07-04 00:09:21
39.1163850000597,-84.516321,2026-07-04T00:26:01.000,PERDWN - 32D1 UNKNOWN,2026-07-04 00:26:01
39.2007450000597,-84.578691,2026-07-04T00:30:25.000,PERDWN - 32B2 MEDICAL ALARM,2026-07-04 00:30:25
39.1171610000598,-84.514261,2026-07-04T00:32:36.000,FALL - 17B1,2026-07-04 00:32:36
39.0867310000598,-84.387571,2026-07-04T00:43:32.000,ARREST - 9E1 NOT BREATHING,2026-07-04 00:43:32
39.1753630000597,-84.472635,2026-07-04T00:48:15.000,BREATH - 6D2,2026-07-04 00:48:15
39.1422220000598,-84.492715,2026-07-04T01:02:48.000,DIABETIC - 13C1 NOT ALERT,2026-07-04 01:02:48
39.1999810000597,-84.456396,2026-07-04T01:13:38.000,LIFT - 17A4,2026-07-04 01:13:38
39.1921940000597,-84.454985,2026-07-04T01:33:52.000,BREATH - 6D2A ASTHMA,2026-07-04 01:33:52
39.2062210000597,-84.453923,2026-07-04T01:39:56.000,HEARTPRB - 19C2 ABNORM BREATH,2026-07-04 01:39:56
39.1492990000597,-84.497434,2026-07-04T01:44:13.000,SICK - 26A11 VOMITING,2026-07-04 01:44:13
39.1305560000598,-84.599223,2026-07-04T01:52:13.000,EMS,2026-07-04 01:52:13
39.2011610000597,-84.463194,2026-07-04T01:55:44.000,CHESTPN - 10C3,2026-07-04 01:55:44
39.1448620000597,-84.470062,2026-07-04T01:56:03.000,CHESTPN - 10D1 NOT ALERT,2026-07-04 01:56:03
39.1506330000597,-84.439724,2026-07-04T02:01:18.000,SEIZURE - 12D2 MULTIPLE,2026-07-04 02:01:18
39.1532790000598,-84.587469,2026-07-04T02:07:25.000,SICK - 26A3 VERTIGO,2026-07-04 02:07:25
39.1600730000597,-84.39878,2026-07-04T02:25:37.000,BREATH - 6D2,2026-07-04 02:25:37
39.1188060000597,-84.517247,2026-07-04T02:25:42.000,BREATH - 6C1E EMPHYSEMA,2026-07-04 02:25:42
39.1973150000597,-84.478481,2026-07-04T02:28:02.000,LIFT - 53A2,2026-07-04 02:28:02
39.1456120000597,-84.569182,2026-07-04T02:37:02.000,CHESTPN - 10D2 DIFF SPEAKING,2026-07-04 02:37:02
39.1876760000597,-84.514094,2026-07-04T02:48:39.000,OD - (C) 23C2A ACCIDENTAL,2026-07-04 02:48:39
39.1299840000598,-84.523884,2026-07-04T02:50:03.000,FAINT - 31D3,2026-07-04 02:50:03
39.1605330000597,-84.407356,2026-07-04T02:54:05.000,CHESTPN - 10C3,2026-07-04 02:54:05
39.1471140000598,-84.433382,2026-07-04T02:58:48.000,CHESTPN - 10D4 CLAMMY,2026-07-04 02:58:48
39.1275550000598,-84.521533,2026-07-04T02:59:40.000,PERDWN - 32D1 UNKNOWN,2026-07-04 02:59:40
39.1277100000597,-84.520176,2026-07-04T03:00:39.000,=EMS - (C),2026-07-04 03:00:39
39.1322530000598,-84.588468,2026-07-04T03:03:54.000,BREATH - 6D2,2026-07-04 03:03:54
39.0995910000598,-84.513608,2026-07-04T03:07:32.000,FAINT - 31D4 NOT ALERT,2026-07-04 03:07:32
39.1279570000598,-84.531458,2026-07-04T04:01:17.000,FALL - 17A2,2026-07-04 04:01:17
39.1000980000598,-84.519481,2026-07-04T04:07:02.000,PERDWN - 32B3 UNKNOWN,2026-07-04 04:07:02
39.2012000000597,-84.480001,2026-07-04T04:09:24.000,ABDOM - 1C3,2026-07-04 04:09:24
39.2124950000597,-84.463344,2026-07-04T04:09:55.000,OD - 23D3A ACCIDENTAL,2026-07-04 04:09:55
39.1858550000597,-84.511737,2026-07-04T04:19:23.000,SICK - 26A8 PAIN,2026-07-04 04:19:23
39.0902970000598,-84.393312,2026-07-04T04:36:14.000,LIFT - 17A4,2026-07-04 04:36:14
39.2041670000597,-84.544598,2026-07-04T04:39:22.000,"PREG - 24D3C IMMINENT, PRETERM",2026-07-04 04:39:22
39.0880520000598,-84.386597,2026-07-04T05:11:49.000,FALL - 17A3 NON RECENT,2026-07-04 05:11:49
39.1898580000597,-84.459075,2026-07-04T05:36:32.000,FAINT - 31D4 NOT ALERT,2026-07-04 05:36:32
39.1038180000598,-84.509023,2026-07-04T05:57:19.000,CHESTPN - 10D4 CLAMMY,2026-07-04 05:57:19
39.1397130000597,-84.531721,2026-07-04T05:58:19.000,=EMS2 - ALS2 RESPONSE,2026-07-04 05:58:19
39.1493180000597,-84.563324,2026-07-04T06:12:00.000,SICK - 26D1 NOT ALERT,2026-07-04 06:12:00
39.1612040000597,-84.498541,2026-07-04T06:26:33.000,SICK - 26O6 CATHETER,2026-07-04 06:26:33
39.1343520000597,-84.458647,2026-07-04T06:27:01.000,SEIZURE - 12D2 MULTIPLE,2026-07-04 06:27:01
39.1498180000597,-84.563364,2026-07-04T06:33:55.000,PERDWN - 32B2 MEDICAL ALARM,2026-07-04 06:33:55
39.1242590000597,-84.57939,2026-07-04T07:26:24.000,SICK - 26D1 NOT ALERT,2026-07-04 07:26:24
39.1919660000597,-84.512248,2026-07-04T07:35:08.000,BLEED - 21B2 SERIOUS,2026-07-04 07:35:08
39.1223570000598,-84.413349,2026-07-04T07:44:17.000,FALL - 17B4,2026-07-04 07:44:17
39.1341900000597,-84.530812,2026-07-04T07:47:54.000,=EMS1 - ALS1 RESPONSE,2026-07-04 07:47:54
39.1135700000598,-84.528118,2026-07-04T08:00:25.000,CHESTPN - 10D2 DIFF SPEAKING,2026-07-04 08:00:25
39.1021620000598,-84.565711,2026-07-04T08:26:57.000,CHESTPN - 10C1 ABNORMAL BREATH,2026-07-04 08:26:57
39.1527790000598,-84.588969,2026-07-04T08:38:32.000,SICK - 26A3 VERTIGO,2026-07-04 08:38:32
39.1147190000598,-84.581083,2026-07-04T08:52:40.000,PERDWN - 32D1 UNKNOWN,2026-07-04 08:52:40
39.1869250000597,-84.547102,2026-07-04T09:00:07.000,FALL - 17B1,2026-07-04 09:00:07
39.2069420000597,-84.529543,2026-07-04T09:19:41.000,BLEED - 21D3 NOT ALERT,2026-07-04 09:19:41
39.1177900000598,-84.533377,2026-07-04T09:32:57.000,BREATH - 6E1A ASTHMA,2026-07-04 09:32:57
39.1488210000597,-84.602024,2026-07-04T09:34:44.000,LIFT - 17A4,2026-07-04 09:34:44
39.1675930000597,-84.470712,2026-07-04T10:04:18.000,PERDWN - 32D1 UNKNOWN,2026-07-04 10:04:18
39.1367960000597,-84.615938,2026-07-04T10:15:19.000,BREATH - 6D2E EMPHYSEMA,2026-07-04 10:15:19
39.1671590000597,-84.391792,2026-07-04T10:35:39.000,CHESTPN - 10C3,2026-07-04 10:35:39
39.1430470000597,-84.410731,2026-07-04T10:52:17.000,LIFT - 17A4,2026-07-04 10:52:17
39.1940500000597,-84.459313,2026-07-04T11:05:51.000,SICK - 26D1 NOT ALERT,2026-07-04 11:05:51
39.1228720000598,-84.570761,2026-07-04T11:09:01.000,HEADACHE - 18C2 ABNORM BREATH,2026-07-04 11:09:01
39.1979950000597,-84.460308,2026-07-04T11:12:28.000,SICK - 26A7 IMMOBILE,2026-07-04 11:12:28
39.1089090000597,-84.515195,2026-07-04T11:14:09.000,EMS,2026-07-04 11:14:09
39.1266120000598,-84.533129,2026-07-04T11:23:22.000,BREATH - 6D2E EMPHYSEMA,2026-07-04 11:23:22
39.1609910000597,-84.397464,2026-07-04T11:30:19.000,PERDWN - 32B1 PT MOV/TALK,2026-07-04 11:30:19
39.0906670000598,-84.391342,2026-07-04T11:38:18.000,FALL - 17A3 NON RECENT,2026-07-04 11:38:18
39.1268300000597,-84.487555,2026-07-04T11:43:59.000,DIABETIC - 13A1,2026-07-04 11:43:59
39.1098220000597,-84.520819,2026-07-04T11:54:29.000,=EMS2 - ALS2 RESPONSE,2026-07-04 11:54:29
39.1740270000597,-84.431571,2026-07-04T11:59:57.000,SICK - 26A7 IMMOBILE,2026-07-04 11:59:57
39.1138370000597,-84.566956,2026-07-04T12:00:13.000,FALL - 17A2,2026-07-04 12:00:13
39.1370150000598,-84.612327,2026-07-04T12:01:10.000,STROKE - 28C6 LOSS OF BALANCE,2026-07-04 12:01:10
39.1910570000597,-84.468142,2026-07-04T12:04:28.000,BLEED - 21B3 BLEEDING DISORDER,2026-07-04 12:04:28
39.1515420000597,-84.485974,2026-07-04T12:09:05.000,BREATH - 6D1 NOT ALERT,2026-07-04 12:09:05
39.1910000000597,-84.518529,2026-07-04T12:09:52.000,SICK - 26A2 ABNORMAL BP,2026-07-04 12:09:52
39.1560250000597,-84.554298,2026-07-04T12:13:17.000,ABDOM - 1A1,2026-07-04 12:13:17
39.1051160000598,-84.594259,2026-07-04T12:14:14.000,DIABETIC - 13A1,2026-07-04 12:14:14
39.2117880000597,-84.481302,2026-07-04T12:17:23.000,CHESTPN - 10D1 NOT ALERT,2026-07-04 12:17:23
39.1268030000598,-84.560958,2026-07-04T12:24:00.000,SICK - 26C2 ABNORMAL BREATH,2026-07-04 12:24:00
39.1841030000597,-84.480201,2026-07-04T12:27:54.000,FALL - 17B4,2026-07-04 12:27:54
39.2149930000597,-84.492214,2026-07-04T12:32:20.000,EMS - (C) =,2026-07-04 12:32:20
39.1065300000598,-84.513491,2026-07-04T12:37:04.000,SEIZURE - 12A2,2026-07-04 12:37:04
39.1096910000597,-84.528229,2026-07-04T12:39:10.000,FALL - 17B1,2026-07-04 12:39:10
39.1078080000597,-84.529133,2026-07-04T12:48:43.000,DOMINJ - (C) =,2026-07-04 12:48:43
39.1444320000598,-84.589731,2026-07-04T12:51:50.000,BREATH - 6D2,2026-07-04 12:51:50
39.1352810000598,-84.485669,2026-07-04T12:56:48.000,FALL - 17D3 UNCONSIOUS,2026-07-04 12:56:48
39.1604680000597,-84.426863,2026-07-04T13:05:34.000,PREG - 24B2,2026-07-04 13:05:34
39.1472100000597,-84.44239,2026-07-04T13:07:27.000,=PERDWN,2026-07-04 13:07:27
39.1040910000598,-84.522435,2026-07-04T13:12:51.000,=EMS2 - ALS2 RESPONSE,2026-07-04 13:12:51
39.1537530000597,-84.432847,2026-07-04T13:13:21.000,PERDWN - 32D1 UNKNOWN,2026-07-04 13:13:21
39.1634710000597,-84.539946,2026-07-04T13:24:52.000,=PERDWN,2026-07-04 13:24:52
39.1603530000597,-84.407926,2026-07-04T13:34:01.000,SICK - 26C1 ALTERED LOC,2026-07-04 13:34:01
39.1069330000598,-84.590516,2026-07-04T13:34:03.000,SICK - 26A3 VERTIGO,2026-07-04 13:34:03
39.1034170000598,-84.514601,2026-07-04T13:36:01.000,PERDWN - 32D1 UNKNOWN,2026-07-04 13:36:01
39.1634530000597,-84.539845,2026-07-04T13:37:22.000,=EMS2 - ALS2 RESPONSE,2026-07-04 13:37:22
39.1595600000598,-84.55806,2026-07-04T13:37:29.000,SICK - 26A1,2026-07-04 13:37:29
39.1499530000598,-84.485941,2026-07-04T13:37:55.000,SICK - 26D1 NOT ALERT,2026-07-04 13:37:55
39.0975940000598,-84.558772,2026-07-04T13:46:08.000,CHESTPN - 10D4 CLAMMY,2026-07-04 13:46:08
39.1316460000597,-84.588159,2026-07-04T13:46:14.000,SICK - 26A3 VERTIGO,2026-07-04 13:46:14
39.1572340000597,-84.558508,2026-07-04T13:47:30.000,FALL - 17C2 FAINTING,2026-07-04 13:47:30
39.1136710000597,-84.516623,2026-07-04T13:48:12.000,=EMS - (C),2026-07-04 13:48:12
39.1376280000597,-84.489216,2026-07-04T13:49:27.000,EMS - (C) =,2026-07-04 13:49:27
39.1696460000597,-84.54666,2026-07-04T13:55:12.000,EMS,2026-07-04 13:55:12
39.1983030000597,-84.479168,2026-07-04T14:10:22.000,LIFT - 17A4,2026-07-04 14:10:22
39.1171940000597,-84.551002,2026-07-04T14:10:34.000,SICK - 26A10 UNWELL,2026-07-04 14:10:34
39.1622130000597,-84.539925,2026-07-04T14:20:10.000,FAINT - 31C1 ABNORMAL BREATH,2026-07-04 14:20:10
39.1579400000597,-84.492631,2026-07-04T14:35:30.000,HEADACHE - 18C2C POSS STROKE,2026-07-04 14:35:30
39.1586000000597,-84.59613,2026-07-04T14:45:37.000,BREATH - 6D1 NOT ALERT,2026-07-04 14:45:37
39.2119880000597,-84.481732,2026-07-04T14:57:48.000,=EMS - (C),2026-07-04 14:57:48
39.0995550000598,-84.502759,2026-07-04T14:58:38.000,PERDWN - 32D1 UNKNOWN,2026-07-04 14:58:38
39.1181010000598,-84.513971,2026-07-04T15:01:15.000,BREATH - 6D2,2026-07-04 15:01:15
39.1615410000597,-84.539563,2026-07-04T15:06:46.000,FAINT - 31D2 ABNORMAL BREATH,2026-07-04 15:06:46
39.1487950000597,-84.497218,2026-07-04T15:07:38.000,SICK - 26A8 PAIN,2026-07-04 15:07:38
39.1189790000598,-84.49961,2026-07-04T15:22:46.000,PERDWN - 32D1 UNKNOWN,2026-07-04 15:22:46
39.1360440000597,-84.469481,2026-07-04T15:28:31.000,BREATH - 6D2A ASTHMA,2026-07-04 15:28:31
39.1304160000598,-84.598453,2026-07-04T15:36:13.000,FALL - 17D4 NOT ALERT,2026-07-04 15:36:13
39.1529430000598,-84.408251,2026-07-04T15:39:53.000,CHESTPN - 10D4 CLAMMY,2026-07-04 15:39:53
39.1561480000597,-84.384607,2026-07-04T15:49:43.000,SICK - 26A1,2026-07-04 15:49:43
39.2166740000597,-84.463196,2026-07-04T16:02:58.000,FAINT - 31D4 NOT ALERT,2026-07-04 16:02:58
39.1119810000598,-84.504068,2026-07-04T16:06:46.000,PERDWN - 32D1 UNKNOWN,2026-07-04 16:06:46
39.1304060000598,-84.597893,2026-07-04T16:15:56.000,ABDOM - 1C5,2026-07-04 16:15:56
39.1272680000597,-84.549299,2026-07-04T16:19:16.000,SEIZURE - 12D2 MULTIPLE,2026-07-04 16:19:16
39.1493080000597,-84.564144,2026-07-04T16:21:53.000,FALL - 17B1,2026-07-04 16:21:53
39.1328390000597,-84.488068,2026-07-04T16:24:26.000,FALL - 17B4,2026-07-04 16:24:26
39.1861170000597,-84.455563,2026-07-04T16:32:39.000,ASSLTI - (C) =,2026-07-04 16:32:39
39.1102660000598,-84.517801,2026-07-04T16:33:20.000,CHESTPN - 10D4 CLAMMY,2026-07-04 16:33:20
39.1294760000598,-84.598603,2026-07-04T16:49:40.000,CHESTPN - 10C3,2026-07-04 16:49:40
39.1963630000597,-84.548449,2026-07-04T16:50:06.000,ABDOM - 1A1,2026-07-04 16:50:06
39.1914780000597,-84.457852,2026-07-04T17:10:44.000,SICK - 26A2 ABNORMAL BP,2026-07-04 17:10:44
39.1938510000597,-84.549409,2026-07-04T17:13:02.000,SICK - 26A2 ABNORMAL BP,2026-07-04 17:13:02
39.1406500000598,-84.492416,2026-07-04T17:18:36.000,PREG - 24D3 IMMINENT,2026-07-04 17:18:36
39.1044270000598,-84.551636,2026-07-04T17:24:27.000,OUTDR - 67A2 ILLEGAL BURN,2026-07-04 17:24:27
39.1437000000597,-84.593646,2026-07-04T17:25:39.000,EMS,2026-07-04 17:25:39
39.1432680000597,-84.47674,2026-07-04T17:27:57.000,EMS - (C) =,2026-07-04 17:27:57
39.1437720000597,-84.48987,2026-07-04T17:46:08.000,FALL - 17B1,2026-07-04 17:46:08
39.1327390000597,-84.4962,2026-07-04T17:57:35.000,LIFT - 53A2,2026-07-04 17:57:35
39.1682350000597,-84.387375,2026-07-04T17:59:21.000,SICK - 26A7 IMMOBILE,2026-07-04 17:59:21
39.1129350000597,-84.516551,2026-07-04T18:10:06.000,=EMS2 - ALS2 RESPONSE,2026-07-04 18:10:06
39.1053030000597,-84.50654,2026-07-04T18:22:34.000,EMS,2026-07-04 18:22:34
39.1067400000598,-84.50823,2026-07-04T18:23:55.000,SICK - 26A1,2026-07-04 18:23:55
39.1346530000598,-84.597608,2026-07-04T18:31:49.000,BREATH - 6D1E NOT ALERT,2026-07-04 18:31:49
39.1372150000598,-84.471818,2026-07-04T18:32:33.000,SICK - 26D1 NOT ALERT,2026-07-04 18:32:33
39.1456150000597,-84.430006,2026-07-04T18:35:02.000,PERDWN - 32D1 UNKNOWN,2026-07-04 18:35:02
39.1326060000597,-84.587839,2026-07-04T18:42:37.000,BREATH - 6C1,2026-07-04 18:42:37
39.0793830000598,-84.593023,2026-07-04T18:43:57.000,ASSLTI - (C) =,2026-07-04 18:43:57
39.1448020000597,-84.584603,2026-07-04T18:44:42.000,CHESTPN - 10D4 CLAMMY,2026-07-04 18:44:42
39.1047720000598,-84.509743,2026-07-04T18:46:23.000,ABDOM - 1C3,2026-07-04 18:46:23
39.1455910000597,-84.596655,2026-07-04T18:47:37.000,EMS,2026-07-04 18:47:37
39.0985640000598,-84.37612,2026-07-04T18:49:40.000,LIFT - 17A4,2026-07-04 18:49:40
39.1474450000597,-84.514532,2026-07-04T18:49:42.000,EMS,2026-07-04 18:49:42
39.1355450000598,-84.471348,2026-07-04T18:51:01.000,EMS,2026-07-04 18:51:01
39.1446570000597,-84.52672,2026-07-04T18:51:46.000,BREATH - 6C1,2026-07-04 18:51:46
39.1459170000597,-84.577435,2026-07-04T18:53:26.000,PERDWN - 32B2 MEDICAL ALARM,2026-07-04 18:53:26
39.1402720000597,-84.45522,2026-07-04T18:58:18.000,FALL - 17B1,2026-07-04 18:58:18
39.1882450000597,-84.546772,2026-07-04T18:59:43.000,FALL - 17C1 FAINTING,2026-07-04 18:59:43
39.1455100000597,-84.495276,2026-07-04T19:06:39.000,=PERDWN - MEDICAL ALARM,2026-07-04 19:06:39
39.1426020000598,-84.491705,2026-07-04T19:06:39.000,BREATH - 6D2E EMPHYSEMA,2026-07-04 19:06:39
39.1564160000597,-84.516654,2026-07-04T19:15:39.000,FALL - 17B4,2026-07-04 19:15:39
39.1585880000597,-84.431406,2026-07-04T19:17:44.000,FAINT - 31D4 NOT ALERT,2026-07-04 19:17:44
39.1310860000597,-84.588369,2026-07-04T19:26:01.000,SICK - 26A4 FEVER,2026-07-04 19:26:01
39.1551410000597,-84.431513,2026-07-04T19:31:36.000,FAINT - 31D2 ABNORMAL BREATH,2026-07-04 19:31:36
39.1089330000598,-84.516145,2026-07-04T19:35:20.000,EMS,2026-07-04 19:35:20
39.1107620000598,-84.566768,2026-07-04T19:37:01.000,PERDWN - 32D1 UNKNOWN,2026-07-04 19:37:01
39.1156930000598,-84.580608,2026-07-04T19:48:47.000,SICK - 26A8 PAIN,2026-07-04 19:48:47
39.1952700000597,-84.45838,2026-07-04T19:51:53.000,PREG - 24C3 BLEEDING,2026-07-04 19:51:53
39.2152170000597,-84.487279,2026-07-04T19:53:12.000,EMS,2026-07-04 19:53:12
39.1665950000597,-84.387995,2026-07-04T19:55:07.000,LIFT - 17A4,2026-07-04 19:55:07
39.1119610000598,-84.509816,2026-07-04T19:55:13.000,PERDWN - 32D1 UNKNOWN,2026-07-04 19:55:13
39.1331370000597,-84.61285,2026-07-04T20:10:39.000,EMS,2026-07-04 20:10:39
39.1068950000598,-84.568408,2026-07-04T20:14:22.000,CHESTPN - 10D2 DIFF SPEAKING,2026-07-04 20:14:22
39.1390720000597,-84.528314,2026-07-04T20:27:18.000,CHESTPN - 10D1 NOT ALERT,2026-07-04 20:27:18
39.1935510000597,-84.538134,2026-07-04T20:32:41.000,FALL - 17B2 SERIOUS BLEEDING,2026-07-04 20:32:41
39.1375670000597,-84.576004,2026-07-04T20:33:37.000,CHESTPN - 10D1 NOT ALERT,2026-07-04 20:33:37
39.0848870000598,-84.387923,2026-07-04T20:45:31.000,FALL - 17B4,2026-07-04 20:45:31
39.1573500000597,-84.59832,2026-07-04T20:53:15.000,EMS,2026-07-04 20:53:15
39.0985240000598,-84.567409,2026-07-04T20:55:36.000,FALL - 17D2 ARREST,2026-07-04 20:55:36
39.1068080000598,-84.57723,2026-07-04T21:06:38.000,FAINT - 31D4 NOT ALERT,2026-07-04 21:06:38
39.1234980000598,-84.500737,2026-07-04T21:13:33.000,CHESTPN - 10C1 ABNORMAL BREATH,2026-07-04 21:13:33
39.1459710000597,-84.468013,2026-07-04T21:21:00.000,EMS - (C) =,2026-07-04 21:21:00
39.1325760000597,-84.586799,2026-07-04T21:21:29.000,SICK - 26A8 PAIN,2026-07-04 21:21:29
39.1084280000598,-84.518419,2026-07-04T21:27:33.000,FALL - 17B4,2026-07-04 21:27:33
39.1033440000598,-84.392684,2026-07-04T21:46:14.000,EMS,2026-07-04 21:46:14
39.1976580000597,-84.558743,2026-07-04T21:46:39.000,"OD - (C) 23C5A NARCOTIC, ACC",2026-07-04 21:46:39
39.1452280000598,-84.578741,2026-07-04T21:52:21.000,EMS,2026-07-04 21:52:21
39.1422100000598,-84.492576,2026-07-04T21:53:36.000,BREATH - 6D2E EMPHYSEMA,2026-07-04 21:53:36
39.1336010000597,-84.409507,2026-07-04T21:58:10.000,=EMS2 - ALS2 RESPONSE,2026-07-04 21:58:10
39.1378630000597,-84.41697,2026-07-04T21:58:22.000,FALL - 17A2,2026-07-04 21:58:22
39.1593040000597,-84.505124,2026-07-04T22:18:46.000,FAINT - 31D1 AGONAL BREATHING,2026-07-04 22:18:46
39.1489820000597,-84.553272,2026-07-04T22:20:11.000,BLEED - 21B1 DANGEROUS,2026-07-04 22:20:11
39.1425080000597,-84.476574,2026-07-04T22:27:26.000,DIABETIC - 13A1,2026-07-04 22:27:26
39.1418480000597,-84.475634,2026-07-04T22:28:20.000,DIABETIC - 13A1,2026-07-04 22:28:20
39.1733630000597,-84.514528,2026-07-04T22:32:23.000,FAINT - 31C2,2026-07-04 22:32:23
39.2090970000597,-84.464702,2026-07-04T22:35:06.000,=EMS1 - ALS1 RESPONSE,2026-07-04 22:35:06
39.1509230000597,-84.384141,2026-07-04T22:36:21.000,SICK - 26C2 ABNORMAL BREATH,2026-07-04 22:36:21
39.1925980000597,-84.419131,2026-07-04T22:38:55.000,SICK - 26A11 VOMITING,2026-07-04 22:38:55
39.1103880000598,-84.688071,2026-07-04T22:39:31.000,STROKE - 28C1F CLEAR EVIDENCE,2026-07-04 22:39:31
39.1887140000597,-84.517022,2026-07-04T22:46:08.000,DOMINJ - (C) =,2026-07-04 22:46:08
39.1216970000598,-84.518442,2026-07-04T22:47:18.000,EMS,2026-07-04 22:47:18
39.1057640000598,-84.510315,2026-07-04T22:48:50.000,PERDWN - 32D1 UNKNOWN,2026-07-04 22:48:50
39.1428790000597,-84.53795,2026-07-04T22:57:15.000,PERDWN - 32D1 UNKNOWN,2026-07-04 22:57:15
39.1023110000598,-84.393052,2026-07-04T23:03:11.000,FALL - 17D4 NOT ALERT,2026-07-04 23:03:11
39.1076400000598,-84.512771,2026-07-04T23:07:25.000,EMS,2026-07-04 23:07:25
39.1323200000598,-84.485677,2026-07-04T23:12:09.000,BREATH - 6D2,2026-07-04 23:12:09
39.1128190000597,-84.52045,2026-07-04T23:14:05.000,PERDWN - 32D1 UNKNOWN,2026-07-04 23:14:05
39.1042300000598,-84.504568,2026-07-04T23:17:13.000,ASSLTI - (C) =,2026-07-04 23:17:13
39.1077680000598,-84.506836,2026-07-04T23:28:39.000,ASSLTI - (C) =,2026-07-04 23:28:39
39.1506050000597,-84.388173,2026-07-04T23:29:59.000,PERDWN - 32B2 MEDICAL ALARM,2026-07-04 23:29:59
39.1069200000598,-84.50829,2026-07-04T23:36:19.000,SICK - 26B1,2026-07-04 23:36:19
39.1224610000597,-84.580972,2026-07-04T23:44:36.000,DOMINJ - (C) =,2026-07-04 23:44:36
39.1923630000597,-84.457791,2026-07-04T23:52:50.000,SICK - 26A7 IMMOBILE,2026-07-04 23:52:50
39.1073440000598,-84.507092,2026-07-04T23:55:52.000,EMS - (C) =,2026-07-04 23:55:52
39.1188540000598,-84.503833,2026-07-05T00:05:33.000,BREATH - 6D1O NOT ALERT,2026-07-05 00:05:33
39.1817790000597,-84.428079,2026-07-05T00:08:58.000,ASSLTI - (C) =,2026-07-05 00:08:58
39.1659610000597,-84.39081,2026-07-05T00:12:02.000,BREATH - 6D4 CLAMMY,2026-07-05 00:12:02
39.1251680000597,-84.575381,2026-07-05T00:16:23.000,SICK - 26A8 PAIN,2026-07-05 00:16:23
39.1103510000598,-84.514386,2026-07-05T00:23:30.000,FALL - 17D4 NOT ALERT,2026-07-05 00:23:30
39.1099520000598,-84.513115,2026-07-05T00:23:40.000,FAINT - 31A1,2026-07-05 00:23:40
39.1452900000598,-84.497885,2026-07-05T00:27:50.000,ASSLTI - (C) =,2026-07-05 00:27:50
39.1979770000597,-84.481794,2026-07-05T00:58:55.000,CHESTPN - 10D1 NOT ALERT,2026-07-05 00:58:55
39.1514930000597,-84.440494,2026-07-05T01:03:45.000,SEIZURE - 12D2 MULTIPLE,2026-07-05 01:03:45
39.2148720000597,-84.53128,2026-07-05T01:09:47.000,ASSLTI - (C) =,2026-07-05 01:09:47
39.1402990000598,-84.582672,2026-07-05T01:27:58.000,=DOMINJ - (C),2026-07-05 01:27:58
39.1084470000598,-84.552007,2026-07-05T01:29:02.000,DOMINJ - (C) =,2026-07-05 01:29:02
39.1008930000598,-84.510653,2026-07-05T01:30:30.000,LIFT - 53A2,2026-07-05 01:30:30
39.1171700000598,-84.582418,2026-07-05T01:30:38.000,=ASSLTI - (C),2026-07-05 01:30:38
39.2006450000597,-84.539359,2026-07-05T01:36:23.000,PERDWN - 32B2 MEDICAL ALARM,2026-07-05 01:36:23
39.1362720000597,-84.584502,2026-07-05T01:39:01.000,EMS,2026-07-05 01:39:01
39.1117960000597,-84.511105,2026-07-05T01:39:14.000,PERDWN - 32D1 UNKNOWN,2026-07-05 01:39:14
39.2031240000597,-84.575679,2026-07-05T01:47:20.000,SICK - 26A8 PAIN,2026-07-05 01:47:20
39.1797020000597,-84.560935,2026-07-05T01:54:42.000,DOMINJ - (C) =,2026-07-05 01:54:42
39.1364720000597,-84.57581,2026-07-05T02:02:29.000,CHESTPN - 10D2 DIFF SPEAKING,2026-07-05 02:02:29
39.1179660000597,-84.516707,2026-07-05T02:15:16.000,BREATH - 6C1E EMPHYSEMA,2026-07-05 02:15:16
39.1567790000597,-84.47842,2026-07-05T02:19:25.000,ASSLTI - (C) =,2026-07-05 02:19:25
39.1468820000597,-84.423897,2026-07-05T02:20:56.000,BREATH - 6C1O,2026-07-05 02:20:56
39.1052690000598,-84.570268,2026-07-05T02:43:17.000,ASSLTI - (C) =,2026-07-05 02:43:17
39.1117960000597,-84.531003,2026-07-05T02:43:34.000,DOMINJ - (C) =,2026-07-05 02:43:34
39.1047510000598,-84.386225,2026-07-05T02:48:46.000,PERDWN - 32B2 MEDICAL ALARM,2026-07-05 02:48:46
39.1159020000598,-84.516537,2026-07-05T02:52:15.000,ASSLTI - (C) =,2026-07-05 02:52:15
39.1267050000598,-84.477577,2026-07-05T02:53:07.000,SICK - 26A11 VOMITING,2026-07-05 02:53:07
39.1499920000597,-84.491735,2026-07-05T03:18:55.000,SEIZURE - 12A1,2026-07-05 03:18:55
39.1405950000597,-84.521288,2026-07-05T03:20:16.000,ASSLTI - (C) =,2026-07-05 03:20:16
39.1568180000598,-84.600727,2026-07-05T03:41:02.000,"OD - (C) 23C1A NOT ALERT, ACC",2026-07-05 03:41:02
39.1378370000597,-84.587919,2026-07-05T03:41:40.000,BLEED - 21B1 DANGEROUS,2026-07-05 03:41:40
39.1413050000597,-84.465416,2026-07-05T03:44:02.000,HEADACHE - 18C5C POSS STROKE,2026-07-05 03:44:02
39.1488480000597,-84.562664,2026-07-05T04:06:43.000,PERDWN - 32B2 MEDICAL ALARM,2026-07-05 04:06:43
39.1360870000597,-84.514476,2026-07-05T04:14:49.000,CHESTPN - 10D4 CLAMMY,2026-07-05 04:14:49
39.1609330000597,-84.407176,2026-07-05T04:15:20.000,FALL - 17A2,2026-07-05 04:15:20
39.1715140000597,-84.468322,2026-07-05T04:26:53.000,SICK - 26A11 VOMITING,2026-07-05 04:26:53
39.1495780000597,-84.563654,2026-07-05T04:27:41.000,PERDWN - 32B2 MEDICAL ALARM,2026-07-05 04:27:41
39.1544890000597,-84.605538,2026-07-05T04:34:08.000,EMS,2026-07-05 04:34:08
39.1374180000597,-84.456231,2026-07-05T04:35:46.000,LIFT - 17A4,2026-07-05 04:35:46
39.1456500000597,-84.573602,2026-07-05T04:44:59.000,SICK - 26C1 ALTERED LOC,2026-07-05 04:44:59
39.1920220000597,-84.571021,2026-07-05T05:06:57.000,PERDWN - 32D1 UNKNOWN,2026-07-05 05:06:57
39.1495690000597,-84.51547,2026-07-05T05:23:46.000,ABDOM - 1C5,2026-07-05 05:23:46
39.1616290000597,-84.540132,2026-07-05T05:46:32.000,SICK - 26D1 NOT ALERT,2026-07-05 05:46:32
39.1298760000598,-84.598703,2026-07-05T06:02:23.000,SICK - 26A10 UNWELL,2026-07-05 06:02:23
39.1252370000597,-84.501527,2026-07-05T06:30:37.000,FALL - 17B1,2026-07-05 06:30:37
39.1177270000597,-84.489199,2026-07-05T06:34:43.000,FALL - 17A2,2026-07-05 06:34:43
39.1548810000597,-84.502423,2026-07-05T06:46:32.000,ASSLTI - (C) =,2026-07-05 06:46:32
39.1232600000598,-84.500252,2026-07-05T07:09:54.000,BREATH - 6E1A ASTHMA,2026-07-05 07:09:54
39.1562410000597,-84.401061,2026-07-05T07:21:19.000,PERDWN - 32B2 MEDICAL ALARM,2026-07-05 07:21:19
39.1503380000597,-84.563414,2026-07-05T07:27:20.000,PERDWN - 32B2 MEDICAL ALARM,2026-07-05 07:27:20
39.1485480000597,-84.563154,2026-07-05T07:45:04.000,PERDWN - 32B2 MEDICAL ALARM,2026-07-05 07:45:04
39.1057010000598,-84.49842,2026-07-05T08:17:52.000,SICK - 26C1 ALTERED LOC,2026-07-05 08:17:52
39.1495050000597,-84.496508,2026-07-05T08:34:36.000,BREATH - 6D1 NOT ALERT,2026-07-05 08:34:36
39.1322850000598,-84.478628,2026-07-05T08:50:26.000,BREATH - 6D1 NOT ALERT,2026-07-05 08:50:26
39.1448600000597,-84.458748,2026-07-05T08:52:13.000,FALL - 17A2,2026-07-05 08:52:13
39.1266480000597,-84.489931,2026-07-05T09:01:21.000,SICK - 26A5 GEN WEAKNESS,2026-07-05 09:01:21
39.1348590000597,-84.537175,2026-07-05T09:08:29.000,FALL - 17B1,2026-07-05 09:08:29
39.1376910000597,-84.552925,2026-07-05T09:26:21.000,SICK - 26A11 VOMITING,2026-07-05 09:26:21
39.1192060000597,-84.516617,2026-07-05T09:26:49.000,BREATH - 6D2E EMPHYSEMA,2026-07-05 09:26:49
39.1941010000597,-84.549829,2026-07-05T09:27:11.000,STROKE - 28C5 FACIAL DROOP,2026-07-05 09:27:11
39.1097800000598,-84.558809,2026-07-05T09:30:51.000,PERDWN - 32D1 UNKNOWN,2026-07-05 09:30:51
39.1469940000597,-84.500843,2026-07-05T09:40:47.000,EMS,2026-07-05 09:40:47
39.1012740000598,-84.512261,2026-07-05T10:00:02.000,=EMS1 - ALS1 RESPONSE,2026-07-05 10:00:02
39.0983680000598,-84.52643,2026-07-05T10:15:41.000,SICK - 26O7 CONSTIPATION,2026-07-05 10:15:41
39.1618300000597,-84.404242,2026-07-05T10:28:56.000,PERDWN - 32D1 UNKNOWN,2026-07-05 10:28:56
39.2138480000597,-84.469409,2026-07-05T10:36:53.000,FAINT - 31D2 ABNORMAL BREATH,2026-07-05 10:36:53
39.2147380000597,-84.468999,2026-07-05T10:37:07.000,FAINT - 31D3,2026-07-05 10:37:07
39.1346370000598,-84.489799,2026-07-05T11:04:51.000,SICK - 26B1,2026-07-05 11:04:51
39.1335500000597,-84.527264,2026-07-05T11:07:40.000,SICK - 26A1,2026-07-05 11:07:40
39.1099600000598,-84.529571,2026-07-05T11:09:43.000,CHESTPN - 10D5 CARDIAC HX,2026-07-05 11:09:43
39.1997180000597,-84.517303,2026-07-05T11:22:55.000,LIFT - 17A4,2026-07-05 11:22:55
39.1295580000597,-84.489463,2026-07-05T11:40:40.000,ASSLTI - (C) 4A3 NON-RECENT,2026-07-05 11:40:40
39.1445170000597,-84.520712,2026-07-05T11:44:17.000,CHESTPN - 10D4 CLAMMY,2026-07-05 11:44:17
39.1897670000597,-84.514325,2026-07-05T11:44:54.000,ASSLTI - (C)(W) =,2026-07-05 11:44:54
39.2010160000597,-84.529142,2026-07-05T11:45:26.000,SEIZURE - 12B1,2026-07-05 11:45:26
39.1500160000597,-84.55518,2026-07-05T11:48:44.000,SICK - 26A1,2026-07-05 11:48:44
39.1085830000598,-84.571137,2026-07-05T11:52:11.000,SEIZURE - 12A1,2026-07-05 11:52:11
39.1586750000597,-84.561383,2026-07-05T11:58:44.000,CHESTPN - 10A1,2026-07-05 11:58:44
39.1573060000597,-84.503475,2026-07-05T12:01:38.000,FALL - 17D5 SOB,2026-07-05 12:01:38
39.1336380000597,-84.439726,2026-07-05T12:06:35.000,FALL - 17B1,2026-07-05 12:06:35
39.1373690000598,-84.441601,2026-07-05T12:15:36.000,SICK - 26A3 VERTIGO,2026-07-05 12:15:36
39.1548900000597,-84.558711,2026-07-05T12:19:46.000,ABDOM - 1A1,2026-07-05 12:19:46
39.1984390000597,-84.541856,2026-07-05T12:21:14.000,SICK - 26A8 PAIN,2026-07-05 12:21:14
39.1293730000597,-84.493589,2026-07-05T12:23:42.000,FAINT - 31D2 ABNORMAL BREATH,2026-07-05 12:23:42
39.2169310000597,-84.486217,2026-07-05T12:24:11.000,LIFT - 17A4,2026-07-05 12:24:11
39.1123620000597,-84.526739,2026-07-05T12:31:40.000,CHESTPN - 10C3,2026-07-05 12:31:40
39.1869150000597,-84.547042,2026-07-05T12:35:57.000,SICK - 26A8 PAIN,2026-07-05 12:35:57
39.2114460000597,-84.47008,2026-07-05T12:45:24.000,PERDWN - 32D1 UNKNOWN,2026-07-05 12:45:24
39.1302790000597,-84.491203,2026-07-05T12:46:23.000,DIABETIC - 13A1,2026-07-05 12:46:23
39.1431740000597,-84.518869,2026-07-05T12:55:39.000,CHESTPN - 10D5 CARDIAC HX,2026-07-05 12:55:39
39.0828080000598,-84.585271,2026-07-05T12:57:01.000,FAINT - 31D2 ABNORMAL BREATH,2026-07-05 12:57:01
39.1491940000597,-84.495148,2026-07-05T13:02:20.000,FALL - 17B1,2026-07-05 13:02:20
39.1275680000597,-84.4858,2026-07-05T13:05:08.000,ABDOM - 1C5,2026-07-05 13:05:08
39.1550600000597,-84.432448,2026-07-05T13:06:12.000,BREATH - 6D2,2026-07-05 13:06:12
39.1345470000598,-84.521209,2026-07-05T13:35:33.000,=EMS - (C),2026-07-05 13:35:33
39.1132220000598,-84.574165,2026-07-05T13:44:14.000,FALL - 17D6 LONG,2026-07-05 13:44:14
39.1459570000598,-84.525109,2026-07-05T14:02:05.000,PERDWN - 32B2 MEDICAL ALARM,2026-07-05 14:02:05
39.1443660000597,-84.583636,2026-07-05T14:04:31.000,ASSLTI - (C)(W) =,2026-07-05 14:04:31
39.1791130000597,-84.566411,2026-07-05T14:07:42.000,EMS,2026-07-05 14:07:42
39.1358670000597,-84.601695,2026-07-05T14:11:19.000,FAINT - 31D2 ABNORMAL BREATH,2026-07-05 14:11:19
39.1197400000598,-84.513433,2026-07-05T14:20:54.000,SICK - 26D1 NOT ALERT,2026-07-05 14:20:54
39.1178310000598,-84.438686,2026-07-05T14:22:12.000,EMS,2026-07-05 14:22:12
39.1038260000597,-84.514926,2026-07-05T14:28:29.000,OD - 23C8A ACCIDENTAL,2026-07-05 14:28:29
39.1005910000598,-84.509583,2026-07-05T14:28:51.000,PERDWN - 32D1 UNKNOWN,2026-07-05 14:28:51
39.1837630000597,-84.566584,2026-07-05T14:49:07.000,ABDOM - 1C6,2026-07-05 14:49:07
39.1264950000597,-84.502547,2026-07-05T14:53:07.000,BURN - 7A3 MINOR,2026-07-05 14:53:07
39.1447560000597,-84.584256,2026-07-05T14:53:26.000,EMS,2026-07-05 14:53:26
39.0850570000598,-84.399662,2026-07-05T14:58:29.000,SICK - 26A2 ABNORMAL BP,2026-07-05 14:58:29
39.1332100000598,-84.572513,2026-07-05T15:10:56.000,BREATH - 6D5 TRACHEOSTOMY,2026-07-05 15:10:56
39.1454600000597,-84.43105,2026-07-05T15:17:12.000,CHESTPN - 10D4 CLAMMY,2026-07-05 15:17:12
39.1187120000597,-84.596676,2026-07-05T15:18:34.000,PERDWN - 32D1 UNKNOWN,2026-07-05 15:18:34
39.1012550000598,-84.592318,2026-07-05T15:19:25.000,DIABETIC - 13C3,2026-07-05 15:19:25
39.2167920000597,-84.531466,2026-07-05T15:24:37.000,ASSLTI - (C)(W) =,2026-07-05 15:24:37
39.1526060000597,-84.593634,2026-07-05T15:38:07.000,FAINT - 31D4 NOT ALERT,2026-07-05 15:38:07
39.1294710000598,-84.489594,2026-07-05T15:44:40.000,ABDOM - 1A1,2026-07-05 15:44:40
39.1386550000597,-84.495115,2026-07-05T15:45:18.000,SEIZURE - 12D2 MULTIPLE,2026-07-05 15:45:18
39.1179710000597,-84.526617,2026-07-05T15:45:44.000,FAINT - 31D2 ABNORMAL BREATH,2026-07-05 15:45:44
39.1519490000597,-84.533488,2026-07-05T16:03:33.000,CHESTPN - 10D4 CLAMMY,2026-07-05 16:03:33
39.2039450000597,-84.570446,2026-07-05T16:18:41.000,SICK - 26A1,2026-07-05 16:18:41
39.1538800000597,-84.429391,2026-07-05T16:22:34.000,ASSLTI - (C) =,2026-07-05 16:22:34
39.1076590000597,-84.508378,2026-07-05T16:30:00.000,FALL - 17B1,2026-07-05 16:30:00
39.1473120000598,-84.492717,2026-07-05T16:36:36.000,PERDWN - 32D1 UNKNOWN,2026-07-05 16:36:36
39.1442750000598,-84.534361,2026-07-05T16:43:08.000,FAINT - 31D2 ABNORMAL BREATH,2026-07-05 16:43:08
39.1576670000597,-84.543312,2026-07-05T16:46:32.000,PERDWN - 32B1 PT MOV/TALK,2026-07-05 16:46:32
39.1554170000597,-84.549712,2026-07-05T16:49:47.000,EMS,2026-07-05 16:49:47
39.1076930000598,-84.589101,2026-07-05T17:05:36.000,SICK - 26A7 IMMOBILE,2026-07-05 17:05:36
39.1305810000598,-84.607328,2026-07-05T17:43:54.000,PERDWN - 32D1 UNKNOWN,2026-07-05 17:43:54
39.1585840000597,-84.558552,2026-07-05T17:55:36.000,BREATH - 6D2A ASTHMA,2026-07-05 17:55:36
39.0871720000598,-84.385117,2026-07-05T17:56:43.000,LIFT - 17A4,2026-07-05 17:56:43
39.1497850000597,-84.497628,2026-07-05T18:02:15.000,SICK - 26A1,2026-07-05 18:02:15
39.1970450000597,-84.527926,2026-07-05T18:08:47.000,ABDOM - 1A1,2026-07-05 18:08:47
39.1093080000597,-84.52966,2026-07-05T18:15:17.000,CHESTPN - 10D4 CLAMMY,2026-07-05 18:15:17
39.1604050000597,-84.473336,2026-07-05T18:17:17.000,CHESTPN - 10D2 DIFF SPEAKING,2026-07-05 18:17:17
39.1079000000598,-84.50817,2026-07-05T18:18:40.000,BREATH - 6D2,2026-07-05 18:18:40
39.1007040000598,-84.593379,2026-07-05T18:21:39.000,FAINT - 31D2 ABNORMAL BREATH,2026-07-05 18:21:39
39.1482110000597,-84.584767,2026-07-05T18:24:00.000,EMS,2026-07-05 18:24:00
39.1315860000597,-84.588309,2026-07-05T18:51:29.000,BREATH - 6D2E EMPHYSEMA,2026-07-05 18:51:29
39.1566610000597,-84.399942,2026-07-05T18:51:40.000,DIABETIC - 13A1,2026-07-05 18:51:40
39.1517220000597,-84.485414,2026-07-05T19:03:55.000,BREATH - 6D2E EMPHYSEMA,2026-07-05 19:03:55
39.1773060000597,-84.542794,2026-07-05T19:07:23.000,CHESTPN - 10D5 CARDIAC HX,2026-07-05 19:07:23
39.1167340000597,-84.551372,2026-07-05T19:13:26.000,SICK - 26A11 VOMITING,2026-07-05 19:13:26
39.1905480000597,-84.568332,2026-07-05T19:14:38.000,DOMINJ - (C) =,2026-07-05 19:14:38
39.1588040000597,-84.47442,2026-07-05T19:22:58.000,EMS,2026-07-05 19:22:58
39.1899780000597,-84.458745,2026-07-05T19:24:56.000,BREATH - 6D2A ASTHMA,2026-07-05 19:24:56
39.1580110000597,-84.59536,2026-07-05T19:26:56.000,LIFT - 53A2,2026-07-05 19:26:56
39.1218110000598,-84.512168,2026-07-05T19:36:41.000,SICK - 26A8 PAIN,2026-07-05 19:36:41
39.1150010000598,-84.52938,2026-07-05T19:49:00.000,ASSLTI - (C)(W) =,2026-07-05 19:49:00
39.1373880000597,-84.470799,2026-07-05T19:49:31.000,DOMINJ - (C) =,2026-07-05 19:49:31
39.1236480000598,-84.448239,2026-07-05T19:58:57.000,FALL - 17A3 NON RECENT,2026-07-05 19:58:57
39.1267890000598,-84.601142,2026-07-05T20:07:22.000,CHESTPN - 10D4 CLAMMY,2026-07-05 20:07:22
39.1379870000597,-84.607305,2026-07-05T20:17:23.000,BREATH - 6D2O,2026-07-05 20:17:23
39.0910700000598,-84.390683,2026-07-05T20:24:33.000,FALL - 17A2,2026-07-05 20:24:33
39.1446240000597,-84.420043,2026-07-05T20:25:35.000,FAINT - 31A1,2026-07-05 20:25:35
39.1606480000597,-84.426293,2026-07-05T20:27:21.000,FAINT - 31A3,2026-07-05 20:27:21
39.1864610000597,-84.513526,2026-07-05T20:35:42.000,EMS,2026-07-05 20:35:42
39.1204230000597,-84.557573,2026-07-05T20:43:43.000,SICK - 26C2 ABNORMAL BREATH,2026-07-05 20:43:43
39.1072750000598,-84.526388,2026-07-05T20:45:46.000,BREATH - 6D1 NOT ALERT,2026-07-05 20:45:46
39.1358510000597,-84.576359,2026-07-05T20:46:43.000,FALL - 17B4,2026-07-05 20:46:43
39.1602530000597,-84.407948,2026-07-05T20:48:27.000,CHESTPN - 10C3,2026-07-05 20:48:27
39.1729860000597,-84.427178,2026-07-05T21:06:46.000,LIFT - 53A2,2026-07-05 21:06:46
39.1028440000598,-84.55272,2026-07-05T21:41:46.000,SICK - 26A8 PAIN,2026-07-05 21:41:46
39.2164370000597,-84.486079,2026-07-05T21:52:04.000,LIFT - 17A4,2026-07-05 21:52:04
39.0823680000598,-84.589115,2026-07-05T21:53:35.000,SICK - 26A3 VERTIGO,2026-07-05 21:53:35
39.1326310000598,-84.46465,2026-07-05T21:54:38.000,BREATH - 6D1 NOT ALERT,2026-07-05 21:54:38
39.1311700000597,-84.510609,2026-07-05T21:55:27.000,EMS,2026-07-05 21:55:27
39.1479570000597,-84.480602,2026-07-05T22:17:06.000,EMS,2026-07-05 22:17:06
39.1596180000597,-84.505256,2026-07-05T22:25:40.000,BREATH - 6D1A NOT ALERT,2026-07-05 22:25:40
39.1297270000597,-84.497577,2026-07-05T22:42:08.000,ASSLTI - (C) =,2026-07-05 22:42:08
39.1300260000598,-84.598913,2026-07-05T22:45:03.000,SICK - 26A3 VERTIGO,2026-07-05 22:45:03
39.1257050000597,-84.503047,2026-07-05T22:45:13.000,BREATH - 6D2A ASTHMA,2026-07-05 22:45:13
39.1864340000597,-84.469004,2026-07-05T23:02:35.000,FALL - 17D4 NOT ALERT,2026-07-05 23:02:35
39.1385920000597,-84.555232,2026-07-05T23:06:08.000,SEIZURE - 12D4,2026-07-05 23:06:08
39.1503250000597,-84.487625,2026-07-05T23:07:17.000,CHESTPN - 10A1,2026-07-05 23:07:17
39.1379440000597,-84.577926,2026-07-05T23:09:49.000,PERDWN - 32D1 UNKNOWN,2026-07-05 23:09:49
39.1170700000597,-84.573422,2026-07-05T23:13:42.000,ABDOM - 1A1,2026-07-05 23:13:42
39.1525090000597,-84.532968,2026-07-05T23:16:50.000,SICK - 26A1,2026-07-05 23:16:50
39.1716040000597,-84.468532,2026-07-05T23:21:02.000,SICK - 26D1 NOT ALERT,2026-07-05 23:21:02
39.1142180000598,-84.576716,2026-07-05T23:25:41.000,PERDWN - 32D1 UNKNOWN,2026-07-05 23:25:41
39.1313650000598,-84.564007,2026-07-05T23:28:11.000,PERDWN - 32B2 MEDICAL ALARM,2026-07-05 23:28:11
39.1507090000597,-84.391163,2026-07-05T23:28:31.000,SICK - 26A2 ABNORMAL BP,2026-07-05 23:28:31
39.1539930000597,-84.60331,2026-07-05T23:30:43.000,DOMINJ - (C) =,2026-07-05 23:30:43
39.1309560000598,-84.599313,2026-07-05T23:36:05.000,PERDWN - 32B1 PT MOV/TALK,2026-07-05 23:36:05
39.1448900000597,-84.459248,2026-07-05T23:41:16.000,FALL - 17B1,2026-07-05 23:41:16
39.1158140000598,-84.562337,2026-07-05T23:44:40.000,SICK - 26A8 PAIN,2026-07-05 23:44:40
39.1865750000597,-84.419882,2026-07-06T00:11:28.000,BREATH - 6D1A NOT ALERT,2026-07-06 00:11:28
39.2055960000597,-84.455295,2026-07-06T00:16:35.000,BLEED - 21D4 DANGEROUS BLEED,2026-07-06 00:16:35
39.1413690000597,-84.502672,2026-07-06T00:34:44.000,ASSLTI - (C) =,2026-07-06 00:34:44
39.1078470000598,-84.60159,2026-07-06T01:10:31.000,FALL - 17A2,2026-07-06 01:10:31
39.1114500000598,-84.525538,2026-07-06T01:11:36.000,=EMS1 - ALS1 RESPONSE,2026-07-06 01:11:36
39.1202500000598,-84.514703,2026-07-06T01:21:27.000,FALL - 17A2,2026-07-06 01:21:27
39.1493550000597,-84.497638,2026-07-06T01:22:07.000,BREATH - 6D1 NOT ALERT,2026-07-06 01:22:07
39.1087490000598,-84.56909,2026-07-06T01:41:27.000,SEIZURE - 12A3,2026-07-06 01:41:27
39.1808670000597,-84.462481,2026-07-06T01:48:40.000,BREATH - 6C1,2026-07-06 01:48:40
39.1009840000598,-84.513481,2026-07-06T01:59:29.000,CHESTPN - 10D4 CLAMMY,2026-07-06 01:59:29
39.1520080000597,-84.537004,2026-07-06T02:02:12.000,PERDWN - 32D1 UNKNOWN,2026-07-06 02:02:12
39.1861740000597,-84.468364,2026-07-06T02:02:39.000,ABDOM - 1C3,2026-07-06 02:02:39
39.1481090000597,-84.572397,2026-07-06T02:15:00.000,FALL - 17D5 SOB,2026-07-06 02:15:00
39.1764970000597,-84.467178,2026-07-06T03:03:33.000,EMS,2026-07-06 03:03:33
39.1669350000597,-84.388605,2026-07-06T03:23:16.000,FALL - 17B1,2026-07-06 03:23:16
39.1737880000597,-84.473027,2026-07-06T03:28:52.000,SICK - 26C2 ABNORMAL BREATH,2026-07-06 03:28:52
39.1107250000598,-84.510148,2026-07-06T03:50:36.000,CHESTPN - 10D5 CARDIAC HX,2026-07-06 03:50:36
39.1333270000597,-84.50679,2026-07-06T03:51:30.000,BLEED - 21B1 DANGEROUS,2026-07-06 03:51:30
39.1523210000597,-84.533796,2026-07-06T04:03:36.000,LIFT - 17A4,2026-07-06 04:03:36
39.1450250000597,-84.474848,2026-07-06T04:08:42.000,SEIZURE - 12D2 MULTIPLE,2026-07-06 04:08:42
39.1318410000598,-84.46573,2026-07-06T04:24:33.000,FALL - 17B1,2026-07-06 04:24:33
39.1583110000597,-84.479426,2026-07-06T04:30:18.000,DOMINJ - (C) =,2026-07-06 04:30:18
39.1390610000597,-84.553925,2026-07-06T04:36:43.000,BREATH - 6C1A ASTHMA,2026-07-06 04:36:43
39.1069860000598,-84.524156,2026-07-06T04:51:49.000,ABDOM - 1C5,2026-07-06 04:51:49
39.1590010000597,-84.478596,2026-07-06T04:56:33.000,EMS,2026-07-06 04:56:33
39.1067760000598,-84.525979,2026-07-06T05:18:02.000,FALL - 17D4 NOT ALERT,2026-07-06 05:18:02
39.1674130000598,-84.540666,2026-07-06T05:21:50.000,PREG - 24D3 IMMINENT,2026-07-06 05:21:50
39.1886880000597,-84.540348,2026-07-06T05:24:45.000,FAINT - 31A1,2026-07-06 05:24:45
39.1547480000597,-84.503242,2026-07-06T06:19:03.000,BREATH - 6D1A NOT ALERT,2026-07-06 06:19:03
39.1917750000597,-84.574739,2026-07-06T06:31:17.000,SICK - 26A1,2026-07-06 06:31:17
39.1440930000597,-84.51219,2026-07-06T06:38:27.000,ABDOM - 1A1,2026-07-06 06:38:27
39.0981580000598,-84.52628,2026-07-06T06:46:44.000,SICK - 26C2 ABNORMAL BREATH,2026-07-06 06:46:44
39.0865930000598,-84.389121,2026-07-06T06:49:24.000,PERDWN - 32D1 UNKNOWN,2026-07-06 06:49:24
39.1373410000597,-84.500516,2026-07-06T07:06:08.000,EMS,2026-07-06 07:06:08
39.1325080000598,-84.590556,2026-07-06T07:11:03.000,FALL - 17D4 NOT ALERT,2026-07-06 07:11:03
39.1402470000597,-84.538552,2026-07-06T07:12:46.000,BREATH - 6D1E NOT ALERT,2026-07-06 07:12:46
39.1323920000598,-84.473826,2026-07-06T07:19:11.000,SICK - 26A5 GEN WEAKNESS,2026-07-06 07:19:11
39.1072260000598,-84.536726,2026-07-06T07:19:40.000,PERDWN - 32D1 UNKNOWN,2026-07-06 07:19:40
39.1142190000597,-84.52036,2026-07-06T07:20:06.000,PERDWN - 32D1 UNKNOWN,2026-07-06 07:20:06
39.1499430000597,-84.584248,2026-07-06T07:20:10.000,SICK - 26C3 SICKLE CELL,2026-07-06 07:20:10
39.1137890000597,-84.52024,2026-07-06T07:20:29.000,PERDWN - 32B3 UNKNOWN,2026-07-06 07:20:29
39.1141690000597,-84.52107,2026-07-06T07:21:54.000,=PERDWN,2026-07-06 07:21:54
39.1181990000598,-84.493129,2026-07-06T07:38:22.000,CHESTPN - 10C3,2026-07-06 07:38:22
39.1304030000597,-84.544884,2026-07-06T07:38:59.000,WATERR - (C) 81C2 VEH IN FLOOD,2026-07-06 07:38:59
39.1151900000598,-84.580083,2026-07-06T08:08:22.000,BLEED - 21A1,2026-07-06 08:08:22
39.1398220000597,-84.497305,2026-07-06T08:10:21.000,ABDOM - 1A1,2026-07-06 08:10:21
39.1161570000598,-84.565186,2026-07-06T08:21:25.000,FALL - 17D3 UNCONSIOUS,2026-07-06 08:21:25
39.1233200000598,-84.499532,2026-07-06T08:22:29.000,ABDOM - 1A1,2026-07-06 08:22:29
39.1146980000597,-84.564234,2026-07-06T08:23:12.000,PERDWN - 32D1 UNKNOWN,2026-07-06 08:23:12
39.0591010000598,-84.425136,2026-07-06T08:27:06.000,EMS,2026-07-06 08:27:06
39.0850050000598,-84.378013,2026-07-06T08:27:49.000,PERDWN - 32D1 UNKNOWN,2026-07-06 08:27:49
39.0871230000598,-84.381388,2026-07-06T08:37:46.000,PERDWN - 32B1 PT MOV/TALK,2026-07-06 08:37:46
39.1600830000597,-84.408648,2026-07-06T08:46:43.000,SICK - 26C2 ABNORMAL BREATH,2026-07-06 08:46:43
39.0955740000598,-84.389393,2026-07-06T08:48:47.000,PERDWN - 32B1 PT MOV/TALK,2026-07-06 08:48:47
39.1826340000597,-84.560018,2026-07-06T08:49:30.000,FALL - 17C1 FAINTING,2026-07-06 08:49:30
39.1342110000598,-84.617942,2026-07-06T08:49:52.000,FALL - 17B1,2026-07-06 08:49:52
39.1384800000597,-84.509346,2026-07-06T08:49:53.000,PERDWN - 32B3 UNKNOWN,2026-07-06 08:49:53
39.0858750000598,-84.377233,2026-07-06T08:50:27.000,PERDWN - 32D1 UNKNOWN,2026-07-06 08:50:27
39.0898300000598,-84.385068,2026-07-06T08:54:16.000,PERDWN - 32D1 UNKNOWN,2026-07-06 08:54:16
39.1272900000597,-84.602638,2026-07-06T08:54:32.000,COSICK - 52C5X MULTI-FAMILY SM,2026-07-06 08:54:32
39.0888100000598,-84.382739,2026-07-06T08:55:32.000,FALL - 17D4 NOT ALERT,2026-07-06 08:55:32
39.1936800000597,-84.481458,2026-07-06T09:04:38.000,BREATH - 6C1,2026-07-06 09:04:38
39.1455340000597,-84.490652,2026-07-06T09:15:09.000,SICK - 33A1 MED OFF OR CLINIC,2026-07-06 09:15:09
39.0873730000598,-84.382348,2026-07-06T09:27:41.000,PERDWN - 32D1 UNKNOWN,2026-07-06 09:27:41
39.1217520000598,-84.495832,2026-07-06T09:30:32.000,PERDWN - 32B2 MEDICAL ALARM,2026-07-06 09:30:32
39.1516430000598,-84.409071,2026-07-06T09:40:44.000,BREATH - 6D1 NOT ALERT,2026-07-06 09:40:44
39.1187010000598,-84.5614,2026-07-06T09:45:10.000,EMS - (C) =,2026-07-06 09:45:10
39.1918270000597,-84.573214,2026-07-06T09:48:22.000,EMS,2026-07-06 09:48:22
39.0834100000598,-84.37694,2026-07-06T09:55:01.000,FALL - 17B1,2026-07-06 09:55:01
39.1132360000598,-84.520267,2026-07-06T10:08:23.000,BREATH - 6D4 CLAMMY,2026-07-06 10:08:23
39.1616250000597,-84.427278,2026-07-06T10:12:48.000,PERDWN - 32D1 UNKNOWN,2026-07-06 10:12:48
39.1369100000597,-84.57747,2026-07-06T10:20:01.000,ABDOM - 1A1,2026-07-06 10:20:01
39.1396920000597,-84.45429,2026-07-06T10:23:40.000,FALL - 17B4,2026-07-06 10:23:40
39.1426940000597,-84.622698,2026-07-06T10:24:03.000,=EMS1 - ALS1 RESPONSE,2026-07-06 10:24:03
39.2047370000597,-84.459799,2026-07-06T10:28:02.000,ABDOM - 1D1 NOT ALERT,2026-07-06 10:28:02
39.1274960000598,-84.599171,2026-07-06T10:33:14.000,BLEED - 21C2 DIALYSIS FISTULA,2026-07-06 10:33:14
39.1344000000598,-84.571973,2026-07-06T10:40:20.000,BREATH - 6D3,2026-07-06 10:40:20
39.1109120000598,-84.564476,2026-07-06T10:40:29.000,SEIZURE - 12D4,2026-07-06 10:40:29
39.1098750000597,-84.564637,2026-07-06T10:40:38.000,PERDWN - 32B3 UNKNOWN,2026-07-06 10:40:38
39.1698110000597,-84.466298,2026-07-06T10:50:50.000,=EMS - (C),2026-07-06 10:50:50
39.1504990000597,-84.51609,2026-07-06T10:54:19.000,BLEED - 21D4 DANGEROUS BLEED,2026-07-06 10:54:19
39.1221820000597,-84.551269,2026-07-06T11:06:55.000,EMS,2026-07-06 11:06:55
39.1515940000598,-84.410007,2026-07-06T11:08:28.000,SICK - 26D1 NOT ALERT,2026-07-06 11:08:28
39.1433130000597,-84.519596,2026-07-06T11:08:46.000,SEIZURE - 12D2 MULTIPLE,2026-07-06 11:08:46
39.2131500000597,-84.468103,2026-07-06T11:12:49.000,PERDWN - 32D1 UNKNOWN,2026-07-06 11:12:49
39.1868050000597,-84.546572,2026-07-06T11:13:28.000,FALL - 17D5 SOB,2026-07-06 11:13:28
39.1507330000597,-84.48807,2026-07-06T11:16:14.000,DIABETIC - 13A1,2026-07-06 11:16:14
39.1727470000597,-84.430471,2026-07-06T11:28:21.000,ABDOM - 1A1,2026-07-06 11:28:21
39.1417680000598,-84.558718,2026-07-06T11:30:15.000,SICK - 26O11 DIARRHEA,2026-07-06 11:30:15
39.1522990000597,-84.58504,2026-07-06T11:30:46.000,FALL - 17D4 NOT ALERT,2026-07-06 11:30:46
39.1361040000597,-84.60464,2026-07-06T11:34:17.000,PERDWN - 32D1 UNKNOWN,2026-07-06 11:34:17
39.1585630000597,-84.538929,2026-07-06T11:40:01.000,EMS,2026-07-06 11:40:01
39.1044790000598,-84.561317,2026-07-06T11:43:44.000,PERDWN - 32B2 MEDICAL ALARM,2026-07-06 11:43:44
39.1611380000597,-84.60228,2026-07-06T11:55:58.000,EMS,2026-07-06 11:55:58
39.1489460000597,-84.392465,2026-07-06T12:11:35.000,FALL - 17A3 NON RECENT,2026-07-06 12:11:35
39.1054220000598,-84.512817,2026-07-06T12:13:50.000,BREATH - 6C1O,2026-07-06 12:13:50
39.1613900000597,-84.402602,2026-07-06T12:18:04.000,EMS,2026-07-06 12:18:04
39.2156140000597,-84.485385,2026-07-06T12:29:40.000,"BLEED - 21B2T SERIOUS, TRAUMA",2026-07-06 12:29:40
39.1605080000597,-84.572483,2026-07-06T12:37:05.000,CHESTPN - 10C3,2026-07-06 12:37:05
39.1335470000597,-84.488933,2026-07-06T12:37:07.000,EMS,2026-07-06 12:37:07
39.1996870000597,-84.516688,2026-07-06T12:40:23.000,FALL - 17B4,2026-07-06 12:40:23
39.1826640000597,-84.560538,2026-07-06T12:49:29.000,FAINT - 31C1 ABNORMAL BREATH,2026-07-06 12:49:29
39.1611350000597,-84.545358,2026-07-06T12:54:31.000,CHESTPN - 10C3,2026-07-06 12:54:31
39.1953210000597,-84.548309,2026-07-06T12:58:21.000,SICK - 26A8 PAIN,2026-07-06 12:58:21
39.1571890000598,-84.406099,2026-07-06T12:59:30.000,LIFT - 17A4,2026-07-06 12:59:30
39.1497130000597,-84.488111,2026-07-06T13:10:18.000,=EMS1 - ALS1 RESPONSE,2026-07-06 13:10:18
39.1328310000598,-84.46556,2026-07-06T13:19:53.000,CHESTPN - 10C3,2026-07-06 13:19:53
39.1816600000597,-84.519519,2026-07-06T13:21:41.000,STROKE - 28C6F CLEAR EVIDENCE,2026-07-06 13:21:41
39.1058620000598,-84.513147,2026-07-06T13:23:51.000,CHESTPN - 10D2 DIFF SPEAKING,2026-07-06 13:23:51
39.1359600000597,-84.500795,2026-07-06T13:29:16.000,SICK - 33C1 NOT ALERT,2026-07-06 13:29:16
39.2163250000597,-84.462138,2026-07-06T13:35:42.000,SICK - 26A1,2026-07-06 13:35:42
39.1774880000597,-84.412356,2026-07-06T13:44:56.000,BREATH - 6D2,2026-07-06 13:44:56
39.2165820000597,-84.531846,2026-07-06T13:51:27.000,FALL - 17A2,2026-07-06 13:51:27
39.1575590000597,-84.496172,2026-07-06T13:52:03.000,OD - (C) 23D2A ACCIDENTAL,2026-07-06 13:52:03
39.1450900000598,-84.558638,2026-07-06T14:09:35.000,SICK - 26A1,2026-07-06 14:09:35
39.1345200000597,-84.599444,2026-07-06T14:17:30.000,PERDWN - 32D1 UNKNOWN,2026-07-06 14:17:30
39.1852430000597,-84.429594,2026-07-06T14:23:35.000,FALL - 17B1,2026-07-06 14:23:35
39.1081700000598,-84.50863,2026-07-06T14:28:51.000,=EMS1 - ALS1 RESPONSE,2026-07-06 14:28:51
39.1477370000597,-84.508431,2026-07-06T14:32:19.000,BLEED - 21B2 SERIOUS,2026-07-06 14:32:19
39.1318500000598,-84.503496,2026-07-06T14:35:18.000,SICK - 26A8 PAIN,2026-07-06 14:35:18
39.1152100000598,-84.518914,2026-07-06T14:47:29.000,PERDWN - 32D1 UNKNOWN,2026-07-06 14:47:29
39.1931280000597,-84.543426,2026-07-06T14:52:28.000,STROKE - 28C1 NOT ALERT,2026-07-06 14:52:28
39.1581100000597,-84.55149,2026-07-06T14:54:55.000,CHESTPN - 10D1 NOT ALERT,2026-07-06 14:54:55
39.1066610000598,-84.684672,2026-07-06T14:58:20.000,FALL - 17A2,2026-07-06 14:58:20
39.1244290000598,-84.58948,2026-07-06T15:06:12.000,CHESTPN - 10D4 CLAMMY,2026-07-06 15:06:12
39.1595330000597,-84.537829,2026-07-06T15:07:41.000,EMS - (C) =,2026-07-06 15:07:41
39.1487810000597,-84.490097,2026-07-06T15:15:23.000,BREATH - 6D4A ASTHMA,2026-07-06 15:15:23
39.0861930000598,-84.427694,2026-07-06T15:31:08.000,FAINT - 31D4 NOT ALERT,2026-07-06 15:31:08
39.1945380000597,-84.535307,2026-07-06T15:34:47.000,SICK - 26A8 PAIN,2026-07-06 15:34:47
39.1080100000598,-84.50934,2026-07-06T15:34:52.000,EMS,2026-07-06 15:34:52
39.1174180000597,-84.597164,2026-07-06T15:38:00.000,EMS,2026-07-06 15:38:00
39.1472810000597,-84.495003,2026-07-06T15:48:41.000,SICK - 33C6 SEVERE PAIN,2026-07-06 15:48:41
39.1516430000598,-84.409391,2026-07-06T16:02:43.000,SICK - 33C6 SEVERE PAIN,2026-07-06 16:02:43
39.1855840000597,-84.467824,2026-07-06T16:08:09.000,SICK - 26A8 PAIN,2026-07-06 16:08:09
39.1947330000597,-84.480372,2026-07-06T16:23:59.000,=PERDWN,2026-07-06 16:23:59
39.1587150000597,-84.50495,2026-07-06T16:30:49.000,PERDWN - 32B1 PT MOV/TALK,2026-07-06 16:30:49
39.1390230000597,-84.576084,2026-07-06T16:33:01.000,CHESTPN - 10D4 CLAMMY,2026-07-06 16:33:01
39.1730540000597,-84.473784,2026-07-06T16:34:58.000,BREATH - 6D1O NOT ALERT,2026-07-06 16:34:58
39.1321920000598,-84.509564,2026-07-06T16:41:22.000,SICK - 26D1 NOT ALERT,2026-07-06 16:41:22
39.1311420000598,-84.508054,2026-07-06T16:43:13.000,=EMS - (C),2026-07-06 16:43:13
39.1884410000597,-84.497392,2026-07-06T16:47:53.000,PERDWN - 32B3 UNKNOWN,2026-07-06 16:47:53
39.1164680000597,-84.597334,2026-07-06T16:59:50.000,=EMS1 - ALS1 RESPONSE,2026-07-06 16:59:50
39.1069900000598,-84.50813,2026-07-06T17:06:47.000,CHESTPN - 10C3,2026-07-06 17:06:47
39.2005740000597,-84.547988,2026-07-06T17:08:05.000,EMS,2026-07-06 17:08:05
39.1070100000598,-84.50841,2026-07-06T17:12:29.000,=OD - (C),2026-07-06 17:12:29
39.1963420000597,-84.475963,2026-07-06T17:17:03.000,SICK - 26C2 ABNORMAL BREATH,2026-07-06 17:17:03
39.1795190000597,-84.462558,2026-07-06T17:18:46.000,ASSLTI - (C) =,2026-07-06 17:18:46
39.1989380000597,-84.566313,2026-07-06T17:29:22.000,PERDWN - 32B2 MEDICAL ALARM,2026-07-06 17:29:22
39.1523530000598,-84.409551,2026-07-06T17:31:57.000,SICK - 26D1 NOT ALERT,2026-07-06 17:31:57
39.1885420000597,-84.465497,2026-07-06T17:37:18.000,BLEED - 21B1 DANGEROUS,2026-07-06 17:37:18
39.1095350000598,-84.564137,2026-07-06T18:00:22.000,INVEST - 69D5O ODOR OF SMOKE,2026-07-06 18:00:22
39.1664860000597,-84.547978,2026-07-06T18:02:23.000,SICK - 26A1,2026-07-06 18:02:23
39.1252960000598,-84.469975,2026-07-06T18:22:23.000,SICK - 26C1 ALTERED LOC,2026-07-06 18:22:23
39.1362870000597,-84.485344,2026-07-06T18:27:22.000,SICK - 26A5 GEN WEAKNESS,2026-07-06 18:27:22
39.1533410000597,-84.518973,2026-07-06T18:28:08.000,PERDWN - 32D1 UNKNOWN,2026-07-06 18:28:08
39.1028830000598,-84.3846,2026-07-06T18:29:34.000,FALL - 17D4 NOT ALERT,2026-07-06 18:29:34
39.1353610000598,-84.501992,2026-07-06T18:42:18.000,BLEED - 21D3 NOT ALERT,2026-07-06 18:42:18
39.1322730000597,-84.520759,2026-07-06T18:59:12.000,SEIZURE - 12D2 MULTIPLE,2026-07-06 18:59:12
39.1435610000598,-84.604709,2026-07-06T19:01:59.000,SEIZURE - 12C4,2026-07-06 19:01:59
39.1103290000597,-84.505862,2026-07-06T19:06:34.000,"BLEED - 21B2T SERIOUS, TRAUMA",2026-07-06 19:06:34
39.1910480000597,-84.45758,2026-07-06T19:06:57.000,SICK - 26A1,2026-07-06 19:06:57
39.2160130000597,-84.532555,2026-07-06T19:33:29.000,SICK - 26A8 PAIN,2026-07-06 19:33:29
39.1328460000597,-84.437229,2026-07-06T19:41:48.000,SICK - 26A5 GEN WEAKNESS,2026-07-06 19:41:48
39.1335300000598,-84.571373,2026-07-06T19:54:03.000,CHESTPN - 10D4 CLAMMY,2026-07-06 19:54:03
39.1336830000597,-84.570398,2026-07-06T19:56:55.000,ASSLTI - (C) =,2026-07-06 19:56:55
39.1115470000598,-84.526039,2026-07-06T20:03:58.000,EMS,2026-07-06 20:03:58
39.1886640000597,-84.513877,2026-07-06T20:10:16.000,BLEED - 21B1 DANGEROUS,2026-07-06 20:10:16
39.1099200000597,-84.512905,2026-07-06T20:18:27.000,ARREST - 9E1 NOT BREATHING,2026-07-06 20:18:27
39.1339170000597,-84.501998,2026-07-06T20:37:28.000,SICK - 26C2 ABNORMAL BREATH,2026-07-06 20:37:28
39.1335900000598,-84.571153,2026-07-06T20:38:34.000,CHESTPN - 10D2 DIFF SPEAKING,2026-07-06 20:38:34
39.1178630000598,-84.580097,2026-07-06T20:39:44.000,BLEED - 21B1 DANGEROUS,2026-07-06 20:39:44
39.1013770000598,-84.511868,2026-07-06T20:47:18.000,EMS,2026-07-06 20:47:18
39.1863030000597,-84.511013,2026-07-06T20:52:02.000,INJF - 30B2 BLEEDING,2026-07-06 20:52:02
39.1053810000597,-84.581333,2026-07-06T21:01:14.000,BREATH - 6C1,2026-07-06 21:01:14
39.1103140000598,-84.526356,2026-07-06T21:03:34.000,CHESTPN - 10D5 CARDIAC HX,2026-07-06 21:03:34
39.1597430000597,-84.39865,2026-07-06T21:14:38.000,SICK - 26A2 ABNORMAL BP,2026-07-06 21:14:38
39.1771600000597,-84.466919,2026-07-06T21:16:15.000,FALL - 17D4 NOT ALERT,2026-07-06 21:16:15
39.1772310000597,-84.465128,2026-07-06T21:17:52.000,=PERDWN,2026-07-06 21:17:52
39.1558780000597,-84.424397,2026-07-06T21:29:34.000,FAINT - 31D4 NOT ALERT,2026-07-06 21:29:34
39.1557180000597,-84.424077,2026-07-06T21:30:51.000,FALL - 17B1,2026-07-06 21:30:51
39.0966480000598,-84.57773,2026-07-06T22:00:13.000,BREATH - 6D2O,2026-07-06 22:00:13
39.0982020000598,-84.568987,2026-07-06T22:03:45.000,OD - (C) 23C1I INTENTIONAL,2026-07-06 22:03:45
39.1449930000597,-84.537313,2026-07-06T22:07:42.000,CHESTPN - 10D4 CLAMMY,2026-07-06 22:07:42
39.1136740000598,-84.573901,2026-07-06T22:08:57.000,=EMS1 - ALS1 RESPONSE,2026-07-06 22:08:57
39.1774340000597,-84.521891,2026-07-06T22:09:47.000,BREATH - 6C1A ASTHMA,2026-07-06 22:09:47
39.1033470000598,-84.515636,2026-07-06T22:11:39.000,SICK - 26C2 ABNORMAL BREATH,2026-07-06 22:11:39
39.1566590000597,-84.52497,2026-07-06T22:25:52.000,SICK - 26C2 ABNORMAL BREATH,2026-07-06 22:25:52
39.1670420000597,-84.548358,2026-07-06T22:33:20.000,SICK - 26A8 PAIN,2026-07-06 22:33:20
39.1990020000597,-84.53816,2026-07-06T22:47:10.000,CHESTPN - 10D4 CLAMMY,2026-07-06 22:47:10
39.2144300000597,-84.487534,2026-07-06T23:06:03.000,SICK - 33A2 NURSING HOME,2026-07-06 23:06:03
39.1486260000597,-84.496669,2026-07-06T23:09:35.000,CHESTPN - 10C1 ABNORMAL BREATH,2026-07-06 23:09:35
39.1527040000597,-84.606344,2026-07-06T23:20:42.000,SICK - 26D1 NOT ALERT,2026-07-06 23:20:42
39.1346630000597,-84.50183,2026-07-06T23:31:19.000,EMS - (C) =,2026-07-06 23:31:19
39.1551730000597,-84.432506,2026-07-06T23:47:24.000,CHESTPN - 10D2 DIFF SPEAKING,2026-07-06 23:47:24
39.1247760000597,-84.579554,2026-07-06T23:50:45.000,BREATH - 6C1A ASTHMA,2026-07-06 23:50:45
39.1614030000597,-84.407076,2026-07-07T00:02:01.000,BREATH - 6C1O,2026-07-07 00:02:01
39.1529190000597,-84.58391,2026-07-07T00:07:14.000,FALL - 17B1,2026-07-07 00:07:14
39.1744190000597,-84.476913,2026-07-07T00:10:48.000,PERDWN - 32D1 UNKNOWN,2026-07-07 00:10:48
39.1415100000598,-84.493476,2026-07-07T00:16:15.000,FALL - 17B1,2026-07-07 00:16:15
39.0649800000598,-84.42394,2026-07-07T00:36:58.000,STROKE - 28C4 SIDE WEAKNESS,2026-07-07 00:36:58
39.1382580000598,-84.576151,2026-07-07T01:00:27.000,BREATH - 6D1 NOT ALERT,2026-07-07 01:00:27
39.1783520000597,-84.509874,2026-07-07T01:06:09.000,=EMS1 - ALS1 RESPONSE,2026-07-07 01:06:09
39.1742370000597,-84.430631,2026-07-07T01:07:34.000,BLEED - 21D5 ABNORMAL BREATH,2026-07-07 01:07:34
39.1407490000598,-84.580513,2026-07-07T01:16:49.000,FAINT - 31A3,2026-07-07 01:16:49
39.1799000000597,-84.512343,2026-07-07T01:24:22.000,EMS,2026-07-07 01:24:22
39.1305180000598,-84.487189,2026-07-07T01:54:08.000,CHESTPN - 10D2 DIFF SPEAKING,2026-07-07 01:54:08
39.1375260000597,-84.604261,2026-07-07T02:46:24.000,PERDWN - 32D1 UNKNOWN,2026-07-07 02:46:24
39.1236100000598,-84.462795,2026-07-07T02:53:19.000,SICK - 26C2 ABNORMAL BREATH,2026-07-07 02:53:19
39.1187210000598,-84.599404,2026-07-07T02:54:42.000,SICK - 26A11 VOMITING,2026-07-07 02:54:42
39.1592650000597,-84.548947,2026-07-07T03:43:28.000,STROKE - 28C2 ABNORMAL BREATH,2026-07-07 03:43:28
39.1208150000597,-84.601236,2026-07-07T04:01:12.000,ABDOM - 1A1,2026-07-07 04:01:12
39.1318150000597,-84.587564,2026-07-07T04:05:51.000,LIFT - 17A4,2026-07-07 04:05:51
39.1555290000597,-84.561426,2026-07-07T05:04:09.000,EMS,2026-07-07 05:04:09
39.1984770000597,-84.457368,2026-07-07T05:41:05.000,OD - 23D3A ACCIDENTAL,2026-07-07 05:41:05
39.1617530000597,-84.406646,2026-07-07T05:42:31.000,SICK - 26C1 ALTERED LOC,2026-07-07 05:42:31
39.1334290000597,-84.488398,2026-07-07T05:42:32.000,CHESTPN - 10D1 NOT ALERT,2026-07-07 05:42:32
39.1783340000597,-84.412078,2026-07-07T05:50:07.000,SICK - 26A7 IMMOBILE,2026-07-07 05:50:07
39.1291680000598,-84.511544,2026-07-07T05:55:36.000,BLEED - 21D3 NOT ALERT,2026-07-07 05:55:36
39.1555610000597,-84.559838,2026-07-07T06:03:12.000,SICK - 26C2 ABNORMAL BREATH,2026-07-07 06:03:12
39.1250800000598,-84.496394,2026-07-07T06:07:02.000,SICK - 26A11 VOMITING,2026-07-07 06:07:02
39.1891080000597,-84.459645,2026-07-07T06:29:26.000,BREATH - 6C1O,2026-07-07 06:29:26
39.1391170000597,-84.575094,2026-07-07T06:37:56.000,FALL - 17B4,2026-07-07 06:37:56
39.1066910000597,-84.581823,2026-07-07T06:41:13.000,SICK - 26C2 ABNORMAL BREATH,2026-07-07 06:41:13
39.1235300000598,-84.497034,2026-07-07T06:45:16.000,SICK - 26A8 PAIN,2026-07-07 06:45:16
39.1479950000597,-84.493525,2026-07-07T06:51:58.000,CHESTPN - 10D5 CARDIAC HX,2026-07-07 06:51:58
39.1910070000597,-84.456995,2026-07-07T06:56:40.000,FALL - 17B1,2026-07-07 06:56:40
39.1308640000598,-84.613636,2026-07-07T06:58:29.000,SICK - 33A1 MED OFF OR CLINIC,2026-07-07 06:58:29
39.1091780000597,-84.513642,2026-07-07T07:16:08.000,SEIZURE - 12D4,2026-07-07 07:16:08
39.0980250000598,-84.512854,2026-07-07T07:30:28.000,SICK - 26A2 ABNORMAL BP,2026-07-07 07:30:28
39.1309400000598,-84.485887,2026-07-07T07:38:05.000,BREATH - 6D1 NOT ALERT,2026-07-07 07:38:05
39.1595960000597,-84.387979,2026-07-07T07:44:10.000,BREATH - 6C1,2026-07-07 07:44:10
39.1011970000598,-84.510348,2026-07-07T07:45:05.000,SICK - 26A10 UNWELL,2026-07-07 07:45:05
39.1573390000597,-84.493709,2026-07-07T07:59:24.000,SICK - 26A3 VERTIGO,2026-07-07 07:59:24
39.1052310000597,-84.580393,2026-07-07T08:00:27.000,"OD - (C) 23C1A NOT ALERT, ACC",2026-07-07 08:00:27
39.1105450000597,-84.577284,2026-07-07T08:06:46.000,FALL - 17D4 NOT ALERT,2026-07-07 08:06:46
39.1536730000597,-84.484978,2026-07-07T08:19:51.000,BREATH - 6D1E NOT ALERT,2026-07-07 08:19:51
39.1436390000597,-84.519176,2026-07-07T08:22:13.000,CHESTPN - 10C3,2026-07-07 08:22:13
39.1242330000597,-84.508096,2026-07-07T08:30:41.000,CHESTPN - 10C3,2026-07-07 08:30:41
39.1574790000597,-84.52486,2026-07-07T08:31:05.000,BREATH - 6C1,2026-07-07 08:31:05
39.1601930000597,-84.409428,2026-07-07T08:33:46.000,SICK - 33C6 SEVERE PAIN,2026-07-07 08:33:46
39.1635000000597,-84.47464,2026-07-07T09:01:04.000,FALL - 17D4 NOT ALERT,2026-07-07 09:01:04
39.0823510000598,-84.38176,2026-07-07T09:06:51.000,FAINT - 31D2 ABNORMAL BREATH,2026-07-07 09:06:51
39.1873650000597,-84.546262,2026-07-07T09:07:28.000,FALL - 17B1,2026-07-07 09:07:28
39.1466640000597,-84.575184,2026-07-07T09:19:44.000,PERDWN - 32B2 MEDICAL ALARM,2026-07-07 09:19:44
39.1147740000598,-84.521011,2026-07-07T09:23:17.000,SEIZURE - 12A5 AURA,2026-07-07 09:23:17
39.1257480000597,-84.532665,2026-07-07T09:25:00.000,EMS,2026-07-07 09:25:00
39.1438000000597,-84.527208,2026-07-07T09:26:17.000,FALL - 17A3 NON RECENT,2026-07-07 09:26:17
39.2169960000597,-84.47413,2026-07-07T09:26:45.000,CHESTPN - 10D2 DIFF SPEAKING,2026-07-07 09:26:45
39.1991570000597,-84.515858,2026-07-07T09:28:32.000,LIFT - 17A4,2026-07-07 09:28:32
39.1426390000598,-84.485008,2026-07-07T09:31:13.000,FALL - 17B1,2026-07-07 09:31:13
39.1063390000598,-84.515483,2026-07-07T09:32:15.000,FALL - 17D5 SOB,2026-07-07 09:32:15
39.1120590000597,-84.590891,2026-07-07T09:37:14.000,BREATH - 6D2E EMPHYSEMA,2026-07-07 09:37:14
39.1370940000598,-84.604849,2026-07-07T09:52:05.000,FAINT - 31A3,2026-07-07 09:52:05
39.1444770000597,-84.486593,2026-07-07T09:54:38.000,PERDWN - 32B2 MEDICAL ALARM,2026-07-07 09:54:38
39.1946400000597,-84.481148,2026-07-07T10:08:06.000,ABDOM - 1A1,2026-07-07 10:08:06
39.1522100000597,-84.401293,2026-07-07T10:08:08.000,LIFT - 17A4,2026-07-07 10:08:08
39.1107530000598,-84.514482,2026-07-07T10:20:28.000,PERDWN - 32D1 UNKNOWN,2026-07-07 10:20:28
39.1384210000597,-84.553625,2026-07-07T10:20:33.000,SICK - 26A8 PAIN,2026-07-07 10:20:33
39.1402310000598,-84.585542,2026-07-07T10:20:51.000,SICK - 26O28 INFECTION,2026-07-07 10:20:51
39.1492880000597,-84.570257,2026-07-07T10:24:53.000,SICK - 26C2 ABNORMAL BREATH,2026-07-07 10:24:53
39.1110750000597,-84.578774,2026-07-07T10:29:38.000,STROKE - 28C1 NOT ALERT,2026-07-07 10:29:38
39.1533450000597,-84.488459,2026-07-07T10:30:54.000,BREATH - 6D4O CLAMMY,2026-07-07 10:30:54
39.0891830000598,-84.384139,2026-07-07T10:56:17.000,SICK - 26A10 UNWELL,2026-07-07 10:56:17
39.0931310000598,-84.386024,2026-07-07T10:59:37.000,PERDWN - 32D1 UNKNOWN,2026-07-07 10:59:37
39.1805590000597,-84.511113,2026-07-07T11:02:22.000,BREATH - 6D2E EMPHYSEMA,2026-07-07 11:02:22
39.1062730000598,-84.512835,2026-07-07T11:04:16.000,SICK - 26O28 INFECTION,2026-07-07 11:04:16
39.1223680000598,-84.501277,2026-07-07T11:23:39.000,SEIZURE - 12D2 MULTIPLE,2026-07-07 11:23:39
39.1141420000598,-84.517591,2026-07-07T11:59:24.000,EMS,2026-07-07 11:59:24
39.1105270000597,-84.505576,2026-07-07T12:09:46.000,CHESTPN - 10D2 DIFF SPEAKING,2026-07-07 12:09:46
39.1455760000598,-84.592235,2026-07-07T12:11:55.000,SEIZURE - 12D4,2026-07-07 12:11:55
39.1105630000598,-84.514382,2026-07-07T12:13:53.000,=EMS - (C),2026-07-07 12:13:53
39.1079480000598,-84.567601,2026-07-07T12:18:57.000,EMS,2026-07-07 12:18:57
39.1370260000597,-84.50347,2026-07-07T12:21:45.000,BREATH - 6D2,2026-07-07 12:21:45
39.1917820000597,-84.460919,2026-07-07T12:25:01.000,PERDWN - 32B2 MEDICAL ALARM,2026-07-07 12:25:01
39.2156000000597,-84.487474,2026-07-07T12:27:44.000,SICK - 26A1,2026-07-07 12:27:44
39.1043720000598,-84.553786,2026-07-07T12:35:38.000,PERDWN - 32D1 UNKNOWN,2026-07-07 12:35:38
39.1594650000597,-84.420414,2026-07-07T12:37:57.000,FAINT - 31D3,2026-07-07 12:37:57
39.1379740000597,-84.477847,2026-07-07T12:52:20.000,SICK - 26A8 PAIN,2026-07-07 12:52:20
39.1132990000598,-84.529175,2026-07-07T12:56:58.000,LIFT - 17A4,2026-07-07 12:56:58
39.1472960000597,-84.496972,2026-07-07T12:58:28.000,LIFT - 53A2,2026-07-07 12:58:28
39.0693870000598,-84.425109,2026-07-07T13:10:26.000,FAINT - 31A1,2026-07-07 13:10:26
39.1569450000597,-84.425314,2026-07-07T13:15:10.000,SICK - 26A10 UNWELL,2026-07-07 13:15:10
39.1359210000598,-84.502542,2026-07-07T13:23:35.000,FAINT - 31D3,2026-07-07 13:23:35
39.1181490000598,-84.517451,2026-07-07T13:26:55.000,CHESTPN - 10D4 CLAMMY,2026-07-07 13:26:55
39.1511830000597,-84.487634,2026-07-07T13:31:42.000,SICK - 26A8 PAIN,2026-07-07 13:31:42
39.1184770000598,-84.528034,2026-07-07T13:41:38.000,PERDWN - 32D1 UNKNOWN,2026-07-07 13:41:38
39.1448150000598,-84.55854,2026-07-07T13:47:27.000,SICK - 26C2 ABNORMAL BREATH,2026-07-07 13:47:27
39.1049030000597,-84.509803,2026-07-07T13:48:38.000,PERDWN - 32D1 UNKNOWN,2026-07-07 13:48:38
39.1269890000598,-84.600052,2026-07-07T13:50:12.000,EMS,2026-07-07 13:50:12
39.1108980000598,-84.52873,2026-07-07T13:53:27.000,INJF - 30B2 BLEEDING,2026-07-07 13:53:27
39.1235170000598,-84.489742,2026-07-07T13:59:01.000,ABDOM - 1A1,2026-07-07 13:59:01
39.1316260000597,-84.585459,2026-07-07T13:59:02.000,ARREST - 9E1 NOT BREATHING,2026-07-07 13:59:02
39.1572300000598,-84.52278,2026-07-07T13:59:39.000,BLEED - 21B2 SERIOUS,2026-07-07 13:59:39
39.1322160000597,-84.586979,2026-07-07T13:59:43.000,EMS,2026-07-07 13:59:43
39.1186810000598,-84.555786,2026-07-07T14:00:35.000,FAINT - 31A2,2026-07-07 14:00:35
39.1033220000597,-84.52886,2026-07-07T14:02:21.000,=EMS1 - ALS1 RESPONSE,2026-07-07 14:02:21
39.1068500000598,-84.50964,2026-07-07T14:04:44.000,CHESTPN - 10D4 CLAMMY,2026-07-07 14:04:44
39.1046630000598,-84.534851,2026-07-07T14:07:40.000,=EMS1 - ALS1 RESPONSE,2026-07-07 14:07:40
39.1041170000597,-84.552232,2026-07-07T14:07:59.000,FAINT - 31D1 AGONAL BREATHING,2026-07-07 14:07:59
39.1900880000597,-84.483665,2026-07-07T14:19:45.000,SICK - 26D1 NOT ALERT,2026-07-07 14:19:45
39.1038720000597,-84.52974,2026-07-07T14:29:05.000,PERDWN - 32D1 UNKNOWN,2026-07-07 14:29:05
39.1913790000597,-84.459741,2026-07-07T14:38:18.000,CHESTPN - 10C3,2026-07-07 14:38:18
39.1364670000598,-84.535998,2026-07-07T14:45:05.000,FAINT - 31C3 ABDOMINAL PAIN,2026-07-07 14:45:05
39.1066860000598,-84.52925,2026-07-07T14:45:08.000,STROKE - 28A1,2026-07-07 14:45:08
39.1124470000598,-84.5148,2026-07-07T14:48:31.000,BREATH - 6D1 NOT ALERT,2026-07-07 14:48:31
39.1070970000598,-84.565721,2026-07-07T14:59:25.000,FALL - 17A2,2026-07-07 14:59:25
39.1422990000597,-84.520456,2026-07-07T15:00:24.000,FAINT - 31C1 ABNORMAL BREATH,2026-07-07 15:00:24
39.1044980000597,-84.51018,2026-07-07T15:01:30.000,PERDWN - 32D1 UNKNOWN,2026-07-07 15:01:30
39.1686080000597,-84.481499,2026-07-07T15:02:40.000,EMS,2026-07-07 15:02:40
39.1045480000598,-84.520737,2026-07-07T15:02:57.000,CHESTPN - 10C3,2026-07-07 15:02:57
39.1096270000598,-84.515908,2026-07-07T15:04:16.000,FALL - 17B1,2026-07-07 15:04:16
39.1284620000598,-84.515594,2026-07-07T15:07:05.000,PERDWN - 32D1 UNKNOWN,2026-07-07 15:07:05
39.1166560000598,-84.518863,2026-07-07T15:24:54.000,PERDWN - 32D1 UNKNOWN,2026-07-07 15:24:54
39.1069390000598,-84.511079,2026-07-07T15:31:29.000,=EMS - (C),2026-07-07 15:31:29
39.1140800000598,-84.528178,2026-07-07T15:32:12.000,DOMINJ - (C)(W) =,2026-07-07 15:32:12
39.1356090000597,-84.502564,2026-07-07T15:32:43.000,PERDWN - 32D1 UNKNOWN,2026-07-07 15:32:43
39.1417790000597,-84.49627,2026-07-07T15:33:18.000,BLEED - 21B1 DANGEROUS,2026-07-07 15:33:18
39.1393440000597,-84.491039,2026-07-07T15:35:04.000,STROKE - 28C2F CLEAR EVIDENCE,2026-07-07 15:35:04
39.1184490000597,-84.527454,2026-07-07T15:40:22.000,BREATH - 6D1 NOT ALERT,2026-07-07 15:40:22
39.1319650000598,-84.479758,2026-07-07T15:43:12.000,SICK - 33A2 NURSING HOME,2026-07-07 15:43:12
39.0872440000598,-84.380345,2026-07-07T15:52:50.000,FALL - 17A2,2026-07-07 15:52:50
39.1155710000598,-84.52906,2026-07-07T16:02:35.000,SICK - 26A11 VOMITING,2026-07-07 16:02:35
39.0963120000598,-84.509676,2026-07-07T16:05:25.000,=EMS - (C),2026-07-07 16:05:25
39.1452300000597,-84.459238,2026-07-07T16:11:52.000,SICK - 33C6 SEVERE PAIN,2026-07-07 16:11:52
39.1507010000597,-84.510651,2026-07-07T16:16:14.000,ASSLTI - (C)(W) =,2026-07-07 16:16:14
39.2136080000597,-84.537804,2026-07-07T16:28:03.000,"OD - (C)(V) 23C5V, NARCOTIC",2026-07-07 16:28:03
39.1592460000597,-84.426076,2026-07-07T16:28:29.000,FAINT - 31C1 ABNORMAL BREATH,2026-07-07 16:28:29
39.2129280000597,-84.467956,2026-07-07T16:42:23.000,BREATH - 6D2O,2026-07-07 16:42:23
39.1277160000597,-84.602658,2026-07-07T16:48:49.000,PERDWN - 32D1 UNKNOWN,2026-07-07 16:48:49
39.1055440000598,-84.50782,2026-07-07T16:51:27.000,EMS,2026-07-07 16:51:27
39.1994680000597,-84.517363,2026-07-07T16:59:37.000,PERDWN - 32B2 MEDICAL ALARM,2026-07-07 16:59:37
39.1901910000597,-84.489605,2026-07-07T17:07:37.000,SICK - 26C2 ABNORMAL BREATH,2026-07-07 17:07:37
39.1413770000597,-84.58735,2026-07-07T17:09:52.000,BREATH - 6D1 NOT ALERT,2026-07-07 17:09:52
39.1523690000597,-84.532668,2026-07-07T17:11:02.000,SICK - 26A8 PAIN,2026-07-07 17:11:02
39.1095740000598,-84.518264,2026-07-07T17:12:06.000,FAINT - 31C1 ABNORMAL BREATH,2026-07-07 17:12:06
39.1316190000598,-84.528702,2026-07-07T17:18:13.000,DOMINJ - (C) =,2026-07-07 17:18:13
39.1240930000598,-84.564055,2026-07-07T17:22:00.000,FALL - 17A2,2026-07-07 17:22:00
39.1201100000597,-84.544905,2026-07-07T17:22:26.000,ABDOM - 1C4,2026-07-07 17:22:26
39.1186520000597,-84.506526,2026-07-07T17:35:43.000,SEIZURE - 12A2,2026-07-07 17:35:43
39.2162470000597,-84.485729,2026-07-07T17:40:47.000,BLEED - 33C3 SERIOUS,2026-07-07 17:40:47
39.1987590000597,-84.549526,2026-07-07T17:45:30.000,FAINT - 31D2 ABNORMAL BREATH,2026-07-07 17:45:30
39.1142570000598,-84.582473,2026-07-07T17:47:09.000,SEIZURE - 12C4,2026-07-07 17:47:09
39.1492520000597,-84.490765,2026-07-07T17:47:47.000,SICK - 26O28 INFECTION,2026-07-07 17:47:47
39.1204600000598,-84.513813,2026-07-07T18:00:46.000,SICK - 26A1,2026-07-07 18:00:46
39.1315090000598,-84.528472,2026-07-07T18:17:33.000,=EMS1 - ALS1 RESPONSE,2026-07-07 18:17:33
39.1663390000597,-84.470392,2026-07-07T18:21:53.000,SICK - 26A8 PAIN,2026-07-07 18:21:53
39.1111300000598,-84.529001,2026-07-07T18:27:30.000,BREATH - 33C2 ABNORMAL,2026-07-07 18:27:30
39.1076500000598,-84.50807,2026-07-07T18:29:58.000,=EMS - (C),2026-07-07 18:29:58
39.1442460000598,-84.521535,2026-07-07T18:33:28.000,=EMS1 - ALS1 RESPONSE,2026-07-07 18:33:28
39.1356070000597,-84.516086,2026-07-07T18:33:49.000,BREATH - 6D4 CLAMMY,2026-07-07 18:33:49
39.2017030000597,-84.457158,2026-07-07T18:34:36.000,CHESTPN - 10D2 DIFF SPEAKING,2026-07-07 18:34:36
39.1193510000598,-84.57738,2026-07-07T18:35:26.000,FALL - 17B1,2026-07-07 18:35:26
39.1341620000598,-84.512176,2026-07-07T18:36:42.000,SICK - 26C2 ABNORMAL BREATH,2026-07-07 18:36:42
39.1380170000597,-84.575364,2026-07-07T18:43:22.000,FALL - 17A3 NON RECENT,2026-07-07 18:43:22
39.1951400000597,-84.569801,2026-07-07T18:51:14.000,=EMS1 - ALS1 RESPONSE,2026-07-07 18:51:14
39.0975920000598,-84.509866,2026-07-07T18:53:55.000,PREG - 24B2,2026-07-07 18:53:55
39.1550860000597,-84.554281,2026-07-07T18:57:01.000,PERDWN - 32B2 MEDICAL ALARM,2026-07-07 18:57:01
39.1820700000597,-84.517989,2026-07-07T19:09:22.000,CHESTPN - 10D4 CLAMMY,2026-07-07 19:09:22
39.1060750000598,-84.493648,2026-07-07T19:09:50.000,OUTDR - 67A2 ILLEGAL BURN,2026-07-07 19:09:50
39.1105400000598,-84.530401,2026-07-07T19:12:34.000,SICK - 26A1,2026-07-07 19:12:34
39.1313160000598,-84.599673,2026-07-07T19:12:40.000,INJF - 30B2 BLEEDING,2026-07-07 19:12:40
39.0990650000598,-84.511672,2026-07-07T19:16:35.000,ASSLTI - (C) =,2026-07-07 19:16:35
39.1825330000597,-84.425149,2026-07-07T19:18:22.000,ASSLTI - (C)(W) =,2026-07-07 19:18:22
39.1983850000597,-84.536363,2026-07-07T19:18:37.000,BLEED - 21A1,2026-07-07 19:18:37
39.2067680000597,-84.456875,2026-07-07T19:26:23.000,FAINT - 31A3,2026-07-07 19:26:23
39.1365120000598,-84.536543,2026-07-07T19:30:11.000,ABDOM - 1A1,2026-07-07 19:30:11
39.1836320000597,-84.567238,2026-07-07T19:35:04.000,BREATH - 6E1A ASTHMA,2026-07-07 19:35:04
39.1676310000597,-84.531985,2026-07-07T19:36:17.000,BREATH - 6D2,2026-07-07 19:36:17
39.1572790000597,-84.526,2026-07-07T19:38:58.000,BREATH - 33C2 ABNORMAL,2026-07-07 19:38:58
39.1099700000598,-84.590856,2026-07-07T19:45:18.000,ABDOM - 1C3,2026-07-07 19:45:18
39.1446050000597,-84.430176,2026-07-07T19:56:13.000,FALL - 17B1,2026-07-07 19:56:13
39.1294310000597,-84.509767,2026-07-07T19:58:22.000,SICK - 26A8 PAIN,2026-07-07 19:58:22
39.1723460000597,-84.543621,2026-07-07T20:07:25.000,ABDOM - 1C6,2026-07-07 20:07:25
39.1611720000597,-84.396487,2026-07-07T20:08:50.000,FAINT - 31D4 NOT ALERT,2026-07-07 20:08:50
39.1608320000597,-84.396547,2026-07-07T20:09:30.000,SEIZURE - 12D4,2026-07-07 20:09:30
39.1982910000597,-84.457326,2026-07-07T20:09:59.000,ABDOM - 1C6,2026-07-07 20:09:59
39.1575810000597,-84.523692,2026-07-07T20:10:35.000,LIFT - 53A2,2026-07-07 20:10:35
39.2058850000597,-84.552191,2026-07-07T20:13:32.000,STROKE - 28C3F CLEAR EVIDENCE,2026-07-07 20:13:32
39.1131590000598,-84.528685,2026-07-07T20:14:56.000,LIFT - 17A4,2026-07-07 20:14:56
39.0989480000598,-84.52615,2026-07-07T20:28:04.000,SICK - 26A11 VOMITING,2026-07-07 20:28:04
39.2061000000597,-84.528958,2026-07-07T20:38:28.000,BREATH - 6D1A NOT ALERT,2026-07-07 20:38:28
39.1409590000597,-84.583401,2026-07-07T20:40:48.000,FAINT - 31D2 ABNORMAL BREATH,2026-07-07 20:40:48
39.1005300000598,-84.433011,2026-07-07T20:41:36.000,FAINT - 31D2 ABNORMAL BREATH,2026-07-07 20:41:36
39.1344600000598,-84.571193,2026-07-07T20:54:32.000,SICK - 33C1 NOT ALERT,2026-07-07 20:54:32
39.1129040000598,-84.515975,2026-07-07T20:55:39.000,SEIZURE - 12C3 DIABETIC,2026-07-07 20:55:39
39.1834440000597,-84.561148,2026-07-07T20:59:16.000,FALL - 17B1,2026-07-07 20:59:16
39.1012000000598,-84.433381,2026-07-07T21:00:18.000,FAINT - 31A3,2026-07-07 21:00:18
39.0995600000598,-84.433991,2026-07-07T21:03:56.000,EMS,2026-07-07 21:03:56
39.0993600000598,-84.433511,2026-07-07T21:06:42.000,EMS,2026-07-07 21:06:42
39.1004200000598,-84.433791,2026-07-07T21:14:41.000,EMS,2026-07-07 21:14:41
39.1303960000598,-84.510154,2026-07-07T21:21:05.000,CHESTPN - 10A1,2026-07-07 21:21:05
39.1492560000597,-84.571512,2026-07-07T21:23:47.000,ARREST - 9E1 NOT BREATHING,2026-07-07 21:23:47
39.1093440000598,-84.420344,2026-07-07T21:26:38.000,EMS,2026-07-07 21:26:38
39.1593330000597,-84.408158,2026-07-07T21:26:51.000,CHESTPN - 10C1 ABNORMAL BREATH,2026-07-07 21:26:51
39.2141600000597,-84.487794,2026-07-07T21:29:13.000,FALL - 17B1,2026-07-07 21:29:13
39.1932160000597,-84.485932,2026-07-07T21:36:04.000,SEIZURE - 12C7 ATYPICAL,2026-07-07 21:36:04
39.1008400000598,-84.432401,2026-07-07T21:48:39.000,FAINT - 31D4 NOT ALERT,2026-07-07 21:48:39
39.1007200000598,-84.432561,2026-07-07T21:57:25.000,EMS,2026-07-07 21:57:25
39.1336310000597,-84.499771,2026-07-07T21:58:53.000,EMS,2026-07-07 21:58:53
39.1572910000597,-84.521846,2026-07-07T22:04:24.000,FALL - 17B4,2026-07-07 22:04:24
39.1443880000597,-84.433805,2026-07-07T22:04:56.000,SICK - 26C2 ABNORMAL BREATH,2026-07-07 22:04:56
39.1447380000597,-84.432655,2026-07-07T22:05:30.000,OD - (C) 23C1I INTENTIONAL,2026-07-07 22:05:30
39.1467450000597,-84.494485,2026-07-07T22:20:25.000,BREATH - 6D2,2026-07-07 22:20:25
39.1287800000597,-84.476706,2026-07-07T22:32:45.000,PERDWN - 32D1 UNKNOWN,2026-07-07 22:32:45
39.1742880000597,-84.472177,2026-07-07T22:35:21.000,CHESTPN - 10D4 CLAMMY,2026-07-07 22:35:21
39.1382640000597,-84.578516,2026-07-07T22:40:17.000,LIFT - 17A4,2026-07-07 22:40:17
39.1573730000597,-84.419763,2026-07-07T22:41:25.000,CHESTPN - 10C1 ABNORMAL BREATH,2026-07-07 22:41:25
39.2072310000597,-84.467991,2026-07-07T22:41:34.000,BREATH - 6D2E EMPHYSEMA,2026-07-07 22:41:34
39.1643750000597,-84.54393,2026-07-07T22:44:46.000,PERDWN - 32D1 UNKNOWN,2026-07-07 22:44:46
39.1483440000598,-84.612125,2026-07-07T22:50:54.000,PERDWN - 32D1 UNKNOWN,2026-07-07 22:50:54
39.0999600000598,-84.434021,2026-07-07T22:57:26.000,FAINT - 31D2 ABNORMAL BREATH,2026-07-07 22:57:26
39.1006840000598,-84.431821,2026-07-07T22:59:47.000,=EMS1 - ALS1 RESPONSE,2026-07-07 22:59:47
39.2007870000597,-84.516958,2026-07-07T23:11:07.000,STROKE - 28C2F CLEAR EVIDENCE,2026-07-07 23:11:07
39.1387450000597,-84.556747,2026-07-07T23:20:53.000,PERDWN - 32D1 UNKNOWN,2026-07-07 23:20:53
39.0998800000598,-84.432651,2026-07-07T23:27:32.000,EMS,2026-07-07 23:27:32
39.1108370000597,-84.506506,2026-07-07T23:49:10.000,=EMS2 - ALS2 RESPONSE,2026-07-07 23:49:10
39.1808130000597,-84.512187,2026-07-07T23:55:59.000,LIFT - 17A4,2026-07-07 23:55:59
39.2015130000597,-84.531783,2026-07-07T23:56:24.000,SICK - 26D1 NOT ALERT,2026-07-07 23:56:24
39.1244480000598,-84.492002,2026-07-08T00:07:14.000,SICK - 26C2 ABNORMAL BREATH,2026-07-08 00:07:14
39.1470340000597,-84.503211,2026-07-08T00:20:07.000,BREATH - 6C1A ASTHMA,2026-07-08 00:20:07
39.1072100000598,-84.50812,2026-07-08T00:38:06.000,EMS,2026-07-08 00:38:06
39.1113500000598,-84.525276,2026-07-08T00:39:38.000,DIABETIC - 13A1,2026-07-08 00:39:38
39.1389510000597,-84.578558,2026-07-08T00:41:27.000,BREATH - 6D1E NOT ALERT,2026-07-08 00:41:27
39.0833320000598,-84.379929,2026-07-08T00:43:58.000,CHESTPN - 10C1 ABNORMAL BREATH,2026-07-08 00:43:58
39.1370830000597,-84.477428,2026-07-08T00:45:39.000,=DOMINJ - (C),2026-07-08 00:45:39
39.1663360000597,-84.548478,2026-07-08T00:54:13.000,SICK - 26A8 PAIN,2026-07-08 00:54:13
39.1610390000597,-84.380963,2026-07-08T00:55:44.000,SICK - 26A6 NAUSEA,2026-07-08 00:55:44
39.1308600000597,-84.588902,2026-07-08T01:12:33.000,DIABETIC - 13C1 NOT ALERT,2026-07-08 01:12:33
39.0973540000598,-84.518057,2026-07-08T01:15:33.000,=PERDWN,2026-07-08 01:15:33
39.1239060000598,-84.516382,2026-07-08T01:16:21.000,SICK - 26D1 NOT ALERT,2026-07-08 01:16:21
39.1106330000598,-84.56322,2026-07-08T01:25:42.000,ABDOM - 1A1,2026-07-08 01:25:42
39.1804690000597,-84.512667,2026-07-08T01:49:57.000,SICK - 26A8 PAIN,2026-07-08 01:49:57
39.1369440000597,-84.579126,2026-07-08T01:59:10.000,PERDWN - 32B2 MEDICAL ALARM,2026-07-08 01:59:10
39.1455910000597,-84.495483,2026-07-08T02:00:55.000,BREATH - 6C1O,2026-07-08 02:00:55
39.1252530000597,-84.523391,2026-07-08T02:17:24.000,"OD - (C) 23C1A NOT ALERT, ACC",2026-07-08 02:17:24
39.1355210000597,-84.471766,2026-07-08T02:23:33.000,SICK - 26O20 OBJECT STUCK,2026-07-08 02:23:33
39.0968120000598,-84.508958,2026-07-08T02:30:54.000,ABDOM - 1A1,2026-07-08 02:30:54
39.1660660000597,-84.548408,2026-07-08T02:37:14.000,SICK - 26O8 CRAMPS,2026-07-08 02:37:14
39.1127290000598,-84.506807,2026-07-08T02:41:49.000,OD - (C) 23C1I INTENTIONAL,2026-07-08 02:41:49
39.1073730000598,-84.528042,2026-07-08T02:43:38.000,DIABETIC - 13A1,2026-07-08 02:43:38
39.1111750000598,-84.517049,2026-07-08T02:55:37.000,=EMS - (C),2026-07-08 02:55:37
39.1536400000597,-84.483744,2026-07-08T03:14:46.000,SICK - 26C1 ALTERED LOC,2026-07-08 03:14:46
39.1487210000598,-84.592993,2026-07-08T03:28:10.000,BREATH - 6D4 CLAMMY,2026-07-08 03:28:10
39.1044470000598,-84.502358,2026-07-08T03:46:37.000,=EMS - (C),2026-07-08 03:46:37
39.1341950000598,-84.599431,2026-07-08T04:07:03.000,SICK - 26C2 ABNORMAL BREATH,2026-07-08 04:07:03
39.1258110000597,-84.562775,2026-07-08T04:52:54.000,INJF - 30D4 DIFF BREATHING,2026-07-08 04:52:54
39.1420800000597,-84.486978,2026-07-08T05:29:50.000,CHESTPN - 10C3,2026-07-08 05:29:50
39.1176360000597,-84.516517,2026-07-08T05:33:59.000,BREATH - 6C1E EMPHYSEMA,2026-07-08 05:33:59
39.1510590000597,-84.532868,2026-07-08T06:01:21.000,ABDOM - 1C6,2026-07-08 06:01:21
39.1031200000598,-84.535329,2026-07-08T06:33:00.000,ABDOM - 1C5,2026-07-08 06:33:00
39.1207700000598,-84.514853,2026-07-08T06:34:53.000,FALL - 17B1,2026-07-08 06:34:53
39.1223570000598,-84.490502,2026-07-08T06:39:35.000,SICK - 26A4 FEVER,2026-07-08 06:39:35
39.1349700000597,-84.492946,2026-07-08T06:46:51.000,SICK - 26A8 PAIN,2026-07-08 06:46:51
39.1421940000598,-84.530996,2026-07-08T07:07:24.000,SICK - 26A8 PAIN,2026-07-08 07:07:24
39.1470390000597,-84.621358,2026-07-08T08:01:15.000,FALL - 17B4,2026-07-08 08:01:15
39.2192380000597,-84.482486,2026-07-08T08:04:45.000,SICK - 26A11 VOMITING,2026-07-08 08:04:45
39.1369620000597,-84.535613,2026-07-08T08:09:48.000,PERDWN - 32D1 UNKNOWN,2026-07-08 08:09:48
39.1260150000597,-84.502237,2026-07-08T08:10:26.000,ABDOM - 1C3,2026-07-08 08:10:26
39.1763770000597,-84.461167,2026-07-08T08:13:03.000,SICK - 26A2 ABNORMAL BP,2026-07-08 08:13:03
39.1261620000598,-84.535604,2026-07-08T08:18:23.000,PERDWN - 32D1 UNKNOWN,2026-07-08 08:18:23
39.1148320000598,-84.519292,2026-07-08T08:35:56.000,FALL - 17B4,2026-07-08 08:35:56
39.1303190000597,-84.557833,2026-07-08T08:47:19.000,BLEED - 21D3 NOT ALERT,2026-07-08 08:47:19
39.2010410000597,-84.541129,2026-07-08T08:56:34.000,BREATH - 6C1A ASTHMA,2026-07-08 08:56:34
39.1130540000597,-84.514778,2026-07-08T08:56:47.000,PERDWN - 32D1 UNKNOWN,2026-07-08 08:56:47
39.1561330000597,-84.397498,2026-07-08T08:58:58.000,FALL - 17A2,2026-07-08 08:58:58
39.1030690000598,-84.390401,2026-07-08T09:06:52.000,"BLEED - 21B2T SERIOUS, TRAUMA",2026-07-08 09:06:52
39.1914940000597,-84.457756,2026-07-08T09:15:35.000,SICK - 26A7 IMMOBILE,2026-07-08 09:15:35
39.1577480000597,-84.407138,2026-07-08T09:28:00.000,FAINT - 31C1 ABNORMAL BREATH,2026-07-08 09:28:00
39.1454980000597,-84.605087,2026-07-08T09:38:19.000,SEIZURE - 12D2 MULTIPLE,2026-07-08 09:38:19
39.1039880000598,-84.513249,2026-07-08T09:39:48.000,HEARTPRB - 19C4 CARDIAC HX,2026-07-08 09:39:48
39.1129850000598,-84.516976,2026-07-08T09:43:36.000,FAINT - 31C1 ABNORMAL BREATH,2026-07-08 09:43:36
39.1734710000597,-84.481889,2026-07-08T09:48:16.000,SEIZURE - 12C3 DIABETIC,2026-07-08 09:48:16
39.1455480000597,-84.497553,2026-07-08T09:49:32.000,SICK - 26A8 PAIN,2026-07-08 09:49:32
39.1468110000597,-84.490893,2026-07-08T09:51:41.000,SICK - 26A2 ABNORMAL BP,2026-07-08 09:51:41
39.1567170000597,-84.539869,2026-07-08T10:14:00.000,SICK - 26A2 ABNORMAL BP,2026-07-08 10:14:00
39.1568510000597,-84.526962,2026-07-08T10:14:29.000,SICK - 26C2 ABNORMAL BREATH,2026-07-08 10:14:29
39.1106330000598,-84.569415,2026-07-08T10:35:08.000,FALL - 17D4 NOT ALERT,2026-07-08 10:35:08
39.1553100000597,-84.404171,2026-07-08T10:47:55.000,ALRGY - 2C1 DIFF BREATHING,2026-07-08 10:47:55
39.1253580000598,-84.475279,2026-07-08T10:49:45.000,SICK - 26A1,2026-07-08 10:49:45
39.2154770000597,-84.487139,2026-07-08T10:51:42.000,FALL - 17B1,2026-07-08 10:51:42
39.1330970000597,-84.488981,2026-07-08T11:15:27.000,PERDWN - 32D1 UNKNOWN,2026-07-08 11:15:27
39.1308370000598,-84.488927,2026-07-08T11:23:25.000,SICK - 26A2 ABNORMAL BP,2026-07-08 11:23:25
39.0977920000598,-84.511236,2026-07-08T11:43:51.000,BLEED - 21D5 ABNORMAL BREATH,2026-07-08 11:43:51
39.1757070000597,-84.476718,2026-07-08T11:46:51.000,CHESTPN - 10D2 DIFF SPEAKING,2026-07-08 11:46:51
39.1322210000598,-84.46505,2026-07-08T11:47:48.000,BLEED - 21B4 BLOOD THINNERS,2026-07-08 11:47:48
39.1489500000598,-84.40526,2026-07-08T11:51:30.000,FALL - 17A1 DEFORMITY,2026-07-08 11:51:30
39.1412760000598,-84.620822,2026-07-08T11:57:22.000,FALL - 17A3 NON RECENT,2026-07-08 11:57:22
39.1130380000598,-84.512842,2026-07-08T11:58:00.000,OD - (C) 23B1I INTENTIONAL,2026-07-08 11:58:00
39.1528920000597,-84.484964,2026-07-08T11:58:12.000,SICK - 26A11 VOMITING,2026-07-08 11:58:12
39.1056930000598,-84.513185,2026-07-08T11:58:45.000,CHESTPN - 10C3,2026-07-08 11:58:45
39.1438990000598,-84.620993,2026-07-08T12:08:19.000,FAINT - 31A3,2026-07-08 12:08:19
39.0984380000598,-84.527,2026-07-08T12:19:18.000,BREATH - 6D4A ASTHMA,2026-07-08 12:19:18
39.1818720000597,-84.413125,2026-07-08T12:23:04.000,FAINT - 31D4 NOT ALERT,2026-07-08 12:23:04
39.1324210000597,-84.463582,2026-07-08T12:36:22.000,SICK - 26A7 IMMOBILE,2026-07-08 12:36:22
39.1765410000597,-84.439875,2026-07-08T12:40:07.000,FAINT - 31D4 NOT ALERT,2026-07-08 12:40:07
39.1105320000597,-84.532988,2026-07-08T12:47:48.000,PERDWN - 32D1 UNKNOWN,2026-07-08 12:47:48
39.1358280000597,-84.500839,2026-07-08T12:47:50.000,SEIZURE - 12C3 DIABETIC,2026-07-08 12:47:50
39.1121980000598,-84.513932,2026-07-08T12:52:24.000,=EMS2 - ALS2 RESPONSE,2026-07-08 12:52:24
39.1240000000598,-84.500172,2026-07-08T12:52:48.000,EMS,2026-07-08 12:52:48
39.1131380000598,-84.512772,2026-07-08T12:53:22.000,CHESTPN - 10D4 CLAMMY,2026-07-08 12:53:22
39.1439940000597,-84.500674,2026-07-08T12:56:14.000,SICK - 33A2 NURSING HOME,2026-07-08 12:56:14
39.0984280000598,-84.52578,2026-07-08T12:57:28.000,PERDWN - 32D1 UNKNOWN,2026-07-08 12:57:28
39.1797330000597,-84.544501,2026-07-08T12:57:42.000,"PREG - 24D4C BLEED, PRETERM",2026-07-08 12:57:42
39.1737680000597,-84.553481,2026-07-08T12:58:32.000,FALL - 17A2,2026-07-08 12:58:32
39.1212600000598,-84.450639,2026-07-08T12:58:50.000,FALL - 17B4,2026-07-08 12:58:50
39.1092550000598,-84.496866,2026-07-08T13:01:38.000,SICK - 26A5 GEN WEAKNESS,2026-07-08 13:01:38
39.1404590000597,-84.519198,2026-07-08T13:02:02.000,CHESTPN - 10C1 ABNORMAL BREATH,2026-07-08 13:02:02
39.1156720000598,-84.531348,2026-07-08T13:07:17.000,SICK - 26B1,2026-07-08 13:07:17
39.2164560000597,-84.486697,2026-07-08T13:07:34.000,LIFT - 17A4,2026-07-08 13:07:34
39.1296060000598,-84.597803,2026-07-08T13:10:39.000,FAINT - 31D4 NOT ALERT,2026-07-08 13:10:39
39.1290900000598,-84.509596,2026-07-08T13:14:01.000,FALL - 17D4 NOT ALERT,2026-07-08 13:14:01
39.1442830000597,-84.518912,2026-07-08T13:21:53.000,SICK - 26C1 ALTERED LOC,2026-07-08 13:21:53
39.1522920000598,-84.378394,2026-07-08T13:23:41.000,BREATH - 6D2,2026-07-08 13:23:41
39.1274720000597,-84.516168,2026-07-08T13:33:42.000,CHESTPN - 10D2 DIFF SPEAKING,2026-07-08 13:33:42
39.1486190000597,-84.572547,2026-07-08T13:41:22.000,BLEED - 21D5 ABNORMAL BREATH,2026-07-08 13:41:22
39.1896990000597,-84.575647,2026-07-08T13:45:15.000,SICK - 26A8 PAIN,2026-07-08 13:45:15
39.1139240000597,-84.511611,2026-07-08T13:47:35.000,PERDWN - 32D1 UNKNOWN,2026-07-08 13:47:35
39.1444420000597,-84.46259,2026-07-08T14:10:04.000,SICK - 26D1 NOT ALERT,2026-07-08 14:10:04
39.1471240000597,-84.602221,2026-07-08T14:12:50.000,SICK - 26A8 PAIN,2026-07-08 14:12:50
39.1149370000598,-84.51325,2026-07-08T14:23:23.000,OD - (C) 23D2A ACCIDENTAL,2026-07-08 14:23:23
39.0958690000598,-84.429355,2026-07-08T14:25:30.000,SEIZURE - 12B1,2026-07-08 14:25:30
39.1123940000598,-84.5753,2026-07-08T14:27:08.000,SEIZURE - 12D2 MULTIPLE,2026-07-08 14:27:08
39.1407620000597,-84.505856,2026-07-08T14:28:54.000,CHESTPN - 10D4 CLAMMY,2026-07-08 14:28:54
39.1323050000598,-84.479378,2026-07-08T14:43:19.000,STROKE - 28C1 NOT ALERT,2026-07-08 14:43:19
39.1029730000598,-84.529636,2026-07-08T14:52:16.000,PERDWN - 32D1 UNKNOWN,2026-07-08 14:52:16
39.1072110000598,-84.577059,2026-07-08T14:56:23.000,FAINT - 31D2 ABNORMAL BREATH,2026-07-08 14:56:23
39.1471210000597,-84.489483,2026-07-08T14:59:23.000,SICK - 26A2 ABNORMAL BP,2026-07-08 14:59:23
39.1218820000597,-84.515498,2026-07-08T15:02:17.000,SICK - 26A8 PAIN,2026-07-08 15:02:17
39.1332190000597,-84.590215,2026-07-08T15:04:04.000,ABDOM - 1A1,2026-07-08 15:04:04
39.1607020000597,-84.534839,2026-07-08T15:12:41.000,CHESTPN - 10C3,2026-07-08 15:12:41
39.1442000000598,-84.51128,2026-07-08T15:15:27.000,PREG - 24D3 IMMINENT,2026-07-08 15:15:27
39.1965880000597,-84.473401,2026-07-08T15:18:21.000,PERDWN - 32D1 UNKNOWN,2026-07-08 15:18:21
39.0952600000598,-84.50909,2026-07-08T15:34:24.000,STROKE - 28C1F CLEAR EVIDENCE,2026-07-08 15:34:24
39.1362110000597,-84.505282,2026-07-08T15:48:49.000,SICK - 33C6 SEVERE PAIN,2026-07-08 15:48:49
39.1460680000597,-84.625049,2026-07-08T16:03:51.000,PERDWN - 32D1 UNKNOWN,2026-07-08 16:03:51
39.1322820000598,-84.509744,2026-07-08T16:05:30.000,=PERDWN,2026-07-08 16:05:30
39.0863580000598,-84.382381,2026-07-08T16:08:14.000,SICK - 26A8 PAIN,2026-07-08 16:08:14
39.1812490000597,-84.5169,2026-07-08T16:20:21.000,ABDOM - 1C6,2026-07-08 16:20:21
39.1484150000597,-84.495988,2026-07-08T16:20:32.000,LIFT - 17A4,2026-07-08 16:20:32
39.1149210000598,-84.52773,2026-07-08T16:28:08.000,BREATH - 6D2,2026-07-08 16:28:08
39.1514730000598,-84.410091,2026-07-08T16:28:48.000,FALL - 17C1 FAINTING,2026-07-08 16:28:48
39.1182190000597,-84.527004,2026-07-08T16:29:16.000,FAINT - 31D1 AGONAL BREATHING,2026-07-08 16:29:16
39.1836470000597,-84.566474,2026-07-08T16:33:40.000,FAINT - 31D4 NOT ALERT,2026-07-08 16:33:40
39.1777570000597,-84.476305,2026-07-08T16:35:21.000,LIFT - 53A2,2026-07-08 16:35:21
39.1081620000598,-84.519995,2026-07-08T16:42:28.000,BREATH - 6D2,2026-07-08 16:42:28
39.1825080000597,-84.478316,2026-07-08T16:47:21.000,SICK - 26A1,2026-07-08 16:47:21
39.1371270000597,-84.536691,2026-07-08T16:49:32.000,HEARTPRB - 19C2 ABNORM BREATH,2026-07-08 16:49:32
39.1285150000597,-84.567124,2026-07-08T16:50:20.000,SEIZURE - 12D4,2026-07-08 16:50:20
39.0889970000598,-84.567676,2026-07-08T17:00:56.000,EMS - (C) =,2026-07-08 17:00:56
39.1585640000597,-84.560151,2026-07-08T17:11:25.000,OD - (C) 23O1 ACCIDENTAL,2026-07-08 17:11:25
39.1766040000597,-84.54868,2026-07-08T17:11:44.000,BREATH - 6D1O NOT ALERT,2026-07-08 17:11:44
39.0966660000598,-84.512501,2026-07-08T17:22:35.000,SICK - 26B1,2026-07-08 17:22:35
39.1192040000598,-84.503443,2026-07-08T17:29:57.000,LIFT - 53A2,2026-07-08 17:29:57
39.1848070000597,-84.565634,2026-07-08T17:31:11.000,FAINT - 31A3,2026-07-08 17:31:11
39.1179200000598,-84.611069,2026-07-08T17:32:16.000,BLEED - 21D5 ABNORMAL BREATH,2026-07-08 17:32:16
39.1349050000597,-84.553414,2026-07-08T17:47:19.000,PERDWN - 32D1 UNKNOWN,2026-07-08 17:47:19
39.1299760000597,-84.504882,2026-07-08T17:47:20.000,ABDOM - 1C3,2026-07-08 17:47:20
39.1628290000597,-84.381313,2026-07-08T17:58:40.000,PERDWN - 32B2 MEDICAL ALARM,2026-07-08 17:58:40
39.1322920000598,-84.509524,2026-07-08T18:00:13.000,BREATH - 6C1,2026-07-08 18:00:13
39.1357640000597,-84.523002,2026-07-08T18:16:11.000,SICK - 26A8 PAIN,2026-07-08 18:16:11
39.1606630000597,-84.39825,2026-07-08T18:17:23.000,SICK - 26B1,2026-07-08 18:17:23
39.1001210000597,-84.574244,2026-07-08T18:18:59.000,FALL - 17A2,2026-07-08 18:18:59
39.1455050000597,-84.428782,2026-07-08T18:24:39.000,SICK - 33A1 MED OFF OR CLINIC,2026-07-08 18:24:39
39.1537100000597,-84.41175,2026-07-08T18:28:46.000,FALL - 17B1,2026-07-08 18:28:46
39.1069200000598,-84.50965,2026-07-08T18:34:19.000,PREG - 24D5 HIGH RISK,2026-07-08 18:34:19
39.1915920000597,-84.45624,2026-07-08T18:38:58.000,BREATH - 6C1,2026-07-08 18:38:58
39.1120070000598,-84.514269,2026-07-08T18:40:35.000,FALL - 17B4,2026-07-08 18:40:35
39.1405960000597,-84.491497,2026-07-08T18:43:31.000,BREATH - 6E1 INEFFECT BREATH,2026-07-08 18:43:31
39.1262850000597,-84.501417,2026-07-08T18:46:40.000,SICK - 26A8 PAIN,2026-07-08 18:46:40
39.1802480000597,-84.426962,2026-07-08T18:52:38.000,BLEED - 21B1 DANGEROUS,2026-07-08 18:52:38
39.1324340000597,-84.606394,2026-07-08T18:56:21.000,SICK - 26A5 GEN WEAKNESS,2026-07-08 18:56:21
39.2061650000597,-84.461812,2026-07-08T18:57:46.000,DIABETIC - 13C1 NOT ALERT,2026-07-08 18:57:46
39.1508350000598,-84.50932,2026-07-08T18:58:24.000,SICK - 26A4 FEVER,2026-07-08 18:58:24
39.1479060000597,-84.595822,2026-07-08T19:01:11.000,EMS,2026-07-08 19:01:11
39.1192740000598,-84.521785,2026-07-08T19:02:18.000,=EMS2 - ALS2 RESPONSE,2026-07-08 19:02:18
39.1852190000597,-84.563143,2026-07-08T19:04:32.000,EMS,2026-07-08 19:04:32
39.1101870000598,-84.558755,2026-07-08T19:09:08.000,BLEED - 21D5 ABNORMAL BREATH,2026-07-08 19:09:08
39.1519290000597,-84.532838,2026-07-08T19:10:46.000,SICK - 26A8 PAIN,2026-07-08 19:10:46
39.1295200000598,-84.508736,2026-07-08T19:35:39.000,ASSLTI - (C) =,2026-07-08 19:35:39
39.1546540000597,-84.55827,2026-07-08T19:59:32.000,=ASSLTI - (C),2026-07-08 19:59:32
39.0968890000598,-84.511562,2026-07-08T20:02:20.000,PERDWN - 32D1 UNKNOWN,2026-07-08 20:02:20
39.1150050000598,-84.514241,2026-07-08T20:06:40.000,=EMS1 - ALS1 RESPONSE,2026-07-08 20:06:40
39.1397560000597,-84.554064,2026-07-08T20:15:12.000,CHESTPN - 10D4 CLAMMY,2026-07-08 20:15:12
39.1525330000597,-84.586056,2026-07-08T20:16:45.000,BREATH - 6D4A ASTHMA,2026-07-08 20:16:45
39.1158830000598,-84.576888,2026-07-08T20:38:13.000,SEIZURE - 12A1,2026-07-08 20:38:13
39.1335900000597,-84.528064,2026-07-08T20:42:25.000,BLEED - 21D4 DANGEROUS BLEED,2026-07-08 20:42:25
39.1102510000598,-84.514415,2026-07-08T20:46:35.000,SICK - 26A10 UNWELL,2026-07-08 20:46:35
39.1874140000597,-84.566025,2026-07-08T20:47:15.000,EMS,2026-07-08 20:47:15
39.1263240000598,-84.531388,2026-07-08T20:52:28.000,PERDWN - 32D1 UNKNOWN,2026-07-08 20:52:28
39.1142630000598,-84.580708,2026-07-08T20:57:29.000,SEIZURE - 12A1,2026-07-08 20:57:29
39.1617730000597,-84.407746,2026-07-08T21:06:29.000,SICK - 33C1 NOT ALERT,2026-07-08 21:06:29
39.1167450000598,-84.586299,2026-07-08T21:39:35.000,SICK - 26D1 NOT ALERT,2026-07-08 21:39:35
39.1339560000597,-84.592994,2026-07-08T21:42:12.000,SICK - 26A11 VOMITING,2026-07-08 21:42:12
39.1969890000597,-84.541076,2026-07-08T22:09:48.000,CHESTPN - 10D4 CLAMMY,2026-07-08 22:09:48
39.1645320000597,-84.395572,2026-07-08T22:10:27.000,ASSLTI - (C) =,2026-07-08 22:10:27
39.0971810000598,-84.511048,2026-07-08T22:16:37.000,BREATH - 6D2,2026-07-08 22:16:37
39.1969670000597,-84.458634,2026-07-08T22:19:54.000,SEIZURE - 12B1,2026-07-08 22:19:54
39.1803200000597,-84.41777,2026-07-08T22:26:59.000,SICK - 26A10 UNWELL,2026-07-08 22:26:59
39.1658060000597,-84.549048,2026-07-08T22:33:21.000,SICK - 26A8 PAIN,2026-07-08 22:33:21
39.1420680000597,-84.571679,2026-07-08T22:36:19.000,DIABETIC - 13A1,2026-07-08 22:36:19
39.1261450000597,-84.502057,2026-07-08T22:47:17.000,CHESTPN - 10D2 DIFF SPEAKING,2026-07-08 22:47:17
39.1479090000597,-84.571447,2026-07-08T22:51:29.000,FALL - 17B4,2026-07-08 22:51:29
39.1747880000597,-84.513743,2026-07-08T22:53:16.000,SICK - 26D1 NOT ALERT,2026-07-08 22:53:16
39.1307960000597,-84.615873,2026-07-08T23:00:41.000,SICK - 26A11 VOMITING,2026-07-08 23:00:41
39.1081900000597,-84.575988,2026-07-08T23:03:10.000,STROKE - 28C1 NOT ALERT,2026-07-08 23:03:10
39.1923430000597,-84.420308,2026-07-08T23:11:48.000,SICK - 26A8 PAIN,2026-07-08 23:11:48
39.1852490000597,-84.406046,2026-07-08T23:13:46.000,SICK - 26C1 ALTERED LOC,2026-07-08 23:13:46
39.1228520000598,-84.498797,2026-07-08T23:17:59.000,ARREST - 9E1 NOT BREATHING,2026-07-08 23:17:59
39.1123920000598,-84.583658,2026-07-08T23:40:57.000,SICK - 26A8 PAIN,2026-07-08 23:40:57
39.1399910000598,-84.513914,2026-07-08T23:54:00.000,FALL - 17A2,2026-07-08 23:54:00
39.1346990000597,-84.501594,2026-07-09T00:13:44.000,PERDWN - 32D1 UNKNOWN,2026-07-09 00:13:44
39.1569470000597,-84.425731,2026-07-09T00:21:48.000,PERDWN - 32D1 UNKNOWN,2026-07-09 00:21:48
39.1611490000597,-84.379843,2026-07-09T00:21:51.000,PERDWN - 32B2 MEDICAL ALARM,2026-07-09 00:21:51
39.1307930000597,-84.556599,2026-07-09T00:27:21.000,PERDWN - 32D1 UNKNOWN,2026-07-09 00:27:21
39.1633440000597,-84.472284,2026-07-09T00:35:06.000,FALL - 17A2,2026-07-09 00:35:06
39.2141130000597,-84.472199,2026-07-09T01:02:36.000,SEIZURE - 12D2 MULTIPLE,2026-07-09 01:02:36
39.1061430000598,-84.511485,2026-07-09T01:03:33.000,CHESTPN - 10C3,2026-07-09 01:03:33
39.1869740000597,-84.468484,2026-07-09T01:03:33.000,SICK - 26A8 PAIN,2026-07-09 01:03:33
39.1261230000598,-84.502207,2026-07-09T01:20:41.000,BREATH - 6C1A ASTHMA,2026-07-09 01:20:41
39.1172820000597,-84.437514,2026-07-09T01:51:59.000,BURN - 7A3 MINOR,2026-07-09 01:51:59
39.1054920000598,-84.509953,2026-07-09T01:59:38.000,ABDOM - 1A1,2026-07-09 01:59:38
39.1177100000598,-84.525651,2026-07-09T02:18:20.000,OD - (C)(W) 23C8W,2026-07-09 02:18:20
39.0980530000598,-84.380549,2026-07-09T02:33:30.000,PERDWN - 32B2 MEDICAL ALARM,2026-07-09 02:33:30
39.1616020000597,-84.51443,2026-07-09T02:48:52.000,PERDWN - 32D1 UNKNOWN,2026-07-09 02:48:52
39.1092260000598,-84.566291,2026-07-09T02:54:36.000,SEIZURE - 12D2 MULTIPLE,2026-07-09 02:54:36
39.1317460000597,-84.588129,2026-07-09T03:09:23.000,SICK - 26A8 PAIN,2026-07-09 03:09:23
39.1438590000597,-84.469168,2026-07-09T03:40:39.000,DOMINJ - (C) =,2026-07-09 03:40:39
39.0915670000598,-84.392212,2026-07-09T03:45:53.000,SICK - 26D1 NOT ALERT,2026-07-09 03:45:53
39.1797000000597,-84.460068,2026-07-09T03:54:11.000,CHESTPN - 10D5 CARDIAC HX,2026-07-09 03:54:11
39.1852630000597,-84.511958,2026-07-09T04:49:19.000,CHESTPN - 10C3,2026-07-09 04:49:19
39.1350280000597,-84.532431,2026-07-09T04:56:30.000,BREATH - 6D4 CLAMMY,2026-07-09 04:56:30
39.1403810000597,-84.558948,2026-07-09T05:18:40.000,CHESTPN - 10D4 CLAMMY,2026-07-09 05:18:40
39.1490670000597,-84.481902,2026-07-09T05:23:00.000,FAINT - 31D4 NOT ALERT,2026-07-09 05:23:00
39.1287800000598,-84.508996,2026-07-09T05:32:55.000,BLEED - 21B1 DANGEROUS,2026-07-09 05:32:55
39.1328900000598,-84.593614,2026-07-09T05:55:38.000,PERDWN - 32B2 MEDICAL ALARM,2026-07-09 05:55:38
39.1040560000598,-84.515254,2026-07-09T06:17:42.000,PERDWN - 32B1 PT MOV/TALK,2026-07-09 06:17:42
39.1071580000598,-84.597679,2026-07-09T06:19:26.000,FALL - 17D4 NOT ALERT,2026-07-09 06:19:26
39.1073920000598,-84.571384,2026-07-09T06:28:05.000,BREATH - 6C1,2026-07-09 06:28:05
39.1527390000597,-84.532808,2026-07-09T06:39:04.000,ABDOM - 1C6,2026-07-09 06:39:04
39.1337070000597,-84.570599,2026-07-09T07:02:08.000,SEIZURE - 12A1,2026-07-09 07:02:08
39.1108080000598,-84.561851,2026-07-09T07:17:24.000,SICK - 26A8 PAIN,2026-07-09 07:17:24
39.1065100000598,-84.50808,2026-07-09T07:45:56.000,PERDWN - 32D1 UNKNOWN,2026-07-09 07:45:56
39.1399580000597,-84.53336,2026-07-09T08:04:24.000,EMS,2026-07-09 08:04:24
39.2004640000597,-84.478926,2026-07-09T08:13:51.000,BREATH - 6C1,2026-07-09 08:13:51
39.1269740000598,-84.525256,2026-07-09T08:30:22.000,HEADACHE - 18C2C POSS STROKE,2026-07-09 08:30:22
39.1768420000597,-84.438356,2026-07-09T08:33:27.000,FALL - 17B4,2026-07-09 08:33:27
39.1265180000598,-84.475519,2026-07-09T08:42:00.000,SICK - 26A8 PAIN,2026-07-09 08:42:00
39.1328890000597,-84.488298,2026-07-09T08:48:07.000,BREATH - 6D2E EMPHYSEMA,2026-07-09 08:48:07
39.1230590000598,-84.516012,2026-07-09T08:59:43.000,FALL - 17B4,2026-07-09 08:59:43
39.1510060000597,-84.554061,2026-07-09T09:08:02.000,BREATH - 6C1A ASTHMA,2026-07-09 09:08:02
39.1330010000598,-84.49932,2026-07-09T09:10:35.000,FAINT - 31C1 ABNORMAL BREATH,2026-07-09 09:10:35
39.1224750000597,-84.517068,2026-07-09T09:12:59.000,FALL - 17B4,2026-07-09 09:12:59
39.0951840000598,-84.383072,2026-07-09T09:16:18.000,FALL - 17D5 SOB,2026-07-09 09:16:18
39.1468850000597,-84.48546,2026-07-09T09:26:15.000,CHESTPN - 10D2 DIFF SPEAKING,2026-07-09 09:26:15
39.1493900000597,-84.569809,2026-07-09T09:41:10.000,CHESTPN - 10D4 CLAMMY,2026-07-09 09:41:10
39.1671610000597,-84.554838,2026-07-09T09:54:09.000,STROKE - 28C1F CLEAR EVIDENCE,2026-07-09 09:54:09
39.1852270000597,-84.519892,2026-07-09T09:58:36.000,STROKE - 28C4 SIDE WEAKNESS,2026-07-09 09:58:36
39.1888340000597,-84.456133,2026-07-09T10:07:26.000,FAINT - 31D1 AGONAL BREATHING,2026-07-09 10:07:26
39.2159570000597,-84.467494,2026-07-09T10:08:51.000,PERDWN - 32B2 MEDICAL ALARM,2026-07-09 10:08:51
39.1001510000598,-84.566599,2026-07-09T10:09:55.000,SICK - 26C2 ABNORMAL BREATH,2026-07-09 10:09:55
39.1030980000598,-84.551732,2026-07-09T10:11:49.000,CHESTPN - 10D2 DIFF SPEAKING,2026-07-09 10:11:49
39.1096000000598,-84.564144,2026-07-09T10:26:34.000,FALL - 17B1,2026-07-09 10:26:34
39.1748580000597,-84.479265,2026-07-09T10:28:59.000,EMS,2026-07-09 10:28:59
39.1205930000597,-84.510199,2026-07-09T10:55:47.000,FALL - 17B1,2026-07-09 10:55:47
39.1872200000597,-84.427442,2026-07-09T11:26:23.000,CHESTPN - 10C1 ABNORMAL BREATH,2026-07-09 11:26:23
39.1865600000597,-84.42793,2026-07-09T11:27:37.000,CHESTPN - 10D1 NOT ALERT,2026-07-09 11:27:37
39.1275760000597,-84.484082,2026-07-09T11:29:10.000,BREATH - 6C1A ASTHMA,2026-07-09 11:29:10
39.1985120000597,-84.460043,2026-07-09T11:44:05.000,=EMS1 - ALS1 RESPONSE,2026-07-09 11:44:05
39.2002510000597,-84.456996,2026-07-09T11:47:13.000,PERDWN - 33C7 HOSPITAL OR ER,2026-07-09 11:47:13
39.2016020000597,-84.542794,2026-07-09T11:53:47.000,SICK - 26C2 ABNORMAL BREATH,2026-07-09 11:53:47
39.0971310000598,-84.577714,2026-07-09T11:57:06.000,OD - (C) 23O1 ACCIDENTAL,2026-07-09 11:57:06
39.1956330000597,-84.549259,2026-07-09T11:58:03.000,FALL - 17A2,2026-07-09 11:58:03
39.1432140000597,-84.521797,2026-07-09T12:02:23.000,FAINT - 31D4 NOT ALERT,2026-07-09 12:02:23
39.1459790000597,-84.59445,2026-07-09T12:03:37.000,SEIZURE - 12A1,2026-07-09 12:03:37
39.1674430000597,-84.393272,2026-07-09T12:08:54.000,BREATH - 6D1E NOT ALERT,2026-07-09 12:08:54
39.1258380000598,-84.553248,2026-07-09T12:09:24.000,SICK - 26D1 NOT ALERT,2026-07-09 12:09:24
39.1359210000597,-84.505922,2026-07-09T12:16:17.000,SICK - 33A1 MED OFF OR CLINIC,2026-07-09 12:16:17
39.1550210000597,-84.603499,2026-07-09T12:37:18.000,PERDWN - 32D1 UNKNOWN,2026-07-09 12:37:18
39.1010420000598,-84.565401,2026-07-09T12:38:41.000,SICK - 26A1,2026-07-09 12:38:41
39.2024600000597,-84.54256,2026-07-09T12:40:59.000,BREATH - 6D2,2026-07-09 12:40:59
39.1063230000598,-84.514845,2026-07-09T12:43:20.000,CHESTPN - 10D5 CARDIAC HX,2026-07-09 12:43:20
39.1647220000597,-84.389041,2026-07-09T12:48:21.000,SICK - 26A1,2026-07-09 12:48:21
39.1611990000597,-84.381353,2026-07-09T12:52:47.000,PERDWN - 32B2 MEDICAL ALARM,2026-07-09 12:52:47
39.1038400000598,-84.52056,2026-07-09T13:00:29.000,BURN - 7A1 MINOR,2026-07-09 13:00:29
39.1158510000598,-84.582486,2026-07-09T13:07:09.000,SICK - 26A8 PAIN,2026-07-09 13:07:09
39.1437500000598,-84.559458,2026-07-09T13:09:20.000,CHESTPN - 10C1 ABNORMAL BREATH,2026-07-09 13:09:20
39.1438700000597,-84.462618,2026-07-09T13:11:25.000,BREATH - 6D2,2026-07-09 13:11:25
39.1095200000598,-84.514956,2026-07-09T13:13:39.000,SEIZURE - 12A1,2026-07-09 13:13:39
39.1065880000598,-84.553547,2026-07-09T13:14:47.000,BREATH - 6C1,2026-07-09 13:14:47
39.1057720000598,-84.533725,2026-07-09T13:26:42.000,PERDWN - 32D1 UNKNOWN,2026-07-09 13:26:42
39.1626090000597,-84.380093,2026-07-09T13:42:37.000,PERDWN - 32B2 MEDICAL ALARM,2026-07-09 13:42:37
39.0999780000598,-84.5053,2026-07-09T13:43:58.000,"OD - (C) 23C1A NOT ALERT, ACC",2026-07-09 13:43:58
39.1052870000598,-84.512946,2026-07-09T13:44:14.000,SICK - 26A8 PAIN,2026-07-09 13:44:14
39.1355270000597,-84.571821,2026-07-09T13:45:30.000,DOMINJ - (C) =,2026-07-09 13:45:30
39.1303050000598,-84.480336,2026-07-09T13:48:22.000,=PERDWN,2026-07-09 13:48:22
39.1438040000597,-84.555659,2026-07-09T13:52:23.000,ASSLTI - (C) =,2026-07-09 13:52:23
39.1966280000597,-84.526953,2026-07-09T14:06:26.000,BREATH - 6D2E EMPHYSEMA,2026-07-09 14:06:26
39.1424640000597,-84.556689,2026-07-09T14:11:19.000,EMS,2026-07-09 14:11:19
39.1295060000598,-84.599393,2026-07-09T14:13:07.000,SICK - 26D1 NOT ALERT,2026-07-09 14:13:07
39.1908590000597,-84.575657,2026-07-09T14:18:16.000,SICK - 26D1 NOT ALERT,2026-07-09 14:18:16
39.1094130000598,-84.528612,2026-07-09T14:18:18.000,DIABETIC - 13C1 NOT ALERT,2026-07-09 14:18:18
39.1971150000597,-84.550884,2026-07-09T14:23:53.000,PERDWN - 32D1 UNKNOWN,2026-07-09 14:23:53
39.1229680000598,-84.501077,2026-07-09T14:24:05.000,PERDWN - 32D1 UNKNOWN,2026-07-09 14:24:05
39.1078780000598,-84.508016,2026-07-09T14:24:46.000,EYEPRB - 16A1 MODERATE,2026-07-09 14:24:46
39.1906820000597,-84.45623,2026-07-09T14:25:34.000,SICK - 26A11 VOMITING,2026-07-09 14:25:34
39.0838580000598,-84.584401,2026-07-09T14:29:30.000,FALL - 17B1,2026-07-09 14:29:30
39.1972570000597,-84.458301,2026-07-09T14:35:42.000,FALL - 17A2,2026-07-09 14:35:42
39.1416290000597,-84.49608,2026-07-09T14:36:31.000,ARREST - 9E1 NOT BREATHING,2026-07-09 14:36:31
39.0738620000598,-84.422818,2026-07-09T14:38:21.000,CHESTPN - 10D2 DIFF SPEAKING,2026-07-09 14:38:21
39.1062560000598,-84.548303,2026-07-09T14:54:29.000,FALL - 17B1,2026-07-09 14:54:29
39.2050720000597,-84.555765,2026-07-09T14:55:40.000,LIFT - 53A2,2026-07-09 14:55:40
39.1456750000597,-84.428062,2026-07-09T14:59:59.000,SICK - 26A11 VOMITING,2026-07-09 14:59:59
39.1276280000597,-84.488381,2026-07-09T15:04:01.000,PERDWN - 32B3 UNKNOWN,2026-07-09 15:04:01
39.1592080000597,-84.426613,2026-07-09T15:17:51.000,=EMS - (C),2026-07-09 15:17:51
39.1955770000597,-84.458621,2026-07-09T15:39:00.000,FALL - 17A2,2026-07-09 15:39:00
39.1473410000597,-84.495463,2026-07-09T15:40:37.000,OD - (C)(V) 23C8V,2026-07-09 15:40:37
39.2001070000597,-84.516468,2026-07-09T15:46:07.000,CHESTPN - 10D2 DIFF SPEAKING,2026-07-09 15:46:07
39.1444650000598,-84.55704,2026-07-09T15:48:57.000,EMS,2026-07-09 15:48:57
39.1077600000598,-84.50817,2026-07-09T15:51:49.000,BREATH - 6E1 INEFFECT BREATH,2026-07-09 15:51:49
39.1651800000597,-84.552766,2026-07-09T15:54:11.000,FALL - 17D5 SOB,2026-07-09 15:54:11
39.1222080000598,-84.500362,2026-07-09T15:57:16.000,PERDWN - 32D1 UNKNOWN,2026-07-09 15:57:16
39.1692910000597,-84.465998,2026-07-09T16:06:28.000,DOMINJ - (C)(W) =,2026-07-09 16:06:28
39.1401420000597,-84.514454,2026-07-09T16:15:43.000,=EMS2 - ALS2 RESPONSE,2026-07-09 16:15:43
39.1429940000597,-84.519109,2026-07-09T16:30:22.000,EMS,2026-07-09 16:30:22
39.1710790000597,-84.51215,2026-07-09T16:49:46.000,"BLEED - 21A2T MINOR, TRAUMA",2026-07-09 16:49:46
39.1383320000598,-84.578257,2026-07-09T16:57:54.000,SICK - 26C2 ABNORMAL BREATH,2026-07-09 16:57:54
39.1957870000597,-84.550086,2026-07-09T17:00:41.000,PERDWN - 32D1 UNKNOWN,2026-07-09 17:00:41
39.1869560000597,-84.436889,2026-07-09T17:15:21.000,PERDWN - 32B2 MEDICAL ALARM,2026-07-09 17:15:21
39.1233560000598,-84.551372,2026-07-09T17:15:32.000,STROKE - 28C1 NOT ALERT,2026-07-09 17:15:32
39.2140160000597,-84.481652,2026-07-09T17:17:24.000,FAINT - 31D1 AGONAL BREATHING,2026-07-09 17:17:24
39.1516090000597,-84.532018,2026-07-09T17:25:53.000,LIFT - 17A4,2026-07-09 17:25:53
39.1058650000598,-84.556411,2026-07-09T17:28:22.000,SICK - 26C2 ABNORMAL BREATH,2026-07-09 17:28:22
39.1392670000598,-84.578647,2026-07-09T17:32:06.000,PERDWN - 32B3 UNKNOWN,2026-07-09 17:32:06
39.1592530000597,-84.39939,2026-07-09T17:34:52.000,PERDWN - 32B2 MEDICAL ALARM,2026-07-09 17:34:52
39.1610390000597,-84.380453,2026-07-09T17:35:23.000,PERDWN - 32B2 MEDICAL ALARM,2026-07-09 17:35:23
39.1266580000598,-84.547677,2026-07-09T17:50:25.000,SICK - 26A7 IMMOBILE,2026-07-09 17:50:25
39.1227420000598,-84.699575,2026-07-09T17:53:23.000,FALL - 17A2,2026-07-09 17:53:23
39.1379350000597,-84.553587,2026-07-09T18:02:55.000,ABDOM - 1C6,2026-07-09 18:02:55
39.1111050000598,-84.515662,2026-07-09T18:08:06.000,FAINT - 31D4 NOT ALERT,2026-07-09 18:08:06
39.1526390000597,-84.532408,2026-07-09T18:12:02.000,BREATH - 6C1O,2026-07-09 18:12:02
39.1906220000597,-84.489231,2026-07-09T18:12:56.000,PERDWN - 32B1 PT MOV/TALK,2026-07-09 18:12:56
39.1745480000597,-84.518265,2026-07-09T18:24:33.000,SICK - 26D1 NOT ALERT,2026-07-09 18:24:33
39.2000340000597,-84.548608,2026-07-09T18:35:01.000,BREATH - 6D2,2026-07-09 18:35:01
39.1897120000597,-84.489571,2026-07-09T18:43:36.000,PERDWN - 32B1 PT MOV/TALK,2026-07-09 18:43:36
39.1891120000597,-84.489101,2026-07-09T18:44:09.000,PERDWN - 32D1 UNKNOWN,2026-07-09 18:44:09
39.0988280000598,-84.5263,2026-07-09T18:47:11.000,CHESTPN - 10D4 CLAMMY,2026-07-09 18:47:11
39.1334870000597,-84.489033,2026-07-09T18:54:10.000,SEIZURE - 12A1,2026-07-09 18:54:10
39.1765620000597,-84.437906,2026-07-09T18:58:02.000,FALL - 17B4,2026-07-09 18:58:02
39.2080750000597,-84.453506,2026-07-09T19:03:25.000,LIFT - 53A2,2026-07-09 19:03:25
39.1298430000597,-84.499825,2026-07-09T19:07:32.000,BREATH - 6D1 NOT ALERT,2026-07-09 19:07:32
39.1330390000597,-84.489298,2026-07-09T19:10:09.000,ARREST - 9E1 NOT BREATHING,2026-07-09 19:10:09
39.1440100000597,-84.61821,2026-07-09T19:24:07.000,CHESTPN - 10D2 DIFF SPEAKING,2026-07-09 19:24:07
39.1037150000598,-84.387285,2026-07-09T19:53:07.000,CHESTPN - 10D1 NOT ALERT,2026-07-09 19:53:07
39.1097740000598,-84.596522,2026-07-09T19:57:09.000,CHESTPN - 10D4 CLAMMY,2026-07-09 19:57:09
39.1084030000598,-84.571217,2026-07-09T20:03:22.000,SICK - 26A5 GEN WEAKNESS,2026-07-09 20:03:22
39.1370940000597,-84.576753,2026-07-09T20:12:34.000,DOMINJ - (C) =,2026-07-09 20:12:34
39.1814530000597,-84.512194,2026-07-09T20:21:28.000,SICK - 26A8 PAIN,2026-07-09 20:21:28
39.1357280000597,-84.500519,2026-07-09T20:24:15.000,CHESTPN - 10D1 NOT ALERT,2026-07-09 20:24:15
39.1547020000597,-84.506763,2026-07-09T20:25:58.000,SICK - 26C2 ABNORMAL BREATH,2026-07-09 20:25:58
39.1377240000597,-84.577173,2026-07-09T20:38:55.000,DOMINJ - (C) =,2026-07-09 20:38:55
39.1135420000598,-84.680432,2026-07-09T20:43:21.000,SICK - 26A5 GEN WEAKNESS,2026-07-09 20:43:21
39.0965910000598,-84.510954,2026-07-09T20:45:54.000,EMS,2026-07-09 20:45:54
39.1283540000597,-84.477167,2026-07-09T20:53:23.000,PERDWN - 32B3 UNKNOWN,2026-07-09 20:53:23
39.1351870000597,-84.502738,2026-07-09T20:58:12.000,ASSLTI - (C) =,2026-07-09 20:58:12
39.1251050000598,-84.519266,2026-07-09T21:03:17.000,BLEED - 21D4 DANGEROUS BLEED,2026-07-09 21:03:17
39.1734810000597,-84.474695,2026-07-09T21:19:19.000,OD - 23C9 POISON CONTROL,2026-07-09 21:19:19
39.1485720000597,-84.508938,2026-07-09T21:33:16.000,FALL - 17D5 SOB,2026-07-09 21:33:16
39.1295950000597,-84.491519,2026-07-09T21:42:16.000,SICK - 26C2 ABNORMAL BREATH,2026-07-09 21:42:16
39.1273250000598,-84.549578,2026-07-09T21:53:23.000,ABDOM - 1A1,2026-07-09 21:53:23
39.1763420000597,-84.515872,2026-07-09T22:27:15.000,BREATH - 6D2,2026-07-09 22:27:15
39.1370640000597,-84.578416,2026-07-09T22:32:15.000,DIABETIC - 13C3,2026-07-09 22:32:15
39.1778980000597,-84.472183,2026-07-09T22:39:01.000,SICK - 26O7 CONSTIPATION,2026-07-09 22:39:01
39.2024550000597,-84.576966,2026-07-09T23:39:35.000,BREATH - 6D1A NOT ALERT,2026-07-09 23:39:35
39.1564180000597,-84.547336,2026-07-09T23:45:27.000,SICK - 26A3 VERTIGO,2026-07-09 23:45:27
39.1241420000598,-84.569621,2026-07-10T00:15:59.000,SICK - 26C2 ABNORMAL BREATH,2026-07-10 00:15:59
39.0987020000598,-84.562751,2026-07-10T00:17:17.000,CHESTPN - 10D2 DIFF SPEAKING,2026-07-10 00:17:17
39.1537700000597,-84.58085,2026-07-10T00:18:28.000,SICK - 26D1 NOT ALERT,2026-07-10 00:18:28
39.1506850000597,-84.388343,2026-07-10T00:18:30.000,PERDWN - 32B2 MEDICAL ALARM,2026-07-10 00:18:30
39.1248170000598,-84.568983,2026-07-10T00:26:01.000,SICK - 26C3 SICKLE CELL,2026-07-10 00:26:01
39.1443740000597,-84.518549,2026-07-10T00:33:26.000,CHESTPN - 10D4 CLAMMY,2026-07-10 00:33:26
39.2044390000597,-84.547075,2026-07-10T00:34:31.000,EMS,2026-07-10 00:34:31
39.1371490000597,-84.477447,2026-07-10T00:57:36.000,OD - (C)(V) 23C1V,2026-07-10 00:57:36
39.1124640000598,-84.515755,2026-07-10T01:09:21.000,PERDWN - 32D1 UNKNOWN,2026-07-10 01:09:21
39.1286810000598,-84.5201,2026-07-10T01:14:15.000,EMS,2026-07-10 01:14:15
39.1545830000597,-84.485258,2026-07-10T01:22:07.000,BREATH - 6D1E NOT ALERT,2026-07-10 01:22:07
39.1266680000597,-84.485702,2026-07-10T01:24:28.000,"OD - (C) 23C1A NOT ALERT, ACC",2026-07-10 01:24:28
39.1095490000597,-84.527183,2026-07-10T01:39:53.000,CHESTPN - 10D5 CARDIAC HX,2026-07-10 01:39:53
39.0975590000598,-84.508083,2026-07-10T01:45:54.000,PERDWN - 32D1 UNKNOWN,2026-07-10 01:45:54
39.1429480000597,-84.472184,2026-07-10T01:46:04.000,ASSLTI - (C) =,2026-07-10 01:46:04
39.2061840000597,-84.458946,2026-07-10T02:28:29.000,SICK - 26A1,2026-07-10 02:28:29
39.1255980000597,-84.548009,2026-07-10T02:34:27.000,PERDWN - 32D1 UNKNOWN,2026-07-10 02:34:27
39.1367230000598,-84.487422,2026-07-10T02:51:52.000,BREATH - 6C1E EMPHYSEMA,2026-07-10 02:51:52
39.1954310000597,-84.547969,2026-07-10T03:19:25.000,FALL - 17B1,2026-07-10 03:19:25
39.1587900000597,-84.559183,2026-07-10T03:23:54.000,STROKE - 28C5F CLEAR EVIDENCE,2026-07-10 03:23:54
39.1314820000597,-84.706841,2026-07-10T04:05:57.000,ASSLTI - (C) =,2026-07-10 04:05:57
39.1138010000598,-84.52881,2026-07-10T04:08:46.000,DOMINJ - (C) =,2026-07-10 04:08:46
39.1534480000597,-84.603948,2026-07-10T04:20:24.000,EMS,2026-07-10 04:20:24
39.1219160000597,-84.484835,2026-07-10T04:30:05.000,SICK - 26A11 VOMITING,2026-07-10 04:30:05
39.1401350000597,-84.521198,2026-07-10T04:54:21.000,PERDWN - 32D1 UNKNOWN,2026-07-10 04:54:21
39.1698870000597,-84.545373,2026-07-10T04:54:21.000,FALL - 17D4 NOT ALERT,2026-07-10 04:54:21
39.1419810000598,-84.588296,2026-07-10T05:01:19.000,EMS,2026-07-10 05:01:19
39.1605030000597,-84.408268,2026-07-10T05:46:57.000,CHESTPN - 10D4 CLAMMY,2026-07-10 05:46:57
39.1939080000597,-84.550527,2026-07-10T06:01:53.000,SICK - 26C2 ABNORMAL BREATH,2026-07-10 06:01:53
39.0985170000598,-84.515927,2026-07-10T06:09:20.000,BREATH - 6D2,2026-07-10 06:09:20
39.1078190000598,-84.580518,2026-07-10T06:41:39.000,BREATH - 6D4 CLAMMY,2026-07-10 06:41:39
39.1789640000597,-84.471622,2026-07-10T06:43:49.000,BREATH - 6D2,2026-07-10 06:43:49
39.0944220000598,-84.386893,2026-07-10T07:03:23.000,BREATH - 6D2A ASTHMA,2026-07-10 07:03:23
39.1364640000597,-84.523762,2026-07-10T07:06:49.000,BREATH - 6C1E EMPHYSEMA,2026-07-10 07:06:49
39.0990860000598,-84.509939,2026-07-10T07:12:36.000,SEIZURE - 12A1,2026-07-10 07:12:36
39.1243730000598,-84.502107,2026-07-10T07:14:46.000,BLEED - 21D4 DANGEROUS BLEED,2026-07-10 07:14:46
39.1517190000597,-84.586402,2026-07-10T07:37:43.000,BREATH - 6D2,2026-07-10 07:37:43
39.1879930000597,-84.510118,2026-07-10T07:53:03.000,=EMS1 - ALS1 RESPONSE,2026-07-10 07:53:03
39.1111940000598,-84.516465,2026-07-10T08:20:04.000,=EMS - (C),2026-07-10 08:20:04
39.1314650000597,-84.586254,2026-07-10T08:43:49.000,SICK - 33A2 NURSING HOME,2026-07-10 08:43:49
39.1545300000597,-84.404101,2026-07-10T08:47:37.000,SICK - 33A1 MED OFF OR CLINIC,2026-07-10 08:47:37
39.1029840000598,-84.508409,2026-07-10T08:48:06.000,CHESTPN - 10D4 CLAMMY,2026-07-10 08:48:06
39.1413210000597,-84.475774,2026-07-10T08:58:12.000,SICK - 26A8 PAIN,2026-07-10 08:58:12
39.1286320000598,-84.52752,2026-07-10T08:58:15.000,FAINT - 31D4 NOT ALERT,2026-07-10 08:58:15
39.1620130000597,-84.38634,2026-07-10T09:04:09.000,CHESTPN - 10D4 CLAMMY,2026-07-10 09:04:09
39.1867050000597,-84.420115,2026-07-10T09:32:08.000,CHESTPN - 10D4 CLAMMY,2026-07-10 09:32:08
39.1355260000597,-84.589839,2026-07-10T09:33:16.000,BLEED - 21B1 DANGEROUS,2026-07-10 09:33:16
39.1062130000598,-84.512275,2026-07-10T09:44:25.000,BLEED - 21D4 DANGEROUS BLEED,2026-07-10 09:44:25
39.1441050000598,-84.55871,2026-07-10T09:47:42.000,DOMINJ - (C) =,2026-07-10 09:47:42
39.1161950000598,-84.518395,2026-07-10T09:56:24.000,FAINT - 31D2 ABNORMAL BREATH,2026-07-10 09:56:24
39.1872550000597,-84.547052,2026-07-10T10:04:08.000,SICK - 26C1 ALTERED LOC,2026-07-10 10:04:08
39.1193520000598,-84.440309,2026-07-10T10:16:44.000,LIFT - 17A4,2026-07-10 10:16:44
39.1729540000597,-84.468472,2026-07-10T10:20:25.000,SEIZURE - 12C4,2026-07-10 10:20:25
39.1263250000597,-84.502817,2026-07-10T10:24:08.000,OD - (C)(V) 23C8V,2026-07-10 10:24:08
39.1273620000597,-84.597821,2026-07-10T10:35:05.000,PERDWN - 32D1 UNKNOWN,2026-07-10 10:35:05
39.1006020000598,-84.515373,2026-07-10T10:45:56.000,CHESTPN - 10C1 ABNORMAL BREATH,2026-07-10 10:45:56
39.1433490000597,-84.497842,2026-07-10T11:04:22.000,ARREST - 9E1 NOT BREATHING,2026-07-10 11:04:22
39.1306970000597,-84.510319,2026-07-10T11:07:09.000,FAINT - 31D4 NOT ALERT,2026-07-10 11:07:09
39.1428490000598,-84.620543,2026-07-10T11:15:14.000,BREATH - 6D2,2026-07-10 11:15:14
39.1484000000597,-84.506237,2026-07-10T11:16:27.000,=EMS - (C),2026-07-10 11:16:27
39.1413220000598,-84.492325,2026-07-10T11:30:42.000,CHESTPN - 10D1 NOT ALERT,2026-07-10 11:30:42
39.1055530000598,-84.512225,2026-07-10T11:31:17.000,SICK - 26A8 PAIN,2026-07-10 11:31:17
39.2161690000597,-84.483699,2026-07-10T11:39:55.000,SICK - 26A8 PAIN,2026-07-10 11:39:55
39.1052610000597,-84.580453,2026-07-10T11:41:04.000,PERDWN - 32B2 MEDICAL ALARM,2026-07-10 11:41:04
39.1079950000598,-84.529405,2026-07-10T11:54:42.000,BLEED - 21A1,2026-07-10 11:54:42
39.1481390000597,-84.572277,2026-07-10T12:03:06.000,LIFT - 17A4,2026-07-10 12:03:06
39.1539690000597,-84.484251,2026-07-10T12:07:29.000,SICK - 26A8 PAIN,2026-07-10 12:07:29
39.1914650000597,-84.46675,2026-07-10T12:26:39.000,DOMINJ - (C) =,2026-07-10 12:26:39
39.1340090000597,-84.488408,2026-07-10T12:38:00.000,DIABETIC - 13A1,2026-07-10 12:38:00
39.1244700000598,-84.463825,2026-07-10T12:45:24.000,FALL - 17A3 NON RECENT,2026-07-10 12:45:24
39.1335500000597,-84.527364,2026-07-10T12:52:49.000,SICK - 33C1 NOT ALERT,2026-07-10 12:52:49
39.1597690000597,-84.505,2026-07-10T12:58:49.000,FAINT - 31D4 NOT ALERT,2026-07-10 12:58:49
39.1312070000597,-84.599741,2026-07-10T13:03:43.000,PERDWN - 32D1 UNKNOWN,2026-07-10 13:03:43
39.1275180000597,-84.490001,2026-07-10T13:07:51.000,BREATH - 6C1A ASTHMA,2026-07-10 13:07:51
39.0974320000598,-84.510916,2026-07-10T13:10:07.000,PERDWN - 32D1 UNKNOWN,2026-07-10 13:10:07
39.1465300000598,-84.573848,2026-07-10T13:11:14.000,DIABETIC - 13C1 NOT ALERT,2026-07-10 13:11:14
39.1215050000597,-84.425275,2026-07-10T13:19:49.000,FAINT - 31D4 NOT ALERT,2026-07-10 13:19:49
39.1362520000597,-84.600438,2026-07-10T13:35:21.000,FALL - 17B4,2026-07-10 13:35:21
39.1388470000598,-84.579917,2026-07-10T13:48:01.000,LIFT - 53A2M PT 400-700LB,2026-07-10 13:48:01
39.1227980000598,-84.501362,2026-07-10T13:59:02.000,PERDWN - 32D1 UNKNOWN,2026-07-10 13:59:02
39.1173640000597,-84.577471,2026-07-10T13:59:57.000,SICK - 26A1,2026-07-10 13:59:57
39.1037110000598,-84.586906,2026-07-10T14:08:01.000,SICK - 26A3 VERTIGO,2026-07-10 14:08:01
39.1787140000597,-84.414256,2026-07-10T14:11:26.000,SICK - 26C1 ALTERED LOC,2026-07-10 14:11:26
39.1663110000597,-84.470612,2026-07-10T14:27:34.000,SICK - 26A1,2026-07-10 14:27:34
39.2147470000597,-84.487399,2026-07-10T14:39:50.000,BREATH - 33C2 ABNORMAL,2026-07-10 14:39:50
39.1479350000597,-84.50153,2026-07-10T14:43:36.000,FALL - 17D5 SOB,2026-07-10 14:43:36
39.0978870000598,-84.563443,2026-07-10T14:56:58.000,CHESTPN - 10D4 CLAMMY,2026-07-10 14:56:58
39.1072080000598,-84.507146,2026-07-10T15:06:32.000,=PERDWN,2026-07-10 15:06:32
39.1259160000598,-84.598671,2026-07-10T15:20:01.000,CHESTPN - 10C3,2026-07-10 15:20:01
39.1064080000598,-84.517275,2026-07-10T15:32:20.000,SEIZURE - 12D2 MULTIPLE,2026-07-10 15:32:20
39.1170140000597,-84.576051,2026-07-10T15:34:33.000,SICK - 26A1,2026-07-10 15:34:33
39.1435310000597,-84.511866,2026-07-10T15:40:22.000,CHESTPN - 10A1,2026-07-10 15:40:22
39.1464640000597,-84.489452,2026-07-10T15:43:43.000,BREATH - 6C1E EMPHYSEMA,2026-07-10 15:43:43
39.1826510000597,-84.457069,2026-07-10T15:45:17.000,FAINT - 31A3,2026-07-10 15:45:17
39.1362790000598,-84.464137,2026-07-10T15:50:56.000,ABDOM - 1A1,2026-07-10 15:50:56
39.1634150000597,-84.420647,2026-07-10T15:59:32.000,ABDOM - 1A1,2026-07-10 15:59:32
39.1309300000598,-84.486507,2026-07-10T16:02:12.000,SICK - 26C2 ABNORMAL BREATH,2026-07-10 16:02:12
39.2001560000597,-84.457863,2026-07-10T16:09:44.000,PERDWN - 32D1 UNKNOWN,2026-07-10 16:09:44
39.1108530000598,-84.527104,2026-07-10T16:12:25.000,SICK - 26O20 OBJECT STUCK,2026-07-10 16:12:25
39.1149140000598,-84.518466,2026-07-10T16:15:03.000,SEIZURE - 12D2 MULTIPLE,2026-07-10 16:15:03
39.1443710000597,-84.612244,2026-07-10T16:48:51.000,LIFT - 17A4,2026-07-10 16:48:51
39.2011830000597,-84.536803,2026-07-10T16:52:31.000,LIFT - 17A4,2026-07-10 16:52:31
39.1839290000597,-84.566533,2026-07-10T17:28:54.000,CHESTPN - 10D1 NOT ALERT,2026-07-10 17:28:54
39.1276550000598,-84.445649,2026-07-10T17:32:57.000,STROKE - 28C1 NOT ALERT,2026-07-10 17:32:57
39.0885270000598,-84.568366,2026-07-10T17:34:10.000,PERDWN - 32D1 UNKNOWN,2026-07-10 17:34:10
39.0960520000598,-84.510366,2026-07-10T17:34:41.000,PERDWN - 32D1 UNKNOWN,2026-07-10 17:34:41
39.1537830000597,-84.486098,2026-07-10T17:44:57.000,=EMS1 - ALS1 RESPONSE,2026-07-10 17:44:57
39.1111640000598,-84.59794,2026-07-10T17:48:05.000,ALRGY - 2C1 DIFF BREATHING,2026-07-10 17:48:05
39.1764450000597,-84.436312,2026-07-10T17:49:01.000,LIFT - 17A4,2026-07-10 17:49:01
39.2082020000597,-84.553736,2026-07-10T17:51:09.000,BREATH - 6C1A ASTHMA,2026-07-10 17:51:09
39.1357090000597,-84.60971,2026-07-10T17:58:09.000,CHESTPN - 10D2 DIFF SPEAKING,2026-07-10 17:58:09
39.1506080000598,-84.487727,2026-07-10T17:58:13.000,FALL - 17A3 NON RECENT,2026-07-10 17:58:13
39.1518850000597,-84.485216,2026-07-10T18:06:55.000,BREATH - 6C1E EMPHYSEMA,2026-07-10 18:06:55
39.0994480000598,-84.52668,2026-07-10T18:15:06.000,CHESTPN - 10D4 CLAMMY,2026-07-10 18:15:06
39.1093310000597,-84.526789,2026-07-10T18:16:52.000,=EMS1 - ALS1 RESPONSE,2026-07-10 18:16:52
39.1077100000598,-84.50911,2026-07-10T18:27:48.000,BREATH - 6C1,2026-07-10 18:27:48
39.1522130000598,-84.408411,2026-07-10T18:34:28.000,BLEED - 33C3 SERIOUS,2026-07-10 18:34:28
39.0983680000598,-84.52743,2026-07-10T18:39:35.000,CHESTPN - 10D4 CLAMMY,2026-07-10 18:39:35
39.1309740000598,-84.522944,2026-07-10T18:41:14.000,=EMS - (C),2026-07-10 18:41:14
39.1809950000597,-84.421245,2026-07-10T18:49:09.000,FALL - 17B1,2026-07-10 18:49:09
39.1422310000597,-84.572991,2026-07-10T18:55:05.000,SICK - 26C1 ALTERED LOC,2026-07-10 18:55:05
39.1217790000598,-84.526708,2026-07-10T18:56:16.000,PERDWN - 32B1 PT MOV/TALK,2026-07-10 18:56:16
39.1075200000598,-84.50789,2026-07-10T18:56:38.000,CHESTPN - 10C1 ABNORMAL BREATH,2026-07-10 18:56:38
39.1437680000597,-84.506768,2026-07-10T19:01:49.000,SEIZURE - 12D4,2026-07-10 19:01:49
39.1420420000597,-84.509651,2026-07-10T19:02:48.000,SEIZURE - 12A3,2026-07-10 19:02:48
39.1453600000597,-84.458168,2026-07-10T19:05:35.000,EMS,2026-07-10 19:05:35
39.1329890000598,-84.490735,2026-07-10T19:09:45.000,PERDWN - 32D1 UNKNOWN,2026-07-10 19:09:45
39.1317760000598,-84.609909,2026-07-10T19:33:21.000,SICK - 26A8 PAIN,2026-07-10 19:33:21
39.1505600000597,-84.567514,2026-07-10T19:41:15.000,SICK - 26A8 PAIN,2026-07-10 19:41:15
39.1271000000598,-84.494661,2026-07-10T19:52:56.000,BREATH - 6D1A NOT ALERT,2026-07-10 19:52:56
39.1579400000597,-84.558833,2026-07-10T20:19:30.000,SICK - 26A5 GEN WEAKNESS,2026-07-10 20:19:30
39.1222110000598,-84.529321,2026-07-10T20:20:00.000,SICK - 26A11 VOMITING,2026-07-10 20:20:00
39.1443500000597,-84.459418,2026-07-10T20:28:17.000,EMS,2026-07-10 20:28:17
39.2084670000597,-84.554564,2026-07-10T20:33:23.000,DIABETIC - 13C2,2026-07-10 20:33:23
39.1257550000597,-84.502987,2026-07-10T20:58:57.000,SICK - 26A8 PAIN,2026-07-10 20:58:57
39.0996380000598,-84.52711,2026-07-10T21:01:50.000,FAINT - 31A1,2026-07-10 21:01:50
39.1657000000597,-84.55388,2026-07-10T21:15:16.000,BLEED - 21D3 NOT ALERT,2026-07-10 21:15:16
39.1106250000597,-84.571402,2026-07-10T21:33:09.000,EMS,2026-07-10 21:33:09
39.1355520000597,-84.486965,2026-07-10T21:40:58.000,SICK - 26A3 VERTIGO,2026-07-10 21:40:58
39.2154490000597,-84.483379,2026-07-10T21:41:25.000,SICK - 26C2 ABNORMAL BREATH,2026-07-10 21:41:25
39.1281950000598,-84.478038,2026-07-10T21:58:06.000,SICK - 26A2 ABNORMAL BP,2026-07-10 21:58:06
39.1375620000597,-84.536057,2026-07-10T22:08:45.000,EMS,2026-07-10 22:08:45
39.1932420000597,-84.498023,2026-07-10T22:11:31.000,BURN - 7C2 DIFF BREATHING,2026-07-10 22:11:31
39.1932430000597,-84.463854,2026-07-10T22:18:42.000,ABDOM - 1C6,2026-07-10 22:18:42
39.0984630000598,-84.50914,2026-07-10T22:33:53.000,SEIZURE - 12C4,2026-07-10 22:33:53
39.0994730000598,-84.5092,2026-07-10T22:34:47.000,=EMS1 - ALS1 RESPONSE,2026-07-10 22:34:47
39.0995780000598,-84.52728,2026-07-10T22:45:42.000,ASSLTI - (C) =,2026-07-10 22:45:42
39.1626610000597,-84.539586,2026-07-10T22:47:30.000,PERDWN - 32D1 UNKNOWN,2026-07-10 22:47:30
39.1082980000598,-84.526003,2026-07-10T22:50:20.000,ABDOM - 1A1,2026-07-10 22:50:20
39.1263180000597,-84.484822,2026-07-10T22:51:49.000,EMS - (C) =,2026-07-10 22:51:49
39.1632410000597,-84.539306,2026-07-10T22:59:13.000,PERDWN - 32D1 UNKNOWN,2026-07-10 22:59:13
39.1049390000598,-84.560561,2026-07-10T23:00:29.000,DOMINJ - (C) =,2026-07-10 23:00:29
39.1000630000598,-84.510433,2026-07-10T23:10:27.000,CHESTPN - 10C1 ABNORMAL BREATH,2026-07-10 23:10:27
39.0986580000598,-84.52732,2026-07-10T23:35:18.000,BREATH - 6D4A ASTHMA,2026-07-10 23:35:18
39.1621780000598,-84.534143,2026-07-10T23:47:32.000,HEADACHE - 18C2 ABNORM BREATH,2026-07-10 23:47:32
39.1357200000597,-84.60657,2026-07-11T00:19:55.000,BLEED - 33C4 SHOCK,2026-07-11 00:19:55
39.1563090000597,-84.52486,2026-07-11T00:31:12.000,FALL - 17B2 SERIOUS BLEEDING,2026-07-11 00:31:12
39.1140570000598,-84.516639,2026-07-11T00:47:21.000,BREATH - 6C1,2026-07-11 00:47:21
39.1498320000597,-84.509138,2026-07-11T00:47:23.000,CHESTPN - 10D2 DIFF SPEAKING,2026-07-11 00:47:23
39.0971240000598,-84.504741,2026-07-11T00:51:51.000,PERDWN - 32D1 UNKNOWN,2026-07-11 00:51:51
39.1246750000597,-84.489408,2026-07-11T01:13:32.000,BREATH - 6D2E EMPHYSEMA,2026-07-11 01:13:32
39.1275670000597,-84.516329,2026-07-11T01:23:01.000,BREATH - 6D2A ASTHMA,2026-07-11 01:23:01
39.1983190000597,-84.4812,2026-07-11T01:28:42.000,OD - (C) 23B1I INTENTIONAL,2026-07-11 01:28:42
39.1788690000597,-84.548216,2026-07-11T01:31:53.000,PREG - 24C2 POSS MISCARRIAGE,2026-07-11 01:31:53
39.1594120000597,-84.395308,2026-07-11T01:38:46.000,CHESTPN - 10D5 CARDIAC HX,2026-07-11 01:38:46
39.1459260000597,-84.56817,2026-07-11T01:40:18.000,ASSLTI - (C) =,2026-07-11 01:40:18
39.1798510000597,-84.510149,2026-07-11T01:51:27.000,ASSLTI - (C)(W) =,2026-07-11 01:51:27
39.1478930000597,-84.559249,2026-07-11T01:53:44.000,CHESTPN - 10D5 CARDIAC HX,2026-07-11 01:53:44
39.1888850000597,-84.568539,2026-07-11T02:06:37.000,BREATH - 6D2A ASTHMA,2026-07-11 02:06:37
39.1564500000597,-84.561771,2026-07-11T02:17:04.000,FALL - 17B1,2026-07-11 02:17:04
39.1158380000598,-84.515405,2026-07-11T02:17:07.000,ABDOM - 1A1,2026-07-11 02:17:07
39.1970370000597,-84.475129,2026-07-11T02:19:02.000,ASSLTI - (C) =,2026-07-11 02:19:02
39.1384140000597,-84.578196,2026-07-11T02:27:51.000,SICK - 26C2 ABNORMAL BREATH,2026-07-11 02:27:51
39.1066450000598,-84.528386,2026-07-11T02:35:23.000,ASSLTI - (C)(W) =,2026-07-11 02:35:23
39.1890930000597,-84.467696,2026-07-11T02:35:47.000,STROKE - 28C7 VISION PROBLEMS,2026-07-11 02:35:47
39.1516850000598,-84.37289,2026-07-11T02:36:41.000,BREATH - 6D2E EMPHYSEMA,2026-07-11 02:36:41
39.1729380000597,-84.512201,2026-07-11T02:56:16.000,PERDWN - 32D1 UNKNOWN,2026-07-11 02:56:16
39.1232450000598,-84.582071,2026-07-11T03:13:16.000,PERDWN - 32D1 UNKNOWN,2026-07-11 03:13:16
39.2091060000597,-84.456189,2026-07-11T03:36:44.000,=EMS1 - ALS1 RESPONSE,2026-07-11 03:36:44
39.1171950000598,-84.529326,2026-07-11T03:55:44.000,"BLEED - 21B2T SERIOUS, TRAUMA",2026-07-11 03:55:44
39.1408260000597,-84.533155,2026-07-11T04:11:34.000,PERDWN - 32D1 UNKNOWN,2026-07-11 04:11:34
39.1303640000598,-84.522584,2026-07-11T04:14:25.000,OD - (C) 23C2I INTENTIONAL,2026-07-11 04:14:25
39.1310960000598,-84.598853,2026-07-11T05:01:10.000,SICK - 33C6 SEVERE PAIN,2026-07-11 05:01:10
39.1526920000597,-84.485754,2026-07-11T05:02:31.000,DIABETIC - 13C3,2026-07-11 05:02:31
39.2160470000597,-84.486829,2026-07-11T05:22:27.000,FALL - 17B1,2026-07-11 05:22:27
39.1926520000597,-84.483101,2026-07-11T05:40:51.000,CHESTPN - 10C3,2026-07-11 05:40:51
39.1168190000598,-84.518833,2026-07-11T05:42:40.000,PERDWN - 32B2 MEDICAL ALARM,2026-07-11 05:42:40
39.0940800000598,-84.387027,2026-07-11T05:49:53.000,SICK - 26A8 PAIN,2026-07-11 05:49:53
39.1511190000597,-84.532288,2026-07-11T06:27:58.000,LIFT - 17A4,2026-07-11 06:27:58
39.1423280000597,-84.495169,2026-07-11T06:29:19.000,LIFT - 17A4,2026-07-11 06:29:19
39.1485170000598,-84.490295,2026-07-11T07:13:46.000,OD - (C) 23O1 ACCIDENTAL,2026-07-11 07:13:46
39.1578140000597,-84.421727,2026-07-11T07:14:31.000,SICK - 26C2 ABNORMAL BREATH,2026-07-11 07:14:31
39.1407420000597,-84.60867,2026-07-11T07:15:38.000,=EMS1 - ALS1 RESPONSE,2026-07-11 07:15:38
39.1988740000597,-84.527567,2026-07-11T07:29:44.000,ABDOM - 1A1,2026-07-11 07:29:44
39.1483570000598,-84.489355,2026-07-11T07:30:22.000,=EMS - (C),2026-07-11 07:30:22
39.1570310000598,-84.559233,2026-07-11T07:34:36.000,FALL - 17D5 SOB,2026-07-11 07:34:36
39.1483260000597,-84.570892,2026-07-11T07:51:40.000,=ASSLTI - (C),2026-07-11 07:51:40
39.1137070000598,-84.517578,2026-07-11T08:10:38.000,EMS - (C) =,2026-07-11 08:10:38
39.1325250000598,-84.479378,2026-07-11T08:35:15.000,BLEED - 33C4 SHOCK,2026-07-11 08:35:15
39.2001660000597,-84.522677,2026-07-11T08:43:27.000,FALL - 17B1,2026-07-11 08:43:27
39.1108930000598,-84.571125,2026-07-11T08:51:02.000,ABDOM - 1C6,2026-07-11 08:51:02
39.1573140000597,-84.420997,2026-07-11T08:59:43.000,SICK - 26C2 ABNORMAL BREATH,2026-07-11 08:59:43
39.1871750000597,-84.547452,2026-07-11T08:59:50.000,SICK - 33A2 NURSING HOME,2026-07-11 08:59:50
39.1313130000597,-84.499325,2026-07-11T09:03:37.000,SICK - 33A2 NURSING HOME,2026-07-11 09:03:37
39.1902620000597,-84.45607,2026-07-11T09:17:21.000,BREATH - 6D2O,2026-07-11 09:17:21
39.1269680000597,-84.489841,2026-07-11T09:17:54.000,SICK - 26A8 PAIN,2026-07-11 09:17:54
39.1148150000598,-84.528838,2026-07-11T09:20:46.000,SICK - 26A1,2026-07-11 09:20:46
39.1465920000597,-84.591107,2026-07-11T09:22:07.000,FALL - 17B1,2026-07-11 09:22:07
39.1514250000598,-84.37415,2026-07-11T09:37:57.000,BREATH - 6E1E EMPHYSEMA,2026-07-11 09:37:57
39.1366170000597,-84.601455,2026-07-11T09:40:36.000,STROKE - 28C1 NOT ALERT,2026-07-11 09:40:36
39.1284910000598,-84.52024,2026-07-11T09:56:35.000,ABDOM - 1C4,2026-07-11 09:56:35
39.1783560000597,-84.458984,2026-07-11T10:18:11.000,BREATH - 6D2,2026-07-11 10:18:11
39.1512050000597,-84.483941,2026-07-11T10:39:59.000,BLEED - 21D5 ABNORMAL BREATH,2026-07-11 10:39:59
39.1124420000598,-84.575325,2026-07-11T10:50:57.000,BREATH - 6D1 NOT ALERT,2026-07-11 10:50:57
39.2065730000597,-84.47533,2026-07-11T10:57:14.000,EMS,2026-07-11 10:57:14
39.1580300000597,-84.481686,2026-07-11T11:22:11.000,SICK - 26C1 ALTERED LOC,2026-07-11 11:22:11
39.0984380000598,-84.52692,2026-07-11T11:27:19.000,CHESTPN - 10D4 CLAMMY,2026-07-11 11:27:19
39.2002560000597,-84.478105,2026-07-11T11:38:16.000,SICK - 26A1,2026-07-11 11:38:16
39.1630630000597,-84.538415,2026-07-11T11:49:13.000,PERDWN - 32D1 UNKNOWN,2026-07-11 11:49:13
39.0907670000598,-84.391822,2026-07-11T11:50:40.000,FALL - 17B1,2026-07-11 11:50:40
39.1344700000597,-84.526894,2026-07-11T11:52:21.000,SICK - 26O9 CUT RING,2026-07-11 11:52:21
39.1103420000598,-84.536241,2026-07-11T11:56:41.000,BREATH - 6D1 NOT ALERT,2026-07-11 11:56:41
39.0978780000598,-84.505157,2026-07-11T12:00:09.000,=EMS1 - ALS1 RESPONSE,2026-07-11 12:00:09
39.2004670000597,-84.564146,2026-07-11T12:08:01.000,=DOMINJ - (C),2026-07-11 12:08:01
39.1090150000598,-84.561126,2026-07-11T12:08:21.000,BREATH - 6D2A ASTHMA,2026-07-11 12:08:21
39.1202820000598,-84.545082,2026-07-11T12:11:44.000,BREATH - 6D1 NOT ALERT,2026-07-11 12:11:44
39.1200270000597,-84.547776,2026-07-11T12:19:58.000,SICK - 33C1 NOT ALERT,2026-07-11 12:19:58
39.1262220000598,-84.498713,2026-07-11T12:32:03.000,SICK - 33C6 SEVERE PAIN,2026-07-11 12:32:03
39.2016300000597,-84.463292,2026-07-11T12:37:10.000,SICK - 26D1 NOT ALERT,2026-07-11 12:37:10
39.1572020000597,-84.475488,2026-07-11T12:40:21.000,SICK - 26A1,2026-07-11 12:40:21
39.1211190000597,-84.601158,2026-07-11T12:42:10.000,PERDWN - 32D1 UNKNOWN,2026-07-11 12:42:10
39.1727910000597,-84.429051,2026-07-11T12:43:39.000,SICK - 33A2 NURSING HOME,2026-07-11 12:43:39
39.1471050000597,-84.600975,2026-07-11T12:46:25.000,SICK - 26A5 GEN WEAKNESS,2026-07-11 12:46:25
39.0960800000598,-84.510527,2026-07-11T12:49:12.000,FALL - 17A2,2026-07-11 12:49:12
39.1063750000598,-84.556181,2026-07-11T12:53:55.000,BREATH - 6D4 CLAMMY,2026-07-11 12:53:55
39.1558500000597,-84.525278,2026-07-11T12:58:06.000,BREATH - 6D1 NOT ALERT,2026-07-11 12:58:06
39.1312460000598,-84.573949,2026-07-11T13:00:14.000,BREATH - 6D1A NOT ALERT,2026-07-11 13:00:14
39.1539930000597,-84.58275,2026-07-11T13:01:29.000,FALL - 17A2,2026-07-11 13:01:29
39.1551490000597,-84.504539,2026-07-11T13:12:14.000,PERDWN - 32B2 MEDICAL ALARM,2026-07-11 13:12:14
39.1308860000598,-84.599243,2026-07-11T13:14:00.000,SICK - 33C1 NOT ALERT,2026-07-11 13:14:00
39.1044790000598,-84.560207,2026-07-11T13:20:45.000,BREATH - 6C1,2026-07-11 13:20:45
39.1580660000597,-84.427716,2026-07-11T13:36:24.000,FAINT - 31A3,2026-07-11 13:36:24
39.1498790000597,-84.585477,2026-07-11T13:36:44.000,"FUMES - 60D4V SICK, MULTI-FAM",2026-07-11 13:36:44
39.1459930000597,-84.490951,2026-07-11T13:57:17.000,BREATH - 6C1,2026-07-11 13:57:17
39.1298840000597,-84.600705,2026-07-11T14:01:46.000,DOMINJ - (C) =,2026-07-11 14:01:46
39.1425670000598,-84.509358,2026-07-11T14:03:11.000,STROKE - 28C5 FACIAL DROOP,2026-07-11 14:03:11
39.1885670000597,-84.510378,2026-07-11T14:04:05.000,=EMS1 - ALS1 RESPONSE,2026-07-11 14:04:05
39.1770530000597,-84.509733,2026-07-11T14:05:47.000,OD - (C) 23C1I INTENTIONAL,2026-07-11 14:05:47
39.0916430000598,-84.388105,2026-07-11T14:10:08.000,FALL - 17B2 SERIOUS BLEEDING,2026-07-11 14:10:08
39.2160330000597,-84.487985,2026-07-11T14:17:06.000,FALL - 17D5 SOB,2026-07-11 14:17:06
39.1410620000597,-84.42396,2026-07-11T14:30:05.000,EMS,2026-07-11 14:30:05
39.1240160000597,-84.60104,2026-07-11T14:30:16.000,=PERDWN,2026-07-11 14:30:16
39.1144680000598,-84.434545,2026-07-11T14:40:52.000,WATERR - (C) 81C2 VEH IN FLOOD,2026-07-11 14:40:52
39.1372820000598,-84.534973,2026-07-11T14:41:00.000,BREATH - 6C1A ASTHMA,2026-07-11 14:41:00
39.1199400000598,-84.492053,2026-07-11T14:43:53.000,CHESTPN - 10C1 ABNORMAL BREATH,2026-07-11 14:43:53
39.1342370000597,-84.502478,2026-07-11T14:46:55.000,FAINT - 31D1 AGONAL BREATHING,2026-07-11 14:46:55
39.1107240000598,-84.598241,2026-07-11T14:54:06.000,STROKE - 28C6 LOSS OF BALANCE,2026-07-11 14:54:06
39.1041840000598,-84.599509,2026-07-11T14:54:11.000,EMS,2026-07-11 14:54:11
39.1602430000597,-84.39831,2026-07-11T14:55:00.000,DIABETIC - 13C1 NOT ALERT,2026-07-11 14:55:00
39.1159810000598,-84.573505,2026-07-11T14:55:10.000,ARREST - 9E1 NOT BREATHING,2026-07-11 14:55:10
39.1281210000598,-84.517032,2026-07-11T14:56:58.000,=EMS1 - ALS1 RESPONSE,2026-07-11 14:56:58
39.1111250000597,-84.599632,2026-07-11T15:06:39.000,FAINT - 31D3,2026-07-11 15:06:39
39.1442440000597,-84.620969,2026-07-11T15:28:24.000,STROKE - 28C7 VISION PROBLEMS,2026-07-11 15:28:24
39.0992780000598,-84.52568,2026-07-11T15:31:44.000,SICK - 26C2 ABNORMAL BREATH,2026-07-11 15:31:44
39.1317410000598,-84.46564,2026-07-11T15:32:54.000,BLEED - 21D5 ABNORMAL BREATH,2026-07-11 15:32:54
39.1315780000597,-84.569374,2026-07-11T15:33:52.000,SUIC - (C)(V)(W) 25B2B BLEED,2026-07-11 15:33:52
39.1271230000598,-84.488178,2026-07-11T15:38:02.000,=EMS - (C),2026-07-11 15:38:02
39.1883550000597,-84.547412,2026-07-11T16:01:26.000,SICK - 33A2 NURSING HOME,2026-07-11 16:01:26
39.1138490000598,-84.519281,2026-07-11T16:02:27.000,=EMS1 - ALS1 RESPONSE,2026-07-11 16:02:27
39.1367640000597,-84.522772,2026-07-11T16:11:56.000,SICK - 33C1 NOT ALERT,2026-07-11 16:11:56
39.1336330000598,-84.618993,2026-07-11T16:28:33.000,BLEED - 21D4 DANGEROUS BLEED,2026-07-11 16:28:33
39.1303530000598,-84.610442,2026-07-11T16:28:41.000,SICK - 26A8 PAIN,2026-07-11 16:28:41
39.1914340000597,-84.5135,2026-07-11T16:40:53.000,BLEED - 21D4 DANGEROUS BLEED,2026-07-11 16:40:53
39.1438970000598,-84.510708,2026-07-11T16:46:43.000,EMS - (C) =,2026-07-11 16:46:43
39.2008130000597,-84.528659,2026-07-11T16:56:15.000,SICK - 26A1,2026-07-11 16:56:15
39.1433730000597,-84.413753,2026-07-11T17:06:23.000,CHESTPN - 10D2 DIFF SPEAKING,2026-07-11 17:06:23
39.1278080000598,-84.485418,2026-07-11T17:15:26.000,EMS - (C) =,2026-07-11 17:15:26
39.1261530000597,-84.426572,2026-07-11T17:17:51.000,FALL - 17B1,2026-07-11 17:17:51
39.1192610000598,-84.56258,2026-07-11T17:53:36.000,BREATH - 6C1A ASTHMA,2026-07-11 17:53:36
39.0938540000598,-84.383222,2026-07-11T17:54:57.000,LIFT - 17A4,2026-07-11 17:54:57
39.1207120000598,-84.700966,2026-07-11T17:55:20.000,DIABETIC - 13C1 NOT ALERT,2026-07-11 17:55:20
39.1120360000598,-84.570159,2026-07-11T18:08:42.000,PERDWN - 32B1 PT MOV/TALK,2026-07-11 18:08:42
39.1588560000597,-84.422752,2026-07-11T18:12:25.000,=EMS - (C),2026-07-11 18:12:25
39.1440110000597,-84.593519,2026-07-11T18:17:26.000,FALL - 17B2 SERIOUS BLEEDING,2026-07-11 18:17:26
39.1601530000597,-84.409438,2026-07-11T18:27:36.000,BREATH - 33C2 ABNORMAL,2026-07-11 18:27:36
39.0972950000598,-84.556974,2026-07-11T18:31:36.000,ASSLTI - (C) =,2026-07-11 18:31:36
39.1914920000597,-84.517411,2026-07-11T18:31:41.000,ABDOM - 1A1,2026-07-11 18:31:41
39.1437130000597,-84.518962,2026-07-11T18:32:42.000,CHESTPN - 10C3,2026-07-11 18:32:42
39.1333410000597,-84.548095,2026-07-11T18:59:21.000,PERDWN - 32D1 UNKNOWN,2026-07-11 18:59:21
39.1401620000597,-84.45523,2026-07-11T19:04:59.000,FALL - 17A2,2026-07-11 19:04:59
39.1518480000597,-84.483262,2026-07-11T19:23:44.000,BURN - 7A5 NON RECENT,2026-07-11 19:23:44
39.2155370000597,-84.486939,2026-07-11T19:28:05.000,SICK - 33A2 NURSING HOME,2026-07-11 19:28:05
39.1109700000598,-84.529321,2026-07-11T19:36:55.000,CHESTPN - 10D4 CLAMMY,2026-07-11 19:36:55
39.1467800000597,-84.49352,2026-07-11T19:59:47.000,EMS,2026-07-11 19:59:47
39.1258510000598,-84.50559,2026-07-11T20:00:03.000,SICK - 26C2 ABNORMAL BREATH,2026-07-11 20:00:03
39.2028640000597,-84.577719,2026-07-11T20:01:29.000,FAINT - 31D3,2026-07-11 20:01:29
39.1898550000597,-84.567999,2026-07-11T20:09:02.000,BREATH - 6D1A NOT ALERT,2026-07-11 20:09:02
39.1548340000597,-84.574732,2026-07-11T20:09:29.000,FALL - 17D4 NOT ALERT,2026-07-11 20:09:29
39.1260150000597,-84.502467,2026-07-11T20:11:53.000,SICK - 26A1,2026-07-11 20:11:53
39.0978980000598,-84.504557,2026-07-11T20:22:40.000,EMS,2026-07-11 20:22:40
39.1054060000598,-84.505113,2026-07-11T20:43:00.000,FALL - 17B4,2026-07-11 20:43:00
39.1718040000597,-84.466421,2026-07-11T20:45:48.000,SICK - 26D1 NOT ALERT,2026-07-11 20:45:48
39.1237450000598,-84.536378,2026-07-11T20:51:07.000,"BLEED - 21B2T SERIOUS, TRAUMA",2026-07-11 20:51:07
39.1399120000597,-84.42513,2026-07-11T20:53:23.000,ASSLTI - (C) =,2026-07-11 20:53:23
39.1290840000597,-84.591019,2026-07-11T20:53:56.000,PREG - 24D3 IMMINENT,2026-07-11 20:53:56
39.2013980000597,-84.461364,2026-07-11T21:43:51.000,CHESTPN - 10D1 NOT ALERT,2026-07-11 21:43:51
39.1278160000597,-84.524272,2026-07-11T22:05:02.000,EMS,2026-07-11 22:05:02
39.1237260000597,-84.60468,2026-07-11T22:13:59.000,SICK - 26A7 IMMOBILE,2026-07-11 22:13:59
39.1281850000598,-84.510968,2026-07-11T22:35:31.000,EMS,2026-07-11 22:35:31
39.1093800000598,-84.512405,2026-07-11T22:35:36.000,FAINT - 31A2,2026-07-11 22:35:36
39.1582750000597,-84.489829,2026-07-11T22:38:30.000,SICK - 26A1,2026-07-11 22:38:30
39.0989030000598,-84.503989,2026-07-11T22:41:54.000,FALL - 17B3 STAIRS,2026-07-11 22:41:54
39.1327750000597,-84.569932,2026-07-11T22:49:12.000,FAINT - 31D2 ABNORMAL BREATH,2026-07-11 22:49:12
39.1249090000598,-84.488313,2026-07-11T23:01:02.000,BREATH - 6D4O CLAMMY,2026-07-11 23:01:02
39.1292980000597,-84.483771,2026-07-11T23:08:48.000,SEIZURE - 12C4,2026-07-11 23:08:48
39.1586650000597,-84.491389,2026-07-11T23:37:44.000,SICK - 26A1,2026-07-11 23:37:44
39.1511400000597,-84.496919,2026-07-11T23:50:41.000,ASSLTI - (C) =,2026-07-11 23:50:41
39.0796430000598,-84.592173,2026-07-12T00:06:06.000,ASSLTI - (C) =,2026-07-12 00:06:06
39.1670350000597,-84.388915,2026-07-12T00:13:25.000,BREATH - 33C2 ABNORMAL,2026-07-12 00:13:25
39.1282270000597,-84.518159,2026-07-12T00:21:51.000,=PERDWN,2026-07-12 00:21:51
39.1043400000598,-84.50626,2026-07-12T00:37:36.000,FAINT - 31D1 AGONAL BREATHING,2026-07-12 00:37:36
39.1025360000598,-84.563402,2026-07-12T00:41:43.000,FALL - 17B4,2026-07-12 00:41:43
39.1457920000597,-84.423482,2026-07-12T00:42:10.000,ABDOM - 1A1,2026-07-12 00:42:10
39.1914290000597,-84.568122,2026-07-12T00:52:25.000,FAINT - 31D4 NOT ALERT,2026-07-12 00:52:25
39.1376690000598,-84.525267,2026-07-12T01:03:09.000,ASSLTI - (C)(W) =,2026-07-12 01:03:09
39.1371790000598,-84.524467,2026-07-12T01:10:38.000,ASSLTI - (C) =,2026-07-12 01:10:38
39.0971430000598,-84.510644,2026-07-12T01:12:50.000,=EMS - (C),2026-07-12 01:12:50
39.1470090000598,-84.579241,2026-07-12T01:21:18.000,CHESTPN - 10C1 ABNORMAL BREATH,2026-07-12 01:21:18
39.1072100000598,-84.50889,2026-07-12T01:25:10.000,ASSLTI - (C) =,2026-07-12 01:25:10
39.1021820000598,-84.511048,2026-07-12T01:29:51.000,FALL - 17B1,2026-07-12 01:29:51
39.2036050000597,-84.456031,2026-07-12T01:31:25.000,EMS,2026-07-12 01:31:25
39.2059210000597,-84.452983,2026-07-12T01:41:00.000,=EMS - (C),2026-07-12 01:41:00
39.0943320000598,-84.398538,2026-07-12T01:44:17.000,CHESTPN - 10C1 ABNORMAL BREATH,2026-07-12 01:44:17
39.1312990000597,-84.524518,2026-07-12T01:50:50.000,ABDOM - 1C4,2026-07-12 01:50:50
39.1633460000597,-84.538991,2026-07-12T01:51:38.000,CHESTPN - 10D2 DIFF SPEAKING,2026-07-12 01:51:38
39.1286110000598,-84.530505,2026-07-12T02:01:18.000,BREATH - 6C1,2026-07-12 02:01:18
39.0967420000598,-84.509726,2026-07-12T02:07:26.000,CHESTPN - 10D2 DIFF SPEAKING,2026-07-12 02:07:26
39.1172660000597,-84.518268,2026-07-12T02:15:25.000,EMS,2026-07-12 02:15:25
39.1542970000597,-84.548002,2026-07-12T02:29:11.000,CHESTPN - 10D5 CARDIAC HX,2026-07-12 02:29:11
39.2051610000597,-84.453503,2026-07-12T02:52:58.000,EMS,2026-07-12 02:52:58
39.1345200000598,-84.571863,2026-07-12T02:55:53.000,STROKE - 28C9F CLEAR EVIDENCE,2026-07-12 02:55:53
39.1236970000597,-84.501834,2026-07-12T03:05:53.000,EMS,2026-07-12 03:05:53
39.2148750000597,-84.481232,2026-07-12T03:27:21.000,SICK - 26A8 PAIN,2026-07-12 03:27:21
39.2120770000597,-84.471344,2026-07-12T03:39:01.000,ARREST - 9E1 NOT BREATHING,2026-07-12 03:39:01
39.2108520000597,-84.474302,2026-07-12T03:55:44.000,=DOMINJ - (C),2026-07-12 03:55:44
39.0903530000598,-84.38508,2026-07-12T04:10:46.000,"FUMES - 66C1 SICK, INSIDE",2026-07-12 04:10:46
39.1245530000598,-84.503217,2026-07-12T04:21:18.000,BREATH - 6D1E NOT ALERT,2026-07-12 04:21:18
39.1527920000598,-84.583749,2026-07-12T04:55:32.000,EMS,2026-07-12 04:55:32
39.1540220000598,-84.482011,2026-07-12T04:55:52.000,EMS,2026-07-12 04:55:52
39.1550120000598,-84.481231,2026-07-12T04:59:43.000,LIFT - 53A2,2026-07-12 04:59:43
39.1334380000597,-84.58748,2026-07-12T05:02:20.000,PERDWN - 32D1 UNKNOWN,2026-07-12 05:02:20
39.1778290000597,-84.46617,2026-07-12T05:03:30.000,SICK - 26C3 SICKLE CELL,2026-07-12 05:03:30
39.1385310000597,-84.552945,2026-07-12T05:19:48.000,BREATH - 6D2A ASTHMA,2026-07-12 05:19:48
39.1076080000598,-84.517705,2026-07-12T05:39:04.000,BREATH - 6D2,2026-07-12 05:39:04
39.1327290000597,-84.489568,2026-07-12T05:46:35.000,BREATH - 6D2,2026-07-12 05:46:35
39.1234470000597,-84.575547,2026-07-12T05:52:57.000,FAINT - 31D2 ABNORMAL BREATH,2026-07-12 05:52:57
39.1910240000597,-84.45972,2026-07-12T05:55:32.000,BREATH - 6D4 CLAMMY,2026-07-12 05:55:32
39.2042750000597,-84.543871,2026-07-12T05:59:17.000,CHESTPN - 10D1 NOT ALERT,2026-07-12 05:59:17
39.1074740000597,-84.591257,2026-07-12T06:03:17.000,LIFT - 17A4,2026-07-12 06:03:17
39.1909520000597,-84.457957,2026-07-12T06:10:50.000,SICK - 26C2 ABNORMAL BREATH,2026-07-12 06:10:50
39.1886810000597,-84.513769,2026-07-12T06:16:48.000,EMS,2026-07-12 06:16:48
39.1312210000598,-84.46461,2026-07-12T06:35:43.000,HEADACHE - 18C2 ABNORM BREATH,2026-07-12 06:35:43
39.1375840000598,-84.454243,2026-07-12T06:42:09.000,PERDWN - 32D1 UNKNOWN,2026-07-12 06:42:09
39.1043340000598,-84.571141,2026-07-12T06:44:20.000,FALL - 17B4,2026-07-12 06:44:20
39.1669500000597,-84.470702,2026-07-12T06:57:53.000,=EMS - (C),2026-07-12 06:57:53
39.1731870000597,-84.431101,2026-07-12T07:02:57.000,DIABETIC - 13C1 NOT ALERT,2026-07-12 07:02:57
39.1372240000597,-84.522832,2026-07-12T07:09:31.000,ARREST - 9E1 NOT BREATHING,2026-07-12 07:09:31
39.2000780000597,-84.45613,2026-07-12T07:37:38.000,BLEED - 21B2 SERIOUS,2026-07-12 07:37:38
39.1058590000598,-84.560157,2026-07-12T07:56:19.000,BLEED - 21B2 SERIOUS,2026-07-12 07:56:19
39.2015430000597,-84.545283,2026-07-12T08:00:57.000,SICK - 26A1,2026-07-12 08:00:57
39.1101490000598,-84.512702,2026-07-12T08:23:08.000,=EMS - (C),2026-07-12 08:23:08
39.1118010000598,-84.509041,2026-07-12T08:35:42.000,PERDWN - 32D1 UNKNOWN,2026-07-12 08:35:42
39.0835730000598,-84.617479,2026-07-12T08:42:03.000,BREATH - 6D1O NOT ALERT,2026-07-12 08:42:03
39.1782760000597,-84.511609,2026-07-12T08:42:24.000,FUMES - 60D5V SICK,2026-07-12 08:42:24
39.2057920000597,-84.460535,2026-07-12T08:45:50.000,DOMINJ - (C) =,2026-07-12 08:45:50
39.1303630000597,-84.499585,2026-07-12T08:57:43.000,SEIZURE - 12D2 MULTIPLE,2026-07-12 08:57:43
39.1047300000598,-84.510871,2026-07-12T09:03:43.000,CHESTPN - 10D5 CARDIAC HX,2026-07-12 09:03:43
39.1913030000597,-84.456841,2026-07-12T09:15:45.000,LIFT - 17A4,2026-07-12 09:15:45
39.2066320000597,-84.530813,2026-07-12T09:30:28.000,ASSLTI - (C) =,2026-07-12 09:30:28
39.1868130000597,-84.56817,2026-07-12T09:34:31.000,=EMS1 - ALS1 RESPONSE,2026-07-12 09:34:31
39.1551420000598,-84.504415,2026-07-12T09:41:16.000,SICK - 26A4 FEVER,2026-07-12 09:41:16
39.0835730000598,-84.619019,2026-07-12T09:50:08.000,BREATH - 6D2O,2026-07-12 09:50:08
39.1800500000597,-84.478261,2026-07-12T09:53:26.000,SICK - 26D1 NOT ALERT,2026-07-12 09:53:26
39.1428900000598,-84.4095,2026-07-12T10:05:03.000,EMS,2026-07-12 10:05:03
39.1153700000598,-84.519739,2026-07-12T10:05:53.000,PERDWN - 32B1 PT MOV/TALK,2026-07-12 10:05:53
39.1077140000598,-84.508152,2026-07-12T10:10:11.000,CHESTPN - 10C1 ABNORMAL BREATH,2026-07-12 10:10:11
39.1965240000597,-84.484574,2026-07-12T10:16:37.000,SICK - 26O5 URINARY,2026-07-12 10:16:37
39.1307860000598,-84.598653,2026-07-12T10:18:44.000,SICK - 26A5 GEN WEAKNESS,2026-07-12 10:18:44
39.1291680000598,-84.510513,2026-07-12T10:26:02.000,FALL - 17D3 UNCONSIOUS,2026-07-12 10:26:02
39.0840230000598,-84.618829,2026-07-12T10:41:13.000,BREATH - 6D2E EMPHYSEMA,2026-07-12 10:41:13
39.1603760000597,-84.423692,2026-07-12T10:43:10.000,EMS,2026-07-12 10:43:10
39.1318150000598,-84.490486,2026-07-12T10:46:13.000,STROKE - 28C1 NOT ALERT,2026-07-12 10:46:13
39.1294520000598,-84.483881,2026-07-12T10:51:31.000,ABDOM - 1C3,2026-07-12 10:51:31
39.1533380000597,-84.430123,2026-07-12T11:09:16.000,PERDWN - 32D1 UNKNOWN,2026-07-12 11:09:16
39.1131900000598,-84.517623,2026-07-12T11:13:04.000,ABDOM - 1C3,2026-07-12 11:13:04
39.1479400000597,-84.60673,2026-07-12T11:13:20.000,CHESTPN - 10C3,2026-07-12 11:13:20
39.1248230000597,-84.57534,2026-07-12T11:18:21.000,CHESTPN - 10D4 CLAMMY,2026-07-12 11:18:21
39.1475400000597,-84.57931,2026-07-12T11:32:49.000,CHESTPN - 10C1 ABNORMAL BREATH,2026-07-12 11:32:49
39.1119800000598,-84.59387,2026-07-12T11:34:04.000,SICK - 26C1 ALTERED LOC,2026-07-12 11:34:04
39.1257030000598,-84.502727,2026-07-12T11:44:10.000,SICK - 26C2 ABNORMAL BREATH,2026-07-12 11:44:10
39.1111670000598,-84.561026,2026-07-12T11:56:09.000,SICK - 26A11 VOMITING,2026-07-12 11:56:09
39.1337400000598,-84.571443,2026-07-12T12:02:21.000,SICK - 26C2 ABNORMAL BREATH,2026-07-12 12:02:21
39.1117040000598,-84.519295,2026-07-12T12:08:30.000,SICK - 26C2 ABNORMAL BREATH,2026-07-12 12:08:30
39.1084690000598,-84.530104,2026-07-12T12:11:47.000,SEIZURE - 12D2 MULTIPLE,2026-07-12 12:11:47
39.0871480000598,-84.382051,2026-07-12T12:11:54.000,SICK - 26A8 PAIN,2026-07-12 12:11:54
39.1086090000598,-84.529024,2026-07-12T12:13:02.000,"OD - (C) 23C1A NOT ALERT, ACC",2026-07-12 12:13:02
39.1884910000597,-84.468665,2026-07-12T12:29:24.000,BREATH - 6D1A NOT ALERT,2026-07-12 12:29:24
39.2166470000597,-84.486509,2026-07-12T12:32:25.000,FAINT - 31C2,2026-07-12 12:32:25
39.1003660000598,-84.515086,2026-07-12T12:33:52.000,FAINT - 31D2 ABNORMAL BREATH,2026-07-12 12:33:52
39.0963820000598,-84.509556,2026-07-12T12:42:58.000,PERDWN - 32B1 PT MOV/TALK,2026-07-12 12:42:58
39.1792740000597,-84.435466,2026-07-12T12:42:59.000,SEIZURE - 12B1,2026-07-12 12:42:59
39.1591680000597,-84.426273,2026-07-12T12:48:55.000,PERDWN - 32D1 UNKNOWN,2026-07-12 12:48:55
39.1517510000597,-84.482062,2026-07-12T12:53:21.000,EMS - (C) =,2026-07-12 12:53:21
39.1565930000597,-84.560965,2026-07-12T12:58:33.000,DOMINJ - (C) =,2026-07-12 12:58:33
39.1098200000598,-84.529521,2026-07-12T13:02:32.000,SEIZURE - 12D4,2026-07-12 13:02:32
39.1346310000598,-84.512582,2026-07-12T13:03:18.000,DIABETIC - 13A1,2026-07-12 13:03:18
39.1996740000597,-84.547068,2026-07-12T13:07:37.000,BREATH - 6D2O,2026-07-12 13:07:37
39.1252330000597,-84.57491,2026-07-12T13:10:42.000,SICK - 26A5 GEN WEAKNESS,2026-07-12 13:10:42
39.1971610000597,-84.556074,2026-07-12T13:14:37.000,EMS,2026-07-12 13:14:37
39.1930590000597,-84.458711,2026-07-12T13:16:53.000,BREATH - 6D2O,2026-07-12 13:16:53
39.1032240000597,-84.528576,2026-07-12T13:24:06.000,PERDWN - 32D1 UNKNOWN,2026-07-12 13:24:06
39.1908150000597,-84.46665,2026-07-12T13:26:49.000,SICK - 26C1 ALTERED LOC,2026-07-12 13:26:49
39.1100200000598,-84.530721,2026-07-12T13:28:50.000,SEIZURE - 12D4,2026-07-12 13:28:50
39.1348310000598,-84.513452,2026-07-12T13:29:23.000,DIABETIC - 13A1,2026-07-12 13:29:23
39.1406510000597,-84.557968,2026-07-12T13:32:25.000,BREATH - 6D2O,2026-07-12 13:32:25
39.1903760000597,-84.458169,2026-07-12T13:53:11.000,SICK - 26A5 GEN WEAKNESS,2026-07-12 13:53:11
39.1901660000597,-84.458769,2026-07-12T13:57:24.000,SICK - 26A5 GEN WEAKNESS,2026-07-12 13:57:24
39.1283620000597,-84.579021,2026-07-12T14:28:12.000,EMS,2026-07-12 14:28:12
39.1312760000598,-84.598153,2026-07-12T14:28:49.000,SICK - 33A2 NURSING HOME,2026-07-12 14:28:49
39.1123590000597,-84.567033,2026-07-12T14:31:14.000,FAINT - 31A1,2026-07-12 14:31:14
39.1853630000597,-84.463165,2026-07-12T14:40:15.000,EMS - (C) =,2026-07-12 14:40:15
39.2044190000597,-84.574661,2026-07-12T14:40:24.000,CHESTPN - 10D1 NOT ALERT,2026-07-12 14:40:24
39.1143220000598,-84.585479,2026-07-12T15:00:00.000,BREATH - 6C1,2026-07-12 15:00:00
39.1079080000598,-84.506896,2026-07-12T15:08:06.000,FALL - 17A2,2026-07-12 15:08:06
39.1324370000597,-84.529695,2026-07-12T15:14:10.000,STROKE - 28C1F CLEAR EVIDENCE,2026-07-12 15:14:10
39.1402920000597,-84.497095,2026-07-12T15:23:12.000,BREATH - 6C1,2026-07-12 15:23:12
39.1906570000597,-84.515738,2026-07-12T15:31:45.000,ABDOM - 1A1,2026-07-12 15:31:45
39.1786570000597,-84.563697,2026-07-12T15:46:18.000,BREATH - 6D1A NOT ALERT,2026-07-12 15:46:18
39.0937360000598,-84.388617,2026-07-12T15:48:16.000,BREATH - 6D2O,2026-07-12 15:48:16
39.1410610000598,-84.513879,2026-07-12T15:56:51.000,ASSLTI - (C) =,2026-07-12 15:56:51
39.1230390000598,-84.591973,2026-07-12T16:06:32.000,FALL - 17B1,2026-07-12 16:06:32
39.1307900000597,-84.589872,2026-07-12T16:07:04.000,FAINT - 31C1 ABNORMAL BREATH,2026-07-12 16:07:04
39.1349010000597,-84.574693,2026-07-12T16:07:59.000,SEIZURE - 12D2 MULTIPLE,2026-07-12 16:07:59
39.1457120000597,-84.425107,2026-07-12T16:11:02.000,PERDWN - 32B2 MEDICAL ALARM,2026-07-12 16:11:02
39.1050120000598,-84.513227,2026-07-12T16:37:51.000,CHESTPN - 10D5 CARDIAC HX,2026-07-12 16:37:51
39.1416650000597,-84.591403,2026-07-12T16:38:02.000,BREATH - 6D1 NOT ALERT,2026-07-12 16:38:02
39.1389180000598,-84.523942,2026-07-12T16:39:50.000,=EMS1 - ALS1 RESPONSE,2026-07-12 16:39:50
39.1360490000597,-84.536284,2026-07-12T16:43:05.000,BREATH - 6C1,2026-07-12 16:43:05
39.1568810000597,-84.559502,2026-07-12T16:46:26.000,SEIZURE - 12B1,2026-07-12 16:46:26
39.1565810000597,-84.558332,2026-07-12T16:48:24.000,SEIZURE - 12A1,2026-07-12 16:48:24
39.1629850000597,-84.414551,2026-07-12T17:09:05.000,EMS,2026-07-12 17:09:05
39.1450830000597,-84.463512,2026-07-12T17:18:13.000,OD - (C) 23C2A ACCIDENTAL,2026-07-12 17:18:13
39.1727940000597,-84.474922,2026-07-12T17:28:41.000,BREATH - 6D2E EMPHYSEMA,2026-07-12 17:28:41
39.1647170000597,-84.391491,2026-07-12T17:37:49.000,ASSLTI - (C) =,2026-07-12 17:37:49
39.1056490000598,-84.561657,2026-07-12T17:42:48.000,BLEED - 21D3 NOT ALERT,2026-07-12 17:42:48
39.1253490000598,-84.547769,2026-07-12T17:56:50.000,PERDWN - 32D1 UNKNOWN,2026-07-12 17:56:50
39.1257330000597,-84.549004,2026-07-12T17:57:11.000,PERDWN - 32D1 UNKNOWN,2026-07-12 17:57:11
39.1369640000597,-84.530692,2026-07-12T17:57:37.000,BREATH - 6D1A NOT ALERT,2026-07-12 17:57:37
39.1038310000598,-84.568596,2026-07-12T17:58:36.000,STROKE - 28C6 LOSS OF BALANCE,2026-07-12 17:58:36
39.1273580000598,-84.595937,2026-07-12T18:03:48.000,PERDWN - 32D1 UNKNOWN,2026-07-12 18:03:48
39.1088320000597,-84.515649,2026-07-12T18:05:50.000,SICK - 26A8 PAIN,2026-07-12 18:05:50
39.1243200000597,-84.57886,2026-07-12T18:07:54.000,EMS,2026-07-12 18:07:54
39.1312210000597,-84.617352,2026-07-12T18:08:35.000,FALL - 17D4 NOT ALERT,2026-07-12 18:08:35
39.1912940000597,-84.511513,2026-07-12T18:13:03.000,SEIZURE - 12C4,2026-07-12 18:13:03
39.1761840000597,-84.514587,2026-07-12T18:24:53.000,PERDWN - 32D1 UNKNOWN,2026-07-12 18:24:53
39.1168330000598,-84.530217,2026-07-12T18:40:37.000,ASSLTI - (C) =,2026-07-12 18:40:37
39.1171130000598,-84.531557,2026-07-12T18:40:54.000,DOMINJ - (C) =,2026-07-12 18:40:54
39.0853160000598,-84.42962,2026-07-12T18:44:12.000,FAINT - 31D4 NOT ALERT,2026-07-12 18:44:12
39.1439100000597,-84.458078,2026-07-12T18:44:20.000,PERDWN - 32D1 UNKNOWN,2026-07-12 18:44:20
39.1563690000597,-84.5251,2026-07-12T18:47:57.000,CHESTPN - 10D2 DIFF SPEAKING,2026-07-12 18:47:57
39.1158050000598,-84.515153,2026-07-12T19:37:06.000,DOMINJ - (C) =,2026-07-12 19:37:06
39.2085680000597,-84.455431,2026-07-12T19:37:42.000,SICK - 26C2 ABNORMAL BREATH,2026-07-12 19:37:42
39.1268810000597,-84.554533,2026-07-12T19:40:25.000,FALL - 17B1,2026-07-12 19:40:25
39.0979740000598,-84.559912,2026-07-12T19:40:34.000,SICK - 26D1 NOT ALERT,2026-07-12 19:40:34
39.1445160000597,-84.518258,2026-07-12T19:42:51.000,SICK - 26C2 ABNORMAL BREATH,2026-07-12 19:42:51
39.1108230000598,-84.559586,2026-07-12T19:53:56.000,SICK - 26A1,2026-07-12 19:53:56
39.1448290000597,-84.466687,2026-07-12T19:59:02.000,OD - (C) 23O1 ACCIDENTAL,2026-07-12 19:59:02
39.1619210000598,-84.53657,2026-07-12T20:10:08.000,SEIZURE - 12D2 MULTIPLE,2026-07-12 20:10:08
39.1913650000597,-84.516408,2026-07-12T20:10:13.000,EMS,2026-07-12 20:10:13
39.1404120000597,-84.4553,2026-07-12T20:11:25.000,CHESTPN - 10D1 NOT ALERT,2026-07-12 20:11:25
39.1296160000598,-84.598693,2026-07-12T20:16:17.000,SICK - 33A2 NURSING HOME,2026-07-12 20:16:17
39.1342800000598,-84.572673,2026-07-12T20:17:32.000,CHESTPN - 10D4 CLAMMY,2026-07-12 20:17:32
39.1834820000597,-84.562084,2026-07-12T20:24:10.000,"PREG - 24D3C IMMINENT, PRETERM",2026-07-12 20:24:10
39.1323860000597,-84.587099,2026-07-12T20:36:52.000,SICK - 26A8 PAIN,2026-07-12 20:36:52
39.2012500000597,-84.462802,2026-07-12T20:37:20.000,SICK - 26A8 PAIN,2026-07-12 20:37:20
39.1326730000597,-84.608757,2026-07-12T20:37:28.000,STROKE - 28C2F CLEAR EVIDENCE,2026-07-12 20:37:28
39.2001060000597,-84.456653,2026-07-12T20:48:27.000,PERDWN - 32D1 UNKNOWN,2026-07-12 20:48:27
39.1468740000597,-84.501043,2026-07-12T20:50:46.000,DOMINJ - (C) =,2026-07-12 20:50:46
39.1356440000597,-84.500091,2026-07-12T20:50:57.000,FAINT - 31A2,2026-07-12 20:50:57
39.1575350000597,-84.542844,2026-07-12T21:06:08.000,ASSLTI - (C) =,2026-07-12 21:06:08
39.1431190000597,-84.467396,2026-07-12T21:17:09.000,SICK - 26O20 OBJECT STUCK,2026-07-12 21:17:09
39.1914740000597,-84.570491,2026-07-12T21:28:07.000,SICK - 26A1,2026-07-12 21:28:07
39.1380790000598,-84.525027,2026-07-12T21:28:30.000,DOMINJ - (C)(W) =,2026-07-12 21:28:30
39.1980550000597,-84.475847,2026-07-12T21:35:13.000,CHESTPN - 10D4 CLAMMY,2026-07-12 21:35:13
39.1546660000597,-84.410645,2026-07-12T21:50:30.000,SICK - 26C2 ABNORMAL BREATH,2026-07-12 21:50:30
39.1377590000598,-84.524707,2026-07-12T21:50:57.000,=DOMINJ - (C),2026-07-12 21:50:57
39.1149850000598,-84.586796,2026-07-12T22:02:19.000,STROKE - 28C4 SIDE WEAKNESS,2026-07-12 22:02:19
39.1066710000597,-84.581473,2026-07-12T22:08:30.000,BLEED - 21D4 DANGEROUS BLEED,2026-07-12 22:08:30
39.2157400000597,-84.487174,2026-07-12T22:14:54.000,SICK - 26A1,2026-07-12 22:14:54
39.0971130000598,-84.510634,2026-07-12T22:24:43.000,SICK - 26A11 VOMITING,2026-07-12 22:24:43
39.1119530000598,-84.567403,2026-07-12T22:27:45.000,EMS,2026-07-12 22:27:45
39.1343900000598,-84.605292,2026-07-12T22:40:22.000,EMS,2026-07-12 22:40:22
39.1234720000598,-84.486547,2026-07-12T22:46:33.000,FALL - 17A2,2026-07-12 22:46:33
39.1537950000597,-84.601606,2026-07-12T22:59:49.000,OD - (C) 23C2A ACCIDENTAL,2026-07-12 22:59:49
39.1770200000597,-84.508739,2026-07-12T23:01:25.000,SICK - 26A8 PAIN,2026-07-12 23:01:25
39.1394710000597,-84.553025,2026-07-12T23:09:37.000,SICK - 26A1,2026-07-12 23:09:37
39.1176610000598,-84.532922,2026-07-12T23:09:50.000,EMS,2026-07-12 23:09:50
39.1774930000597,-84.549576,2026-07-12T23:11:05.000,CHESTPN - 10D2 DIFF SPEAKING,2026-07-12 23:11:05
39.1570460000597,-84.562046,2026-07-12T23:11:13.000,SICK - 26O24 RASH,2026-07-12 23:11:13
39.1057340000598,-84.683506,2026-07-12T23:30:09.000,BREATH - 6C1A ASTHMA,2026-07-12 23:30:09
39.1978800000597,-84.463314,2026-07-12T23:32:27.000,STROKE - 28C1 NOT ALERT,2026-07-12 23:32:27
39.1981670000597,-84.478839,2026-07-12T23:37:19.000,"OD - (C) 23E1A ARREST, ACC",2026-07-12 23:37:19
39.1319360000597,-84.587399,2026-07-12T23:47:19.000,SICK - 26A8 PAIN,2026-07-12 23:47:19
39.1279560000597,-84.483294,2026-07-12T23:53:05.000,SICK - 26C2 ABNORMAL BREATH,2026-07-12 23:53:05
39.1158040000597,-84.551792,2026-07-12T23:55:47.000,BREATH - 6D1A NOT ALERT,2026-07-12 23:55:47
39.1273200000598,-84.475746,2026-07-13T00:02:10.000,SICK - 26D1 NOT ALERT,2026-07-13 00:02:10
39.1043270000598,-84.552105,2026-07-13T00:06:04.000,EMS,2026-07-13 00:06:04
39.1209290000598,-84.5145,2026-07-13T00:06:26.000,CHESTPN - 10C3,2026-07-13 00:06:26
39.1785520000597,-84.510791,2026-07-13T00:32:11.000,BLEED - 21B4 BLOOD THINNERS,2026-07-13 00:32:11
39.1056230000598,-84.512675,2026-07-13T00:52:33.000,FALL - 17B4,2026-07-13 00:52:33
39.1983050000597,-84.478081,2026-07-13T00:54:40.000,FALL - 17A2,2026-07-13 00:54:40
39.1056530000598,-84.512095,2026-07-13T01:21:47.000,SICK - 26A11 VOMITING,2026-07-13 01:21:47
39.2074450000597,-84.453866,2026-07-13T01:29:47.000,SICK - 26O2 BOILS,2026-07-13 01:29:47
39.1074180000598,-84.506906,2026-07-13T01:33:05.000,SICK - 26A2 ABNORMAL BP,2026-07-13 01:33:05
39.1766170000597,-84.546203,2026-07-13T01:34:02.000,DOMINJ - (C)(W) =,2026-07-13 01:34:02
39.1077070000598,-84.569366,2026-07-13T01:58:22.000,SICK - 26D1 NOT ALERT,2026-07-13 01:58:22
39.1930190000597,-84.460531,2026-07-13T02:06:17.000,FALL - 17B4,2026-07-13 02:06:17
39.1458270000598,-84.569417,2026-07-13T02:12:33.000,CHESTPN - 10D4 CLAMMY,2026-07-13 02:12:33
39.1313630000598,-84.48698,2026-07-13T02:25:45.000,CHESTPN - 10D2 DIFF SPEAKING,2026-07-13 02:25:45
39.1709700000597,-84.518742,2026-07-13T03:00:45.000,ABDOM - 1A1,2026-07-13 03:00:45
39.1100720000597,-84.521379,2026-07-13T03:01:17.000,EMS,2026-07-13 03:01:17
39.0639670000598,-84.426048,2026-07-13T03:52:22.000,FALL - 17B4,2026-07-13 03:52:22
39.0974040000598,-84.386518,2026-07-13T04:02:40.000,ABDOM - 1A1,2026-07-13 04:02:40
39.1482580000597,-84.60332,2026-07-13T04:31:12.000,ASSLTI - (C) =,2026-07-13 04:31:12
39.1775230000597,-84.477958,2026-07-13T05:00:43.000,EMS,2026-07-13 05:00:43
39.1277460000597,-84.483994,2026-07-13T05:06:35.000,SICK - 26A11 VOMITING,2026-07-13 05:06:35
39.1474080000597,-84.6021,2026-07-13T05:08:17.000,ASSLTI - (C) =,2026-07-13 05:08:17
39.1244700000598,-84.500402,2026-07-13T05:15:33.000,BREATH - 6D4 CLAMMY,2026-07-13 05:15:33
39.1341770000597,-84.490373,2026-07-13T05:42:17.000,BREATH - 6D2,2026-07-13 05:42:17
39.1394100000597,-84.49707,2026-07-13T05:54:27.000,SICK - 26C2 ABNORMAL BREATH,2026-07-13 05:54:27
39.1046490000598,-84.560817,2026-07-13T06:02:50.000,FAINT - 31D3,2026-07-13 06:02:50
39.1321650000597,-84.587164,2026-07-13T06:17:52.000,CHESTPN - 10C3,2026-07-13 06:17:52
39.1500470000597,-84.550445,2026-07-13T06:24:58.000,FALL - 17B4,2026-07-13 06:24:58
39.1047330000598,-84.513065,2026-07-13T07:05:00.000,PERDWN - 32B2 MEDICAL ALARM,2026-07-13 07:05:00
39.1428040000598,-84.531866,2026-07-13T07:05:56.000,ABDOM - 1A1,2026-07-13 07:05:56
39.1791170000597,-84.511236,2026-07-13T07:30:08.000,SICK - 26C2 ABNORMAL BREATH,2026-07-13 07:30:08
39.1786160000597,-84.510654,2026-07-13T07:32:12.000,CHESTPN - 10D4 CLAMMY,2026-07-13 07:32:12
39.1333800000598,-84.571233,2026-07-13T07:32:43.000,BREATH - 6D4 CLAMMY,2026-07-13 07:32:43
39.1223290000598,-84.591603,2026-07-13T07:38:31.000,SICK - 26A7 IMMOBILE,2026-07-13 07:38:31
39.1137330000597,-84.583915,2026-07-13T07:40:54.000,ARREST - 9E1 NOT BREATHING,2026-07-13 07:40:54
39.1211030000598,-84.575052,2026-07-13T07:54:18.000,CHESTPN - 10D4 CLAMMY,2026-07-13 07:54:18
39.1006080000598,-84.508258,2026-07-13T07:57:44.000,CHESTPN - 10C3,2026-07-13 07:57:44
39.2081550000597,-84.454066,2026-07-13T08:06:39.000,LIFT - 53A2,2026-07-13 08:06:39
39.1379380000597,-84.530957,2026-07-13T08:21:58.000,CHESTPN - 10D4 CLAMMY,2026-07-13 08:21:58
39.1385600000597,-84.614406,2026-07-13T08:26:52.000,LIFT - 17A4,2026-07-13 08:26:52
39.1425340000597,-84.464858,2026-07-13T08:31:55.000,=EMS - (C),2026-07-13 08:31:55
39.1118280000598,-84.516836,2026-07-13T08:34:08.000,FALL - 17D3 UNCONSIOUS,2026-07-13 08:34:08
39.1097950000598,-84.50935,2026-07-13T08:36:43.000,BREATH - 6E1A ASTHMA,2026-07-13 08:36:43
39.1297160000598,-84.598803,2026-07-13T09:00:04.000,DIABETIC - 13A1,2026-07-13 09:00:04
39.1085870000597,-84.52952,2026-07-13T09:05:30.000,SICK - 26A3 VERTIGO,2026-07-13 09:05:30
39.1158750000597,-84.585546,2026-07-13T09:06:07.000,BREATH - 6D2E EMPHYSEMA,2026-07-13 09:06:07
39.1570360000597,-84.558899,2026-07-13T09:09:37.000,CHESTPN - 10D2 DIFF SPEAKING,2026-07-13 09:09:37
39.1626790000597,-84.379973,2026-07-13T09:23:57.000,PERDWN - 32B1 PT MOV/TALK,2026-07-13 09:23:57
39.1088920000597,-84.513389,2026-07-13T09:36:05.000,=EMS2 - ALS2 RESPONSE,2026-07-13 09:36:05
39.1482770000597,-84.508571,2026-07-13T09:36:34.000,BLEED - 21B4 BLOOD THINNERS,2026-07-13 09:36:34
39.1633790000597,-84.512748,2026-07-13T09:48:56.000,PERDWN - 32D1 UNKNOWN,2026-07-13 09:48:56
39.1717070000597,-84.543986,2026-07-13T10:02:03.000,ASSLTI - (C) =,2026-07-13 10:02:03
39.1110010000598,-84.577256,2026-07-13T10:03:05.000,CHESTPN - 10C1 ABNORMAL BREATH,2026-07-13 10:03:05
39.1271180000597,-84.549429,2026-07-13T10:06:52.000,PERDWN - 32D1 UNKNOWN,2026-07-13 10:06:52
39.1988400000597,-84.462064,2026-07-13T10:14:56.000,STROKE - 28C3 SPEECH PROBLEMS,2026-07-13 10:14:56
39.1079900000598,-84.50828,2026-07-13T10:19:30.000,=EMS2 - ALS2 RESPONSE,2026-07-13 10:19:30
39.1609690000597,-84.381553,2026-07-13T10:21:08.000,=EMS2 - ALS2 RESPONSE,2026-07-13 10:21:08
39.1417470000598,-84.494259,2026-07-13T10:31:03.000,HEAT/COLD - 20C1 CARDIAC HX,2026-07-13 10:31:03
39.1557570000597,-84.573751,2026-07-13T10:31:17.000,FALL - 17A2,2026-07-13 10:31:17
39.2043150000597,-84.570916,2026-07-13T10:40:37.000,SICK - 33A2 NURSING HOME,2026-07-13 10:40:37
39.1431760000597,-84.554451,2026-07-13T10:42:44.000,DOMINJ - (C) =,2026-07-13 10:42:44
39.1188010000598,-84.56186,2026-07-13T10:43:04.000,BLEED - 21D5 ABNORMAL BREATH,2026-07-13 10:43:04
39.1610530000597,-84.407276,2026-07-13T10:46:47.000,SICK - 33C6 SEVERE PAIN,2026-07-13 10:46:47
39.1070350000598,-84.53036,2026-07-13T10:49:22.000,SICK - 26C2 ABNORMAL BREATH,2026-07-13 10:49:22
39.1274900000597,-84.603378,2026-07-13T10:52:32.000,FALL - 17B4,2026-07-13 10:52:32
39.1218930000598,-84.599722,2026-07-13T11:09:24.000,BREATH - 6C1O,2026-07-13 11:09:24
39.1600860000597,-84.551559,2026-07-13T11:32:36.000,EMS,2026-07-13 11:32:36
39.1418730000597,-84.620054,2026-07-13T11:45:19.000,PERDWN - 32D1 UNKNOWN,2026-07-13 11:45:19
39.1838870000597,-84.45801,2026-07-13T12:04:08.000,ASSLTI - (C) 4A3 NON-RECENT,2026-07-13 12:04:08
39.1147440000598,-84.520716,2026-07-13T12:07:40.000,PERDWN - 32D1 UNKNOWN,2026-07-13 12:07:40
39.1441800000597,-84.573132,2026-07-13T12:12:51.000,SICK - 26A1,2026-07-13 12:12:51
39.1060700000598,-84.512201,2026-07-13T12:15:25.000,EMS,2026-07-13 12:15:25
39.1997180000597,-84.516753,2026-07-13T12:19:24.000,SICK - 26A1,2026-07-13 12:19:24
39.1449790000597,-84.49302,2026-07-13T12:19:56.000,BLEED - 21B1 DANGEROUS,2026-07-13 12:19:56
39.1420740000597,-84.500962,2026-07-13T12:21:32.000,EMS,2026-07-13 12:21:32
39.0967690000598,-84.508273,2026-07-13T12:24:10.000,CHESTPN - 10D4 CLAMMY,2026-07-13 12:24:10
39.1261850000597,-84.502437,2026-07-13T12:25:44.000,SICK - 26A8 PAIN,2026-07-13 12:25:44
39.1906800000597,-84.48528,2026-07-13T12:29:38.000,CHESTPN - 10C3,2026-07-13 12:29:38
39.1557040000597,-84.413558,2026-07-13T12:38:31.000,INVEST - 68A2 ODOR OF SMOKE,2026-07-13 12:38:31
39.1379740000597,-84.487568,2026-07-13T12:39:19.000,PERDWN - 32B3 UNKNOWN,2026-07-13 12:39:19
39.1576060000597,-84.560446,2026-07-13T12:40:11.000,STROKE - 28C12,2026-07-13 12:40:11
39.1498630000597,-84.604703,2026-07-13T12:50:22.000,BREATH - 6C1O,2026-07-13 12:50:22
39.1137400000598,-84.527729,2026-07-13T12:50:51.000,BREATH - 6D1E NOT ALERT,2026-07-13 12:50:51
39.1324760000597,-84.588049,2026-07-13T13:02:47.000,SICK - 26A8 PAIN,2026-07-13 13:02:47
39.1252210000597,-84.501097,2026-07-13T13:09:20.000,FAINT - 31C3 ABDOMINAL PAIN,2026-07-13 13:09:20
39.1388200000597,-84.483738,2026-07-13T13:11:55.000,FAINT - 31D3,2026-07-13 13:11:55
39.1889090000597,-84.464007,2026-07-13T13:12:59.000,PERDWN - 32D1 UNKNOWN,2026-07-13 13:12:59
39.1103400000598,-84.529971,2026-07-13T13:16:37.000,FAINT - 31C2,2026-07-13 13:16:37
39.1326460000597,-84.587829,2026-07-13T13:32:48.000,SICK - 26C1 ALTERED LOC,2026-07-13 13:32:48
39.1675000000597,-84.572712,2026-07-13T13:32:51.000,PERDWN - 32D1 UNKNOWN,2026-07-13 13:32:51
39.1089750000598,-84.565787,2026-07-13T13:40:09.000,PERDWN - 32D1 UNKNOWN,2026-07-13 13:40:09
39.1198170000598,-84.693389,2026-07-13T13:40:57.000,SICK - 26O28 INFECTION,2026-07-13 13:40:57
39.1148800000598,-84.520669,2026-07-13T13:46:15.000,FALL - 17B4,2026-07-13 13:46:15
39.1277130000598,-84.559758,2026-07-13T14:04:58.000,FAINT - 31C1 ABNORMAL BREATH,2026-07-13 14:04:58
39.1525230000598,-84.409241,2026-07-13T14:14:27.000,SEIZURE - 12D2 MULTIPLE,2026-07-13 14:14:27
39.1554720000597,-84.403367,2026-07-13T14:19:34.000,SICK - 26A2 ABNORMAL BP,2026-07-13 14:19:34
39.1425480000598,-84.507,2026-07-13T14:26:22.000,SICK - 26C1 ALTERED LOC,2026-07-13 14:26:22
39.1423900000597,-84.504322,2026-07-13T14:37:32.000,STROKE - 28C6 LOSS OF BALANCE,2026-07-13 14:37:32
39.1278300000598,-84.509966,2026-07-13T14:41:40.000,EMS,2026-07-13 14:41:40
39.1180650000597,-84.584787,2026-07-13T14:41:52.000,PERDWN - 32D1 UNKNOWN,2026-07-13 14:41:52
39.2001960000597,-84.549328,2026-07-13T14:53:50.000,CHESTPN - 10D1 NOT ALERT,2026-07-13 14:53:50
39.2044560000597,-84.575547,2026-07-13T14:55:37.000,FALL - 17A3 NON RECENT,2026-07-13 14:55:37
39.1157370000598,-84.585042,2026-07-13T14:56:04.000,BREATH - 6D2A ASTHMA,2026-07-13 14:56:04
39.1474620000597,-84.547375,2026-07-13T14:56:27.000,FAINT - 31D4 NOT ALERT,2026-07-13 14:56:27
39.1535130000597,-84.432097,2026-07-13T15:21:18.000,SICK - 26A5 GEN WEAKNESS,2026-07-13 15:21:18
39.1997160000597,-84.530111,2026-07-13T15:22:46.000,SICK - 26C1 ALTERED LOC,2026-07-13 15:22:46
39.1329000000597,-84.546756,2026-07-13T15:24:39.000,FAINT - 31D2 ABNORMAL BREATH,2026-07-13 15:24:39
39.1361520000597,-84.504334,2026-07-13T15:42:33.000,BREATH - 33C2 ABNORMAL,2026-07-13 15:42:33
39.1296260000598,-84.597823,2026-07-13T15:50:49.000,SICK - 26D1 NOT ALERT,2026-07-13 15:50:49
39.1245930000598,-84.503217,2026-07-13T15:58:47.000,BREATH - 6D1 NOT ALERT,2026-07-13 15:58:47
39.1409980000597,-84.491392,2026-07-13T16:02:44.000,BREATH - 6D4 CLAMMY,2026-07-13 16:02:44
39.1609430000597,-84.407536,2026-07-13T16:05:27.000,BREATH - 33C2 ABNORMAL,2026-07-13 16:05:27
39.1018630000598,-84.512535,2026-07-13T16:05:48.000,EMS,2026-07-13 16:05:48
39.1086130000598,-84.688603,2026-07-13T16:36:27.000,PERDWN - 32D1 UNKNOWN,2026-07-13 16:36:27
39.1512050000597,-84.533098,2026-07-13T16:41:22.000,BREATH - 6D2E EMPHYSEMA,2026-07-13 16:41:22
39.1979570000597,-84.545749,2026-07-13T16:42:28.000,SICK - 26D1 NOT ALERT,2026-07-13 16:42:28
39.1265630000598,-84.552891,2026-07-13T16:54:03.000,ARREST - 9E1 NOT BREATHING,2026-07-13 16:54:03
39.1443380000597,-84.553508,2026-07-13T17:01:29.000,SICK - 26A11 VOMITING,2026-07-13 17:01:29
39.1917320000597,-84.461629,2026-07-13T17:06:11.000,PERDWN - 32B2 MEDICAL ALARM,2026-07-13 17:06:11
39.1343400000597,-84.603661,2026-07-13T17:07:55.000,EMS,2026-07-13 17:07:55
39.1450600000597,-84.501195,2026-07-13T17:13:57.000,BREATH - 6D2O,2026-07-13 17:13:57
39.0986380000598,-84.52714,2026-07-13T17:16:21.000,SEIZURE - 12D2 MULTIPLE,2026-07-13 17:16:21
39.1993720000597,-84.550825,2026-07-13T17:28:52.000,LIFT - 17A4,2026-07-13 17:28:52
39.2016210000597,-84.577129,2026-07-13T17:31:41.000,=PERDWN,2026-07-13 17:31:41
39.1177290000598,-84.582438,2026-07-13T17:33:36.000,PERDWN - 32D1 UNKNOWN,2026-07-13 17:33:36
39.1426530000597,-84.444185,2026-07-13T17:35:25.000,CHESTPN - 10D2 DIFF SPEAKING,2026-07-13 17:35:25
39.1560710000597,-84.551263,2026-07-13T17:37:16.000,CHESTPN - 10C1 ABNORMAL BREATH,2026-07-13 17:37:16
39.1168490000598,-84.582448,2026-07-13T17:38:28.000,EMS,2026-07-13 17:38:28
39.1098910000597,-84.563364,2026-07-13T17:39:36.000,EMS,2026-07-13 17:39:36
39.1927370000597,-84.533535,2026-07-13T17:42:29.000,OD - (C)(V) 23C8V,2026-07-13 17:42:29
39.1856740000597,-84.469344,2026-07-13T17:47:18.000,BREATH - 6D2,2026-07-13 17:47:18
39.1362920000597,-84.53038,2026-07-13T18:17:18.000,EMS,2026-07-13 18:17:18
39.1019100000598,-84.569207,2026-07-13T18:22:27.000,SEIZURE - 12D2 MULTIPLE,2026-07-13 18:22:27
39.1046820000598,-84.512727,2026-07-13T18:24:33.000,FAINT - 31C1 ABNORMAL BREATH,2026-07-13 18:24:33
39.1903540000597,-84.457293,2026-07-13T18:36:46.000,SICK - 26O7 CONSTIPATION,2026-07-13 18:36:46
39.1025390000597,-84.520755,2026-07-13T18:40:47.000,FALL - 17B4,2026-07-13 18:40:47
39.1152020000597,-84.521315,2026-07-13T18:41:30.000,EMS,2026-07-13 18:41:30
39.1357260000598,-84.538056,2026-07-13T18:41:54.000,PERDWN - 32D1 UNKNOWN,2026-07-13 18:41:54
39.1403130000597,-84.496634,2026-07-13T18:47:15.000,SICK - 26A8 PAIN,2026-07-13 18:47:15
39.1950710000597,-84.475298,2026-07-13T18:47:45.000,PERDWN - 32D1 UNKNOWN,2026-07-13 18:47:45
39.1802920000597,-84.465142,2026-07-13T18:48:55.000,EMS,2026-07-13 18:48:55
39.1118450000597,-84.600677,2026-07-13T18:50:42.000,PERDWN - 32D1 UNKNOWN,2026-07-13 18:50:42
39.1432910000597,-84.411842,2026-07-13T18:55:03.000,FAINT - 31C1 ABNORMAL BREATH,2026-07-13 18:55:03
39.2120240000597,-84.474191,2026-07-13T18:57:06.000,BREATH - 6D1A NOT ALERT,2026-07-13 18:57:06
39.1955830000597,-84.576045,2026-07-13T18:59:41.000,=PERDWN,2026-07-13 18:59:41
39.1787450000597,-84.457658,2026-07-13T19:12:35.000,BLEED - 21B1 DANGEROUS,2026-07-13 19:12:35
39.1065500000598,-84.50915,2026-07-13T19:19:08.000,CHESTPN - 10C1 ABNORMAL BREATH,2026-07-13 19:19:08
39.2160300000597,-84.487824,2026-07-13T19:28:10.000,BREATH - 6D1E NOT ALERT,2026-07-13 19:28:10
39.1189920000597,-84.52645,2026-07-13T19:46:02.000,FALL - 17B4,2026-07-13 19:46:02
39.0964620000598,-84.511046,2026-07-13T19:51:16.000,EMS,2026-07-13 19:51:16
39.1139910000598,-84.52823,2026-07-13T19:59:44.000,SICK - 26A1,2026-07-13 19:59:44
39.1083290000598,-84.529028,2026-07-13T20:00:07.000,BURN - 7A3 MINOR,2026-07-13 20:00:07
39.1094410000598,-84.527452,2026-07-13T20:02:28.000,"BURN - (C) 7A1E MINOR, EXPLD",2026-07-13 20:02:28
39.2064720000597,-84.552012,2026-07-13T20:09:26.000,STROKE - 28C1F CLEAR EVIDENCE,2026-07-13 20:09:26
39.1238440000598,-84.58036,2026-07-13T20:13:56.000,PERDWN - 32B1 PT MOV/TALK,2026-07-13 20:13:56
39.1431620000597,-84.554934,2026-07-13T20:15:59.000,FAINT - 31A3,2026-07-13 20:15:59
39.2042700000597,-84.4555,2026-07-13T20:17:26.000,FAINT - 31D2 ABNORMAL BREATH,2026-07-13 20:17:26
39.1116320000597,-84.532028,2026-07-13T20:21:42.000,DOMINJ - (C) =,2026-07-13 20:21:42
39.1760470000597,-84.460957,2026-07-13T20:25:37.000,SICK - 26A8 PAIN,2026-07-13 20:25:37
39.1399780000597,-84.619377,2026-07-13T20:35:40.000,SICK - 26A5 GEN WEAKNESS,2026-07-13 20:35:40
39.1905400000597,-84.519484,2026-07-13T20:41:42.000,DOMINJ - (C) =,2026-07-13 20:41:42
39.1011330000598,-84.499607,2026-07-13T20:53:50.000,PERDWN - 32D1 UNKNOWN,2026-07-13 20:53:50
39.1123450000597,-84.520865,2026-07-13T20:55:28.000,PERDWN - 32B1 PT MOV/TALK,2026-07-13 20:55:28
39.1646160000597,-84.429297,2026-07-13T21:05:02.000,PERDWN - 32D1 UNKNOWN,2026-07-13 21:05:02
39.1414080000597,-84.439832,2026-07-13T21:07:44.000,BLEED - 21D4 DANGEROUS BLEED,2026-07-13 21:07:44
39.1441670000597,-84.52634,2026-07-13T21:09:42.000,SICK - 26A1,2026-07-13 21:09:42
39.1106500000598,-84.529851,2026-07-13T21:22:33.000,SICK - 26A2 ABNORMAL BP,2026-07-13 21:22:33
39.1065280000598,-84.517515,2026-07-13T21:39:26.000,LIFT - 17A4,2026-07-13 21:39:26
39.1081660000597,-84.596726,2026-07-13T21:41:44.000,CHESTPN - 10D4 CLAMMY,2026-07-13 21:41:44
39.1282300000598,-84.590803,2026-07-13T21:53:05.000,BREATH - 6C1A ASTHMA,2026-07-13 21:53:05
39.1376430000598,-84.509561,2026-07-13T21:57:17.000,PERDWN - 32D1 UNKNOWN,2026-07-13 21:57:17
39.1233260000598,-84.598122,2026-07-13T21:58:21.000,SICK - 26A1,2026-07-13 21:58:21
39.1563850000597,-84.542874,2026-07-13T22:00:01.000,FALL - 17D3 UNCONSIOUS,2026-07-13 22:00:01
39.1097730000598,-84.572097,2026-07-13T22:01:49.000,"OD - (C) 23C1A NOT ALERT, ACC",2026-07-13 22:01:49
39.1267480000597,-84.547959,2026-07-13T22:07:59.000,OD - (C) 23D2 UNCONSIOUS,2026-07-13 22:07:59
39.1135190000598,-84.514998,2026-07-13T22:29:59.000,PERDWN - 32D1 UNKNOWN,2026-07-13 22:29:59
39.1419900000597,-84.579446,2026-07-13T22:32:13.000,SICK - 26C2 ABNORMAL BREATH,2026-07-13 22:32:13
39.1425140000597,-84.623618,2026-07-13T22:40:07.000,CHESTPN - 10D1 NOT ALERT,2026-07-13 22:40:07
39.1710020000597,-84.466804,2026-07-13T22:51:44.000,"PREG - 24D3C IMMINENT, PRETERM",2026-07-13 22:51:44
39.1404120000598,-84.476429,2026-07-13T23:01:38.000,SICK - 26C2 ABNORMAL BREATH,2026-07-13 23:01:38
39.1606220000597,-84.565856,2026-07-13T23:05:24.000,EMS,2026-07-13 23:05:24
39.1825710000597,-84.463845,2026-07-13T23:07:05.000,BREATH - 6D2,2026-07-13 23:07:05
39.1522930000598,-84.408451,2026-07-13T23:42:16.000,SICK - 26A2 ABNORMAL BP,2026-07-13 23:42:16
39.1448190000597,-84.518404,2026-07-13T23:45:43.000,BREATH - 6D1 NOT ALERT,2026-07-13 23:45:43
39.1074530000598,-84.531127,2026-07-14T00:05:27.000,BREATH - 6D2A ASTHMA,2026-07-14 00:05:27
39.1432600000597,-84.593586,2026-07-14T00:20:12.000,CHESTPN - 10D2 DIFF SPEAKING,2026-07-14 00:20:12
39.1109970000598,-84.583968,2026-07-14T00:28:39.000,EMS,2026-07-14 00:28:39
39.1147000000598,-84.527188,2026-07-14T00:29:35.000,BLEED - 21A1,2026-07-14 00:29:35
39.1073000000598,-84.50872,2026-07-14T00:40:04.000,BREATH - 6C1,2026-07-14 00:40:04
39.1569290000597,-84.52603,2026-07-14T00:43:09.000,SICK - 26A8 PAIN,2026-07-14 00:43:09
39.1974090000597,-84.549256,2026-07-14T00:56:46.000,EMS,2026-07-14 00:56:46
39.1418200000598,-84.494076,2026-07-14T01:15:41.000,CHESTPN - 10C3,2026-07-14 01:15:41
39.1304350000598,-84.480935,2026-07-14T01:20:11.000,EYEPRB - 16A1 MODERATE,2026-07-14 01:20:11
39.1987890000597,-84.535421,2026-07-14T01:34:07.000,BREATH - 6D1 NOT ALERT,2026-07-14 01:34:07
39.1744570000597,-84.431341,2026-07-14T03:07:18.000,CHESTPN - 10D2 DIFF SPEAKING,2026-07-14 03:07:18
39.1095050000598,-84.561196,2026-07-14T03:11:50.000,SICK - 26A1,2026-07-14 03:11:50
39.1920930000597,-84.457961,2026-07-14T03:41:00.000,FALL - 17A2,2026-07-14 03:41:00
39.1530840000597,-84.503212,2026-07-14T03:42:27.000,CHESTPN - 10D2 DIFF SPEAKING,2026-07-14 03:42:27
39.1471920000597,-84.423617,2026-07-14T03:43:00.000,PERDWN - 32B2 MEDICAL ALARM,2026-07-14 03:43:00
39.2016630000597,-84.576916,2026-07-14T04:05:36.000,EYEPRB - 16A1 MODERATE,2026-07-14 04:05:36
39.1649420000597,-84.406911,2026-07-14T04:08:28.000,ABDOM - 1A1,2026-07-14 04:08:28
39.1304950000597,-84.594138,2026-07-14T04:52:56.000,BREATH - 6C1,2026-07-14 04:52:56
39.1796830000597,-84.513254,2026-07-14T05:21:09.000,BLEED - 21B1 DANGEROUS,2026-07-14 05:21:09
39.1536010000597,-84.575841,2026-07-14T05:27:45.000,BLEED - 21B2 SERIOUS,2026-07-14 05:27:45
39.1433900000598,-84.558208,2026-07-14T05:48:03.000,EMS,2026-07-14 05:48:03
39.1163750000598,-84.528228,2026-07-14T06:02:02.000,"PREG - 24D4C BLEED, PRETERM",2026-07-14 06:02:02
39.1513590000597,-84.532488,2026-07-14T06:05:02.000,SICK - 26A8 PAIN,2026-07-14 06:05:02
39.1991010000597,-84.458499,2026-07-14T06:14:00.000,PERDWN - 32D1 UNKNOWN,2026-07-14 06:14:00
39.1119040000597,-84.556435,2026-07-14T06:20:18.000,FAINT - 31D1 AGONAL BREATHING,2026-07-14 06:20:18
39.1778590000597,-84.548922,2026-07-14T06:23:54.000,SICK - 26C2 ABNORMAL BREATH,2026-07-14 06:23:54
39.1402190000597,-84.463466,2026-07-14T06:28:32.000,PERDWN - 32B2 MEDICAL ALARM,2026-07-14 06:28:32
39.0826340000598,-84.61894,2026-07-14T06:40:00.000,FALL - 17D4 NOT ALERT,2026-07-14 06:40:00
39.1080540000598,-84.553803,2026-07-14T06:50:11.000,PERDWN - 32D1 UNKNOWN,2026-07-14 06:50:11
39.1079380000598,-84.517085,2026-07-14T06:57:17.000,DIABETIC - 13D1 UNCONSCIOUS,2026-07-14 06:57:17
39.0828300000598,-84.619438,2026-07-14T07:02:01.000,FALL - 17D4 NOT ALERT,2026-07-14 07:02:01
39.1081740000598,-84.529626,2026-07-14T07:03:56.000,SICK - 26C2 ABNORMAL BREATH,2026-07-14 07:03:56
39.1246380000598,-84.533243,2026-07-14T07:09:59.000,"OD - (C) 23E1A ARREST, ACC",2026-07-14 07:09:59
39.1884950000597,-84.545612,2026-07-14T07:22:02.000,BLEED - 21D4 DANGEROUS BLEED,2026-07-14 07:22:02
39.1150120000598,-84.436455,2026-07-14T07:31:06.000,CHESTPN - 10D4 CLAMMY,2026-07-14 07:31:06
39.1261530000598,-84.533971,2026-07-14T07:46:02.000,ARREST - 9E1 NOT BREATHING,2026-07-14 07:46:02
39.1649590000597,-84.548655,2026-07-14T07:47:35.000,SICK - 26O27 TOOTHACHE,2026-07-14 07:47:35
39.1466680000597,-84.466991,2026-07-14T07:50:47.000,PERDWN - 32D1 UNKNOWN,2026-07-14 07:50:47
39.1999060000597,-84.551107,2026-07-14T07:57:27.000,OD - (C) 23B1I INTENTIONAL,2026-07-14 07:57:27
39.1144040000598,-84.613721,2026-07-14T08:14:26.000,FALL - 17B1,2026-07-14 08:14:26
39.1415400000597,-84.42269,2026-07-14T08:16:41.000,"PREG - 24D4C BLEED, PRETERM",2026-07-14 08:16:41
39.0973830000598,-84.512329,2026-07-14T08:17:31.000,EMS,2026-07-14 08:17:31
39.1847060000597,-84.565889,2026-07-14T08:43:48.000,CHESTPN - 10D1 NOT ALERT,2026-07-14 08:43:48
39.1058910000597,-84.580873,2026-07-14T08:47:38.000,FALL - 17A3 NON RECENT,2026-07-14 08:47:38
39.0839200000598,-84.619298,2026-07-14T08:55:35.000,FALL - 17D4 NOT ALERT,2026-07-14 08:55:35
39.1057440000598,-84.527718,2026-07-14T08:56:51.000,BLEED - 21B1 DANGEROUS,2026-07-14 08:56:51
39.1354720000597,-84.600848,2026-07-14T09:00:14.000,FALL - 17B3 STAIRS,2026-07-14 09:00:14
39.1515030000598,-84.408671,2026-07-14T09:03:22.000,SICK - 26C2 ABNORMAL BREATH,2026-07-14 09:03:22
39.1261300000597,-84.601848,2026-07-14T09:32:07.000,COSICK - 52C5X MULTI-FAMILY SM,2026-07-14 09:32:07
39.1049510000597,-84.580523,2026-07-14T09:41:26.000,FALL - 17A2,2026-07-14 09:41:26
39.1060140000598,-84.527178,2026-07-14T09:45:12.000,BLEED - 21D3 NOT ALERT,2026-07-14 09:45:12
39.2002330000597,-84.535668,2026-07-14T09:45:59.000,ARREST - 9E1 NOT BREATHING,2026-07-14 09:45:59
39.1328550000597,-84.595584,2026-07-14T09:46:38.000,SICK - 26A3 VERTIGO,2026-07-14 09:46:38
39.1562500000597,-84.392596,2026-07-14T09:58:20.000,PERDWN - 32B2 MEDICAL ALARM,2026-07-14 09:58:20
39.1650890000597,-84.549425,2026-07-14T10:01:56.000,SICK - 26A8 PAIN,2026-07-14 10:01:56
39.1342300000598,-84.571003,2026-07-14T10:02:31.000,BREATH - 6D1O NOT ALERT,2026-07-14 10:02:31
39.1257310000597,-84.514215,2026-07-14T10:05:17.000,SEIZURE - 12A1,2026-07-14 10:05:17
39.1376140000597,-84.531052,2026-07-14T10:13:17.000,SICK - 26C2 ABNORMAL BREATH,2026-07-14 10:13:17
39.1913310000597,-84.512545,2026-07-14T10:25:40.000,SICK - 26A8 PAIN,2026-07-14 10:25:40
39.1276830000598,-84.559628,2026-07-14T10:25:50.000,FALL - 17B4,2026-07-14 10:25:50
39.1477630000597,-84.493453,2026-07-14T10:29:39.000,CHESTPN - 10D2 DIFF SPEAKING,2026-07-14 10:29:39
39.1132180000598,-84.581758,2026-07-14T10:46:11.000,PERDWN - 32D1 UNKNOWN,2026-07-14 10:46:11
39.1151020000598,-84.517721,2026-07-14T10:50:27.000,CHESTPN - 10C3,2026-07-14 10:50:27
39.0798620000598,-84.388357,2026-07-14T10:58:33.000,FAINT - 31D3,2026-07-14 10:58:33
39.1870940000597,-84.467774,2026-07-14T11:05:07.000,CHESTPN - 10C3,2026-07-14 11:05:07
39.1243900000598,-84.499772,2026-07-14T11:12:16.000,"OD - (C) 23C1A NOT ALERT, ACC",2026-07-14 11:12:16
39.1126760000598,-84.514162,2026-07-14T11:13:07.000,SICK - 26D1 NOT ALERT,2026-07-14 11:13:07
39.1373120000598,-84.537043,2026-07-14T11:15:27.000,PERDWN - 32D1 UNKNOWN,2026-07-14 11:15:27
39.1268180000598,-84.475169,2026-07-14T11:21:23.000,ABDOM - 1C5,2026-07-14 11:21:23
39.1486580000597,-84.563974,2026-07-14T11:22:49.000,SICK - 26D1 NOT ALERT,2026-07-14 11:22:49
39.1828570000597,-84.527294,2026-07-14T11:24:09.000,FAINT - 31D1 AGONAL BREATHING,2026-07-14 11:24:09
39.2058180000597,-84.45798,2026-07-14T11:28:54.000,SEIZURE - 12C4,2026-07-14 11:28:54
39.1406750000597,-84.591312,2026-07-14T11:30:25.000,EMS,2026-07-14 11:30:25
39.1862680000597,-84.403197,2026-07-14T11:32:42.000,CHESTPN - 10D1 NOT ALERT,2026-07-14 11:32:42
39.1468380000598,-84.56686,2026-07-14T11:34:36.000,FALL - 17A2,2026-07-14 11:34:36
39.1252270000597,-84.502562,2026-07-14T11:35:12.000,SEIZURE - 12A1,2026-07-14 11:35:12
39.1563590000597,-84.52489,2026-07-14T11:41:40.000,SICK - 26D1 NOT ALERT,2026-07-14 11:41:40
39.2019700000597,-84.55351,2026-07-14T11:52:28.000,FAINT - 31A3,2026-07-14 11:52:28
39.2042460000597,-84.574717,2026-07-14T11:54:35.000,CHESTPN - 10C3,2026-07-14 11:54:35
39.1736970000597,-84.430961,2026-07-14T11:55:26.000,SICK - 33C6 SEVERE PAIN,2026-07-14 11:55:26
39.1731780000597,-84.51661,2026-07-14T11:59:01.000,PERDWN - 32B1 PT MOV/TALK,2026-07-14 11:59:01
39.1191970000598,-84.508658,2026-07-14T12:00:17.000,EMS,2026-07-14 12:00:17
39.1032800000598,-84.536109,2026-07-14T12:04:36.000,=EMS2 - ALS2 RESPONSE,2026-07-14 12:04:36
39.1274490000598,-84.57547,2026-07-14T12:08:15.000,PERDWN - 32B2 MEDICAL ALARM,2026-07-14 12:08:15
39.1496700000597,-84.506457,2026-07-14T12:26:52.000,=EMS2 - ALS2 RESPONSE,2026-07-14 12:26:52
39.1740410000597,-84.429791,2026-07-14T12:33:14.000,SICK - 26A10 UNWELL,2026-07-14 12:33:14
39.1364900000597,-84.536171,2026-07-14T12:34:02.000,FAINT - 31D2 ABNORMAL BREATH,2026-07-14 12:34:02
39.1044580000598,-84.508863,2026-07-14T12:35:22.000,SICK - 26A2 ABNORMAL BP,2026-07-14 12:35:22
39.1183580000598,-84.519787,2026-07-14T12:50:27.000,SEIZURE - 12C3 DIABETIC,2026-07-14 12:50:27
39.1318550000598,-84.478908,2026-07-14T12:53:45.000,SICK - 26A1,2026-07-14 12:53:45
39.1348150000598,-84.50214,2026-07-14T12:59:48.000,SICK - 26C1 ALTERED LOC,2026-07-14 12:59:48
39.1032360000597,-84.515396,2026-07-14T13:01:27.000,SICK - 26C2 ABNORMAL BREATH,2026-07-14 13:01:27
39.1392780000597,-84.495915,2026-07-14T13:05:30.000,FAINT - 31D4 NOT ALERT,2026-07-14 13:05:30
39.1398140000598,-84.494341,2026-07-14T13:08:38.000,PERDWN - 32D1 UNKNOWN,2026-07-14 13:08:38
39.1332540000597,-84.486793,2026-07-14T13:10:01.000,LIFT - 17A4,2026-07-14 13:10:01
39.1274550000597,-84.552583,2026-07-14T13:10:41.000,EMS,2026-07-14 13:10:41
39.0908330000598,-84.569432,2026-07-14T13:12:10.000,SICK - 26A8 PAIN,2026-07-14 13:12:10
39.1757260000597,-84.479255,2026-07-14T13:20:05.000,PERDWN - 32D1 UNKNOWN,2026-07-14 13:20:05
39.1524930000598,-84.410061,2026-07-14T13:55:00.000,SICK - 26C2 ABNORMAL BREATH,2026-07-14 13:55:00
39.1749610000597,-84.441853,2026-07-14T14:02:08.000,BREATH - 6D2,2026-07-14 14:02:08
39.1205010000598,-84.521346,2026-07-14T14:20:49.000,CHESTPN - 10D4 CLAMMY,2026-07-14 14:20:49
39.0969510000598,-84.509588,2026-07-14T14:21:51.000,DIABETIC - 13C1 NOT ALERT,2026-07-14 14:21:51
39.1420790000597,-84.519496,2026-07-14T14:22:30.000,PERDWN - 32D1 UNKNOWN,2026-07-14 14:22:30
39.1339410000598,-84.50056,2026-07-14T14:22:41.000,FALL - 17B1,2026-07-14 14:22:41
39.1065810000598,-84.510526,2026-07-14T14:22:54.000,CHESTPN - 10D1 NOT ALERT,2026-07-14 14:22:54
39.0958120000597,-84.510803,2026-07-14T14:30:55.000,EMS,2026-07-14 14:30:55
39.1490580000597,-84.493807,2026-07-14T14:34:41.000,INJF - 30D4 DIFF BREATHING,2026-07-14 14:34:41
39.2118250000597,-84.472428,2026-07-14T14:52:08.000,BREATH - 6D4 CLAMMY,2026-07-14 14:52:08
39.1307660000598,-84.598613,2026-07-14T14:54:38.000,FAINT - 31D2 ABNORMAL BREATH,2026-07-14 14:54:38
39.2032850000597,-84.458213,2026-07-14T14:56:47.000,PERDWN - 32D1 UNKNOWN,2026-07-14 14:56:47
39.1070460000598,-84.526095,2026-07-14T15:00:17.000,EMS,2026-07-14 15:00:17
39.1763590000597,-84.465922,2026-07-14T15:07:51.000,FAINT - 31C1 ABNORMAL BREATH,2026-07-14 15:07:51
39.1666280000597,-84.554208,2026-07-14T15:09:13.000,SICK - 26C1 ALTERED LOC,2026-07-14 15:09:13
39.1257730000597,-84.427492,2026-07-14T15:14:42.000,DIABETIC - 13A1,2026-07-14 15:14:42
39.1954400000597,-84.538983,2026-07-14T15:17:02.000,BREATH - 6D1 NOT ALERT,2026-07-14 15:17:02
39.1077560000598,-84.525523,2026-07-14T15:23:22.000,SICK - 26A11 VOMITING,2026-07-14 15:23:22
39.1913620000597,-84.45671,2026-07-14T15:32:15.000,SICK - 26C2 ABNORMAL BREATH,2026-07-14 15:32:15
39.2020550000597,-84.577901,2026-07-14T15:37:31.000,BURN - 7C3 LARGE AREA,2026-07-14 15:37:31
39.1256470000598,-84.476872,2026-07-14T15:42:40.000,FALL - 17D4 NOT ALERT,2026-07-14 15:42:40
39.1418170000597,-84.552694,2026-07-14T15:58:24.000,BLEED - 21D5 ABNORMAL BREATH,2026-07-14 15:58:24
39.1391280000597,-84.497405,2026-07-14T16:12:52.000,ABDOM - 1A1,2026-07-14 16:12:52
39.2009900000597,-84.463582,2026-07-14T16:20:31.000,BURN - 7C3 LARGE AREA,2026-07-14 16:20:31
39.1120560000598,-84.570019,2026-07-14T16:20:33.000,SICK - 26B1,2026-07-14 16:20:33
39.1134700000598,-84.594845,2026-07-14T16:42:58.000,SICK - 26A1,2026-07-14 16:42:58
39.1213920000598,-84.505687,2026-07-14T17:19:44.000,CHESTPN - 10C3,2026-07-14 17:19:44
39.1565570000597,-84.572211,2026-07-14T17:19:51.000,FALL - 17B1,2026-07-14 17:19:51
39.1034480000598,-84.507783,2026-07-14T17:21:04.000,INJF - 30B2 BLEEDING,2026-07-14 17:21:04
39.0948650000598,-84.378536,2026-07-14T17:23:50.000,STROKE - 28C3F CLEAR EVIDENCE,2026-07-14 17:23:50
39.1629750000597,-84.414141,2026-07-14T17:36:42.000,=EMS2 - ALS2 RESPONSE,2026-07-14 17:36:42
39.1412020000597,-84.49488,2026-07-14T17:46:09.000,SICK - 26D1 NOT ALERT,2026-07-14 17:46:09
39.0784690000598,-84.630082,2026-07-14T17:46:46.000,FALL - 17D5 SOB,2026-07-14 17:46:46
39.1903480000597,-84.458345,2026-07-14T18:16:35.000,SICK - 26A8 PAIN,2026-07-14 18:16:35
39.1882830000597,-84.469106,2026-07-14T18:22:34.000,BREATH - 6C1E EMPHYSEMA,2026-07-14 18:22:34
39.2069460000597,-84.553809,2026-07-14T18:23:28.000,BREATH - 6C1A ASTHMA,2026-07-14 18:23:28
39.1995820000597,-84.459989,2026-07-14T18:28:30.000,PERDWN - 32D1 UNKNOWN,2026-07-14 18:28:30
39.1420410000597,-84.439115,2026-07-14T18:31:22.000,CHESTPN - 10C3,2026-07-14 18:31:22
39.1326750000597,-84.593993,2026-07-14T18:38:27.000,CHESTPN - 10D4 CLAMMY,2026-07-14 18:38:27
39.2023650000597,-84.547789,2026-07-14T18:39:11.000,FAINT - 31D3,2026-07-14 18:39:11
39.1402750000597,-84.605309,2026-07-14T18:48:11.000,FALL - 17B4,2026-07-14 18:48:11
39.1826800000597,-84.41279,2026-07-14T18:57:07.000,SICK - 26C2 ABNORMAL BREATH,2026-07-14 18:57:07
39.1153740000598,-84.518834,2026-07-14T19:05:35.000,DIABETIC - 13A1,2026-07-14 19:05:35
39.1682950000597,-84.387675,2026-07-14T19:09:14.000,SICK - 26C1 ALTERED LOC,2026-07-14 19:09:14
39.1474420000597,-84.424907,2026-07-14T19:09:18.000,PERDWN - 32B2 MEDICAL ALARM,2026-07-14 19:09:18
39.1184000000597,-84.415614,2026-07-14T19:13:41.000,CHESTPN - 10D2 DIFF SPEAKING,2026-07-14 19:13:41
39.1597130000597,-84.538379,2026-07-14T19:19:49.000,=EMS - (C),2026-07-14 19:19:49
39.1298060000598,-84.598303,2026-07-14T19:36:35.000,SICK - 33A2 NURSING HOME,2026-07-14 19:36:35
39.1324880000598,-84.534013,2026-07-14T19:44:19.000,OD - (C) 23B1,2026-07-14 19:44:19
39.1077580000598,-84.571055,2026-07-14T19:45:09.000,"SEIZURE - 12C1 FOCAL, NOT AERT",2026-07-14 19:45:09
39.1469600000597,-84.44202,2026-07-14T19:48:59.000,PERDWN - 32D1 UNKNOWN,2026-07-14 19:48:59
39.1068010000598,-84.571596,2026-07-14T19:55:08.000,FAINT - 31D4 NOT ALERT,2026-07-14 19:55:08
39.1583720000597,-84.558257,2026-07-14T19:56:23.000,=EMS2 - ALS2 RESPONSE,2026-07-14 19:56:23
39.1087280000597,-84.513382,2026-07-14T19:57:56.000,FALL - 17B1,2026-07-14 19:57:56
39.1674370000597,-84.554781,2026-07-14T20:03:44.000,ASSLTI - (C) =,2026-07-14 20:03:44
39.1080700000598,-84.50943,2026-07-14T20:05:54.000,OD - 23C8A ACCIDENTAL,2026-07-14 20:05:54
39.1237600000598,-84.499972,2026-07-14T20:05:59.000,SICK - 26A8 PAIN,2026-07-14 20:05:59
39.1273650000597,-84.501837,2026-07-14T20:06:41.000,SICK - 26A8 PAIN,2026-07-14 20:06:41
39.1142350000598,-84.588776,2026-07-14T20:07:46.000,CHESTPN - 10D5 CARDIAC HX,2026-07-14 20:07:46
39.1564390000597,-84.52547,2026-07-14T20:14:11.000,CHESTPN - 10D5 CARDIAC HX,2026-07-14 20:14:11
39.1965690000597,-84.47747,2026-07-14T20:20:45.000,PERDWN - 32D1 UNKNOWN,2026-07-14 20:20:45
39.0983660000598,-84.563605,2026-07-14T20:30:52.000,CHESTPN - 10D2 DIFF SPEAKING,2026-07-14 20:30:52
39.1024110000598,-84.50879,2026-07-14T20:49:43.000,PERDWN - 32D1 UNKNOWN,2026-07-14 20:49:43
39.1824890000597,-84.564743,2026-07-14T20:59:24.000,CHESTPN - 10A1,2026-07-14 20:59:24
39.1159770000598,-84.585022,2026-07-14T21:01:10.000,BREATH - 6D2A ASTHMA,2026-07-14 21:01:10
39.2156470000597,-84.487259,2026-07-14T21:08:49.000,SICK - 26A8 PAIN,2026-07-14 21:08:49
39.1826670000597,-84.423748,2026-07-14T21:15:53.000,BREATH - 6D2,2026-07-14 21:15:53
39.1108400000598,-84.529891,2026-07-14T21:17:29.000,SICK - 26A2 ABNORMAL BP,2026-07-14 21:17:29
39.1036180000598,-84.521627,2026-07-14T21:24:29.000,FAINT - 31D3,2026-07-14 21:24:29
39.1320260000597,-84.587449,2026-07-14T21:32:21.000,SICK - 26A8 PAIN,2026-07-14 21:32:21
39.1314690000598,-84.588302,2026-07-14T21:32:26.000,SICK - 26C2 ABNORMAL BREATH,2026-07-14 21:32:26
39.1739340000597,-84.518781,2026-07-14T21:35:23.000,SICK - 26D1 NOT ALERT,2026-07-14 21:35:23
39.1958230000597,-84.548609,2026-07-14T21:38:00.000,FALL - 17B4,2026-07-14 21:38:00
39.1213520000598,-84.504387,2026-07-14T21:47:40.000,CHESTPN - 10C3,2026-07-14 21:47:40
39.1681850000597,-84.388325,2026-07-14T21:49:34.000,FALL - 17B1,2026-07-14 21:49:34
39.1084260000598,-84.595704,2026-07-14T21:57:07.000,ABDOM - 1A1,2026-07-14 21:57:07
39.1100060000598,-84.600682,2026-07-14T22:11:39.000,SEIZURE - 12D4,2026-07-14 22:11:39
39.1592480000597,-84.403301,2026-07-14T22:13:43.000,FALL - 17B1,2026-07-14 22:13:43
39.1407410000597,-84.579028,2026-07-14T22:16:50.000,FALL - 17D4 NOT ALERT,2026-07-14 22:16:50
39.1799120000597,-84.509144,2026-07-14T22:22:36.000,ASSLTI - (C) =,2026-07-14 22:22:36
39.1418200000598,-84.493086,2026-07-14T22:36:42.000,BREATH - 6D2,2026-07-14 22:36:42
39.1316960000597,-84.587639,2026-07-14T22:38:06.000,BREATH - 6D4O CLAMMY,2026-07-14 22:38:06
39.1419700000597,-84.578836,2026-07-14T22:40:59.000,CHESTPN - 10D4 CLAMMY,2026-07-14 22:40:59
39.1254750000598,-84.578092,2026-07-14T22:50:25.000,BLEED - 21A1,2026-07-14 22:50:25
39.0987520000598,-84.378272,2026-07-14T23:10:12.000,PERDWN - 32B2 MEDICAL ALARM,2026-07-14 23:10:12
39.1114290000597,-84.527533,2026-07-14T23:23:22.000,BREATH - 6D1A NOT ALERT,2026-07-14 23:23:22
39.1003420000598,-84.511206,2026-07-14T23:46:35.000,SICK - 26A8 PAIN,2026-07-14 23:46:35
39.1569370000598,-84.503951,2026-07-14T23:48:26.000,FALL - 17B4,2026-07-14 23:48:26
39.1180160000597,-84.579364,2026-07-15T00:15:23.000,EYEPRB - 16A1 MODERATE,2026-07-15 00:15:23
39.1092020000598,-84.594128,2026-07-15T00:26:50.000,CHESTPN - 10D5 CARDIAC HX,2026-07-15 00:26:50
39.1392160000597,-84.510019,2026-07-15T00:37:05.000,SEIZURE - (C) 12C6 OVERDOSE,2026-07-15 00:37:05
39.1404220000597,-84.508359,2026-07-15T00:39:53.000,=EMS - (C),2026-07-15 00:39:53
39.1073020000598,-84.686402,2026-07-15T00:40:50.000,EYEPRB - 16A1 MODERATE,2026-07-15 00:40:50
39.1397120000597,-84.509709,2026-07-15T00:41:15.000,EMS,2026-07-15 00:41:15
39.1483710000598,-84.489969,2026-07-15T00:52:01.000,=ASSLTI - (C),2026-07-15 00:52:01
39.1487930000598,-84.58518,2026-07-15T01:04:52.000,CHESTPN - 10D1 NOT ALERT,2026-07-15 01:04:52
39.1185220000598,-84.439689,2026-07-15T01:31:15.000,CHESTPN - 10D4 CLAMMY,2026-07-15 01:31:15
39.1061090000598,-84.597474,2026-07-15T01:37:53.000,=EMS - (C),2026-07-15 01:37:53
39.1058610000598,-84.508759,2026-07-15T02:08:09.000,SICK - 26B1,2026-07-15 02:08:09
39.1039130000598,-84.560798,2026-07-15T02:26:53.000,=DOMINJ - (C),2026-07-15 02:26:53
39.1329880000598,-84.487029,2026-07-15T02:28:03.000,=ASSLTI - (C),2026-07-15 02:28:03
39.2040750000597,-84.458883,2026-07-15T03:00:22.000,ABDOM - 1A1,2026-07-15 03:00:22
39.1264080000598,-84.552213,2026-07-15T03:14:51.000,OD - (C) 23B1,2026-07-15 03:14:51
39.1606380000597,-84.538199,2026-07-15T03:16:03.000,INVEST - 69D4O ODOR OF SMOKE,2026-07-15 03:16:03
39.1009170000598,-84.511288,2026-07-15T04:10:49.000,SICK - 26C1 ALTERED LOC,2026-07-15 04:10:49
39.1640100000597,-84.538569,2026-07-15T04:22:21.000,FAINT - 31D1 AGONAL BREATHING,2026-07-15 04:22:21
39.1884250000597,-84.547382,2026-07-15T04:34:14.000,BLEED - 21B1 DANGEROUS,2026-07-15 04:34:14
39.1115280000598,-84.570157,2026-07-15T04:44:42.000,PERDWN - 32B1 PT MOV/TALK,2026-07-15 04:44:42
39.1373580000597,-84.499319,2026-07-15T04:55:28.000,EMS - (C) =,2026-07-15 04:55:28
39.1822210000597,-84.449709,2026-07-15T05:02:49.000,SICK - 26A11 VOMITING,2026-07-15 05:02:49
39.1155180000598,-84.585594,2026-07-15T05:07:27.000,DOMINJ - (C) =,2026-07-15 05:07:27
39.1835920000597,-84.56486,2026-07-15T05:12:12.000,INVEST - 69D6O ODOR OF SMOKE,2026-07-15 05:12:12
39.1373270000597,-84.479441,2026-07-15T06:02:34.000,SICK - 26C2 ABNORMAL BREATH,2026-07-15 06:02:34
39.1264320000598,-84.497623,2026-07-15T06:40:56.000,BREATH - 33C2 ABNORMAL,2026-07-15 06:40:56
39.1511580000597,-84.390893,2026-07-15T06:56:24.000,ARREST - 9E1 NOT BREATHING,2026-07-15 06:56:24
39.1251450000597,-84.482284,2026-07-15T07:04:05.000,PERDWN - 32B1 PT MOV/TALK,2026-07-15 07:04:05
39.1910910000597,-84.564862,2026-07-15T07:09:28.000,FAINT - 31C1 ABNORMAL BREATH,2026-07-15 07:09:28
39.0890460000598,-84.569231,2026-07-15T07:17:44.000,STROKE - 28C5F CLEAR EVIDENCE,2026-07-15 07:17:44
39.1769450000597,-84.474651,2026-07-15T07:22:31.000,BREATH - 6D2O,2026-07-15 07:22:31
39.1367760000597,-84.50239,2026-07-15T07:23:53.000,EMS,2026-07-15 07:23:53
39.1420690000597,-84.536541,2026-07-15T07:34:04.000,SEIZURE - 12B1,2026-07-15 07:34:04
39.1826670000597,-84.546583,2026-07-15T07:44:28.000,LIFT - 17A4,2026-07-15 07:44:28
39.1875750000597,-84.546072,2026-07-15T08:05:30.000,STROKE - 28C1F CLEAR EVIDENCE,2026-07-15 08:05:30
39.1700520000597,-84.514173,2026-07-15T08:06:33.000,=EMS1 - ALS1 RESPONSE,2026-07-15 08:06:33
39.1592830000597,-84.409418,2026-07-15T08:17:27.000,FALL - 17D5 SOB,2026-07-15 08:17:27
39.1198610000598,-84.544993,2026-07-15T08:18:57.000,EMS,2026-07-15 08:18:57
39.1078000000598,-84.50798,2026-07-15T08:22:17.000,OD - 23C8A ACCIDENTAL,2026-07-15 08:22:17
39.1386420000597,-84.560151,2026-07-15T08:39:49.000,FALL - 17D4 NOT ALERT,2026-07-15 08:39:49
39.1368870000597,-84.501778,2026-07-15T08:48:44.000,CHESTPN - 10D1 NOT ALERT,2026-07-15 08:48:44
39.1390810000597,-84.581704,2026-07-15T09:00:12.000,BREATH - 6D4 CLAMMY,2026-07-15 09:00:12
39.1794080000597,-84.439651,2026-07-15T09:04:09.000,SEIZURE - 12C4,2026-07-15 09:04:09
39.1346250000598,-84.500615,2026-07-15T09:04:26.000,CHESTPN - 10D5 CARDIAC HX,2026-07-15 09:04:26
39.1222190000598,-84.517102,2026-07-15T09:09:08.000,BREATH - 6D2E EMPHYSEMA,2026-07-15 09:09:08
39.1029220000598,-84.50368,2026-07-15T09:11:58.000,PERDWN - 32D1 UNKNOWN,2026-07-15 09:11:58
39.1337030000597,-84.608679,2026-07-15T09:16:35.000,FALL - 17A1 DEFORMITY,2026-07-15 09:16:35
39.1345740000597,-84.49604,2026-07-15T09:18:20.000,=EMS2 - ALS2 RESPONSE,2026-07-15 09:18:20
39.1750320000598,-84.479428,2026-07-15T09:41:43.000,BREATH - 6D1 NOT ALERT,2026-07-15 09:41:43
39.1020390000597,-84.520515,2026-07-15T09:53:57.000,CHESTPN - 10C3,2026-07-15 09:53:57
39.1304160000598,-84.599723,2026-07-15T09:55:25.000,SICK - 26A11 VOMITING,2026-07-15 09:55:25
39.1777920000597,-84.438096,2026-07-15T09:57:39.000,PERDWN - 32B2 MEDICAL ALARM,2026-07-15 09:57:39
39.1031710000598,-84.552966,2026-07-15T10:03:33.000,SICK - 26C2 ABNORMAL BREATH,2026-07-15 10:03:33
39.1526920000597,-84.486304,2026-07-15T10:04:02.000,SICK - 26D1 NOT ALERT,2026-07-15 10:04:02
39.1278830000598,-84.561278,2026-07-15T10:17:12.000,SICK - 26A8 PAIN,2026-07-15 10:17:12
39.1491960000597,-84.504939,2026-07-15T10:24:07.000,ABDOM - 1C4,2026-07-15 10:24:07
39.1955550000597,-84.479344,2026-07-15T10:30:38.000,SICK - 26A1,2026-07-15 10:30:38
39.1598720000597,-84.489614,2026-07-15T10:35:38.000,STROKE - 28C5F CLEAR EVIDENCE,2026-07-15 10:35:38
39.1677560000597,-84.483516,2026-07-15T10:36:54.000,STROKE - 28C7F CLEAR EVIDENCE,2026-07-15 10:36:54
39.1463050000597,-84.428132,2026-07-15T10:38:40.000,CHESTPN - 10D4 CLAMMY,2026-07-15 10:38:40
39.1031600000598,-84.535339,2026-07-15T10:44:36.000,SICK - 26C2 ABNORMAL BREATH,2026-07-15 10:44:36
39.1040160000598,-84.581361,2026-07-15T10:51:31.000,ABDOM - 1A1,2026-07-15 10:51:31
39.1291020000598,-84.512925,2026-07-15T10:59:35.000,=EMS3 - ALS3 RESPONSE,2026-07-15 10:59:35
39.1293010000598,-84.514638,2026-07-15T11:00:14.000,FAINT - 31A2,2026-07-15 11:00:14
39.1566730000598,-84.561218,2026-07-15T11:01:13.000,DOMINJ - (C) =,2026-07-15 11:01:13
39.1754220000597,-84.561675,2026-07-15T11:03:43.000,EMS,2026-07-15 11:03:43
39.1065870000598,-84.511466,2026-07-15T11:05:52.000,LIFT - 17A4,2026-07-15 11:05:52
39.1276270000597,-84.517269,2026-07-15T11:10:10.000,FALL - 17B1,2026-07-15 11:10:10
39.1020130000598,-84.512358,2026-07-15T11:20:53.000,CHESTPN - 10D5 CARDIAC HX,2026-07-15 11:20:53
39.1206610000598,-84.501164,2026-07-15T11:23:49.000,SICK - 33A3 DIALYSIS CENTER,2026-07-15 11:23:49
39.1963340000597,-84.565627,2026-07-15T11:26:55.000,PREG - 24C4 ABDOMINAL PAIN,2026-07-15 11:26:55
39.1628480000597,-84.421376,2026-07-15T11:42:05.000,PERDWN - 32D1 UNKNOWN,2026-07-15 11:42:05
39.1414500000598,-84.493246,2026-07-15T11:56:51.000,SICK - 26O11 DIARRHEA,2026-07-15 11:56:51
39.1174460000597,-84.516497,2026-07-15T12:01:56.000,BREATH - 6D2,2026-07-15 12:01:56
39.1597850000598,-84.545225,2026-07-15T12:09:17.000,FALL - 17B4,2026-07-15 12:09:17
39.1038390000598,-84.517411,2026-07-15T12:10:06.000,=PERDWN,2026-07-15 12:10:06
39.1361410000597,-84.504572,2026-07-15T12:16:28.000,SICK - 33A1 MED OFF OR CLINIC,2026-07-15 12:16:28
39.1103650000598,-84.574941,2026-07-15T12:22:07.000,PERDWN - 32B1 PT MOV/TALK,2026-07-15 12:22:07
39.1358240000597,-84.49746,2026-07-15T12:24:42.000,PERDWN - 32B1 PT MOV/TALK,2026-07-15 12:24:42
39.1124540000597,-84.514338,2026-07-15T12:26:56.000,SEIZURE - 12B1,2026-07-15 12:26:56
39.1505530000597,-84.554354,2026-07-15T12:34:05.000,"PREG - 24D3C IMMINENT, PRETERM",2026-07-15 12:34:05
39.1711800000597,-84.461618,2026-07-15T12:36:36.000,FALL - 17B1,2026-07-15 12:36:36
39.1684160000597,-84.416992,2026-07-15T12:36:50.000,PERDWN - 32B2 MEDICAL ALARM,2026-07-15 12:36:50
39.1816630000597,-84.512154,2026-07-15T12:41:49.000,ABDOM - 1C5,2026-07-15 12:41:49
39.2037800000597,-84.457311,2026-07-15T12:43:28.000,STROKE - 28C9 STROKE HX,2026-07-15 12:43:28
39.1052390000598,-84.561107,2026-07-15T12:48:13.000,PERDWN - 32B2 MEDICAL ALARM,2026-07-15 12:48:13
39.1518630000598,-84.410121,2026-07-15T12:49:54.000,SICK - 33C1 NOT ALERT,2026-07-15 12:49:54
39.1530530000598,-84.408391,2026-07-15T12:50:22.000,SICK - 33A2 NURSING HOME,2026-07-15 12:50:22
39.2157320000597,-84.485054,2026-07-15T12:52:44.000,FALL - 17B1,2026-07-15 12:52:44
39.2161160000597,-84.486447,2026-07-15T12:54:18.000,EMS,2026-07-15 12:54:18
39.1359710000598,-84.568916,2026-07-15T12:58:28.000,LIFT - 53A2,2026-07-15 12:58:28
39.1279800000598,-84.59855,2026-07-15T12:58:56.000,PERDWN - 32D1 UNKNOWN,2026-07-15 12:58:56
39.1247690000598,-84.488853,2026-07-15T13:01:47.000,SICK - 26C2 ABNORMAL BREATH,2026-07-15 13:01:47
39.1761560000597,-84.47231,2026-07-15T13:18:08.000,BREATH - 6D1O NOT ALERT,2026-07-15 13:18:08
39.1042420000598,-84.529787,2026-07-15T13:24:41.000,=PERDWN,2026-07-15 13:24:41
39.1425880000597,-84.553362,2026-07-15T13:24:47.000,"PREG - 24D5C HI RISK, PRETERM",2026-07-15 13:24:47
39.1734270000597,-84.432081,2026-07-15T13:24:53.000,SICK - 33C6 SEVERE PAIN,2026-07-15 13:24:53
39.1863580000597,-84.408069,2026-07-15T13:37:35.000,FALL - 17B4,2026-07-15 13:37:35
39.1609510000597,-84.395252,2026-07-15T13:45:03.000,PERDWN - 32D1 UNKNOWN,2026-07-15 13:45:03
39.1305530000598,-84.478348,2026-07-15T13:56:45.000,SICK - 33C1 NOT ALERT,2026-07-15 13:56:45
39.1330640000597,-84.598929,2026-07-15T13:57:01.000,BREATH - 6D2O,2026-07-15 13:57:01
39.1034170000598,-84.553907,2026-07-15T14:04:27.000,EMS,2026-07-15 14:04:27
39.2139280000597,-84.53335,2026-07-15T14:05:12.000,CHESTPN - 10D4 CLAMMY,2026-07-15 14:05:12
39.1073300000598,-84.513251,2026-07-15T14:12:12.000,=EMS1 - ALS1 RESPONSE,2026-07-15 14:12:12
39.2013400000597,-84.578013,2026-07-15T14:26:50.000,"OD - (C) 23C1A NOT ALERT, ACC",2026-07-15 14:26:50
39.2004030000597,-84.531933,2026-07-15T14:27:28.000,DOMINJ - (C) =,2026-07-15 14:27:28
39.1380850000597,-84.529317,2026-07-15T14:29:10.000,DOMINJ - (C) =,2026-07-15 14:29:10
39.2052720000597,-84.460835,2026-07-15T14:40:14.000,CHESTPN - 10C1 ABNORMAL BREATH,2026-07-15 14:40:14
39.1922230000597,-84.464126,2026-07-15T14:41:30.000,DIABETIC - 13C1 NOT ALERT,2026-07-15 14:41:30
39.2074550000597,-84.454896,2026-07-15T14:42:32.000,SICK - 26A10 UNWELL,2026-07-15 14:42:32
39.1364350000598,-84.620133,2026-07-15T14:49:58.000,FALL - 17A2,2026-07-15 14:49:58
39.1628920000597,-84.386189,2026-07-15T14:52:56.000,BREATH - 6D1 NOT ALERT,2026-07-15 14:52:56
39.1741520000597,-84.511063,2026-07-15T14:56:39.000,BREATH - 6D1 NOT ALERT,2026-07-15 14:56:39
39.1298550000598,-84.562086,2026-07-15T15:05:44.000,EMS,2026-07-15 15:05:44
39.1300790000597,-84.559775,2026-07-15T15:13:15.000,EMS,2026-07-15 15:13:15
39.1158890000597,-84.608064,2026-07-15T15:15:59.000,BREATH - 6D2,2026-07-15 15:15:59
39.1607420000597,-84.534969,2026-07-15T15:18:35.000,SICK - 26B1,2026-07-15 15:18:35
39.1271060000597,-84.601228,2026-07-15T15:19:50.000,FALL - 17B4,2026-07-15 15:19:50
39.1061300000598,-84.512591,2026-07-15T15:20:27.000,EMS,2026-07-15 15:20:27
39.1961470000597,-84.461026,2026-07-15T15:24:20.000,SICK - 26B1,2026-07-15 15:24:20
39.1372890000597,-84.476778,2026-07-15T15:33:58.000,SICK - 26A11 VOMITING,2026-07-15 15:33:58
39.0882520000598,-84.385517,2026-07-15T15:45:27.000,FALL - 17B1,2026-07-15 15:45:27
39.1328940000597,-84.567332,2026-07-15T15:47:18.000,SICK - 26A1,2026-07-15 15:47:18
39.1053950000597,-84.497355,2026-07-15T15:59:49.000,FAINT - 31D1 AGONAL BREATHING,2026-07-15 15:59:49
39.1426490000598,-84.621103,2026-07-15T16:02:11.000,FAINT - 31A1,2026-07-15 16:02:11
39.1468910000597,-84.489533,2026-07-15T16:05:36.000,SEIZURE - 12D2 MULTIPLE,2026-07-15 16:05:36
39.2160550000597,-84.489905,2026-07-15T16:10:23.000,CHESTPN - 10C3,2026-07-15 16:10:23
39.1115950000597,-84.594899,2026-07-15T16:17:56.000,FALL - 17D4 NOT ALERT,2026-07-15 16:17:56
39.1077920000597,-84.515079,2026-07-15T16:19:05.000,SICK - 26A8 PAIN,2026-07-15 16:19:05
39.2121440000597,-84.474771,2026-07-15T16:27:58.000,FALL - 17A1 DEFORMITY,2026-07-15 16:27:58
39.1296460000597,-84.593508,2026-07-15T16:28:41.000,EMS,2026-07-15 16:28:41
39.1949140000597,-84.480113,2026-07-15T16:33:51.000,=EMS2 - ALS2 RESPONSE,2026-07-15 16:33:51
39.1968540000597,-84.566016,2026-07-15T16:41:31.000,SEIZURE - 12D2 MULTIPLE,2026-07-15 16:41:31
39.1063310000598,-84.509939,2026-07-15T16:56:29.000,SICK - 26A7 IMMOBILE,2026-07-15 16:56:29
39.1451420000597,-84.48918,2026-07-15T16:57:56.000,CHESTPN - 10D4 CLAMMY,2026-07-15 16:57:56
39.1276480000598,-84.485118,2026-07-15T17:05:05.000,PERDWN - 32B2 MEDICAL ALARM,2026-07-15 17:05:05
39.1629990000598,-84.395192,2026-07-15T17:18:53.000,BREATH - 6C1,2026-07-15 17:18:53
39.1504430000598,-84.486001,2026-07-15T17:19:30.000,SEIZURE - 12D2 MULTIPLE,2026-07-15 17:19:30
39.1324170000598,-84.565654,2026-07-15T17:26:28.000,SICK - 26A8 PAIN,2026-07-15 17:26:28
39.1662590000597,-84.429209,2026-07-15T17:29:33.000,CHESTPN - 10A1,2026-07-15 17:29:33
39.1401920000597,-84.45356,2026-07-15T17:29:43.000,CHESTPN - 10C3,2026-07-15 17:29:43
39.1984880000597,-84.531608,2026-07-15T17:32:15.000,FALL - 17A3 NON RECENT,2026-07-15 17:32:15
39.1073000000598,-84.511282,2026-07-15T17:34:19.000,PERDWN - 32D1 UNKNOWN,2026-07-15 17:34:19
39.0902170000598,-84.391382,2026-07-15T17:41:02.000,FALL - 17B1,2026-07-15 17:41:02
39.0930060000598,-84.385339,2026-07-15T17:46:06.000,ABDOM - 1A1,2026-07-15 17:46:06
39.1354430000597,-84.5015,2026-07-15T17:50:02.000,PERDWN - 32D1 UNKNOWN,2026-07-15 17:50:02
39.1993330000597,-84.528211,2026-07-15T17:50:23.000,EMS - (C)(W) =,2026-07-15 17:50:23
39.1199570000597,-84.548516,2026-07-15T17:59:38.000,OD - (C) 23C8I INTENTIONAL,2026-07-15 17:59:38
39.1447290000597,-84.440799,2026-07-15T18:01:07.000,PERDWN - 32B3 UNKNOWN,2026-07-15 18:01:07
39.1411990000597,-84.536101,2026-07-15T18:13:23.000,SEIZURE - 12D4,2026-07-15 18:13:23
39.1400550000597,-84.521398,2026-07-15T18:14:11.000,EMS,2026-07-15 18:14:11
39.1087890000598,-84.431796,2026-07-15T18:15:52.000,PERDWN - 32D1 UNKNOWN,2026-07-15 18:15:52
39.2002170000597,-84.516178,2026-07-15T18:17:36.000,SICK - 26A8 PAIN,2026-07-15 18:17:36
39.2142200000597,-84.488704,2026-07-15T18:20:34.000,BREATH - 6D2,2026-07-15 18:20:34
39.1516190000597,-84.533748,2026-07-15T18:28:23.000,BREATH - 6D2,2026-07-15 18:28:23
39.1081990000598,-84.428633,2026-07-15T18:38:07.000,PERDWN - 32B3 UNKNOWN,2026-07-15 18:38:07
39.1562140000597,-84.514574,2026-07-15T18:47:00.000,BLEED - 21B1 DANGEROUS,2026-07-15 18:47:00
39.1993430000597,-84.529811,2026-07-15T18:52:17.000,=EMS1 - ALS1 RESPONSE,2026-07-15 18:52:17
39.1475080000597,-84.603522,2026-07-15T18:53:19.000,OD - (C) 23C8I INTENTIONAL,2026-07-15 18:53:19
39.0983050000598,-84.569604,2026-07-15T18:54:17.000,BREATH - 6C1E EMPHYSEMA,2026-07-15 18:54:17
39.1345590000598,-84.605843,2026-07-15T18:58:26.000,BLEED - 21D3 NOT ALERT,2026-07-15 18:58:26
39.1086080000598,-84.563808,2026-07-15T18:59:02.000,EMS - (C) =,2026-07-15 18:59:02
39.1432260000597,-84.51929,2026-07-15T19:09:33.000,FAINT - 31C1 ABNORMAL BREATH,2026-07-15 19:09:33
39.1252040000598,-84.525436,2026-07-15T19:21:25.000,ABDOM - 1A1,2026-07-15 19:21:25
39.1481990000597,-84.613398,2026-07-15T19:26:14.000,EMS,2026-07-15 19:26:14
39.1295470000597,-84.481548,2026-07-15T19:34:42.000,SICK - 26A8 PAIN,2026-07-15 19:34:42
39.1412410000597,-84.440425,2026-07-15T19:39:58.000,SICK - 33C6 SEVERE PAIN,2026-07-15 19:39:58
39.2019780000597,-84.462294,2026-07-15T19:41:59.000,ABDOM - 1C6,2026-07-15 19:41:59
39.1315260000598,-84.442868,2026-07-15T19:43:13.000,BLEED - 21A1,2026-07-15 19:43:13
39.1660890000597,-84.552388,2026-07-15T19:45:02.000,SICK - 26A7 IMMOBILE,2026-07-15 19:45:02
39.1402170000597,-84.522549,2026-07-15T19:48:32.000,FAINT - 31D4 NOT ALERT,2026-07-15 19:48:32
39.1568910000597,-84.526842,2026-07-15T19:52:27.000,BLEED - 21B2 SERIOUS,2026-07-15 19:52:27
39.1661810000597,-84.405522,2026-07-15T19:56:16.000,EYEPRB - 16A1 MODERATE,2026-07-15 19:56:16
39.1058430000598,-84.522952,2026-07-15T20:06:04.000,BREATH - 6C1,2026-07-15 20:06:04
39.1159520000598,-84.576711,2026-07-15T20:11:33.000,=EMS1 - ALS1 RESPONSE,2026-07-15 20:11:33
39.1102800000598,-84.564027,2026-07-15T20:12:18.000,ASSLTI - (C) 4B1,2026-07-15 20:12:18
39.1441250000598,-84.564302,2026-07-15T20:24:59.000,FAINT - 31A3,2026-07-15 20:24:59
39.1461610000597,-84.494853,2026-07-15T20:51:28.000,SICK - 33C6 SEVERE PAIN,2026-07-15 20:51:28
39.1586690000597,-84.47928,2026-07-15T20:52:54.000,EMS,2026-07-15 20:52:54
39.1858290000597,-84.511078,2026-07-15T21:02:17.000,BLEED - 21A1,2026-07-15 21:02:17
39.1448790000597,-84.59496,2026-07-15T21:02:19.000,SICK - 26A3 VERTIGO,2026-07-15 21:02:19
39.1641340000598,-84.539903,2026-07-15T21:11:27.000,EMS,2026-07-15 21:11:27
39.1023810000598,-84.553566,2026-07-15T21:18:37.000,SICK - 26C2 ABNORMAL BREATH,2026-07-15 21:18:37
39.1100170000598,-84.561243,2026-07-15T21:24:01.000,PERDWN - 32D1 UNKNOWN,2026-07-15 21:24:01
39.1856440000597,-84.468734,2026-07-15T21:26:53.000,BREATH - 6C1,2026-07-15 21:26:53
39.1344280000597,-84.488712,2026-07-15T21:28:00.000,PERDWN - 32D1 UNKNOWN,2026-07-15 21:28:00
39.1079000000597,-84.516827,2026-07-15T21:35:15.000,SEIZURE - 12D2 MULTIPLE,2026-07-15 21:35:15
39.1098350000598,-84.517064,2026-07-15T21:39:55.000,FAINT - 31D1 AGONAL BREATHING,2026-07-15 21:39:55
39.1044860000598,-84.581111,2026-07-15T21:44:34.000,STROKE - 28C6F CLEAR EVIDENCE,2026-07-15 21:44:34
39.1212400000598,-84.526921,2026-07-15T22:00:42.000,SICK - 26A8 PAIN,2026-07-15 22:00:42
39.1552180000597,-84.547286,2026-07-15T22:06:24.000,BLEED - 21D5 ABNORMAL BREATH,2026-07-15 22:06:24
39.1014590000597,-84.519765,2026-07-15T22:32:20.000,SEIZURE - 12D2 MULTIPLE,2026-07-15 22:32:20
39.1025440000598,-84.510165,2026-07-15T22:43:17.000,=PERDWN,2026-07-15 22:43:17
39.1158950000597,-84.521355,2026-07-15T22:47:29.000,BREATH - 6D2,2026-07-15 22:47:29
39.1298620000598,-84.592431,2026-07-15T22:49:24.000,ABDOM - 1A1,2026-07-15 22:49:24
39.1067600000598,-84.5088,2026-07-15T23:11:26.000,"PREG - 24D4C BLEED, PRETERM",2026-07-15 23:11:26
39.1897070000597,-84.519508,2026-07-15T23:13:51.000,EMS,2026-07-15 23:13:51
39.1256480000598,-84.475429,2026-07-15T23:15:32.000,HEARTPRB - 19C2 ABNORM BREATH,2026-07-15 23:15:32
39.1478590000597,-84.505229,2026-07-15T23:17:48.000,ABDOM - 1C6,2026-07-15 23:17:48
39.1158640000597,-84.552032,2026-07-15T23:27:15.000,ASSLTI - (C) =,2026-07-15 23:27:15
39.1206270000597,-84.411986,2026-07-15T23:38:38.000,BREATH - 6D2O,2026-07-15 23:38:38
39.1496770000597,-84.508285,2026-07-15T23:45:15.000,SICK - 26C3 SICKLE CELL,2026-07-15 23:45:15
39.1424530000597,-84.620094,2026-07-16T00:04:32.000,FAINT - 31D3,2026-07-16 00:04:32
39.1079640000598,-84.569561,2026-07-16T00:08:16.000,SICK - 26C2 ABNORMAL BREATH,2026-07-16 00:08:16
39.1905610000597,-84.514489,2026-07-16T00:09:10.000,DOMINJ - (C) =,2026-07-16 00:09:10
39.1250640000598,-84.470581,2026-07-16T00:22:32.000,=EMS - (C),2026-07-16 00:22:32
39.1428010000597,-84.520093,2026-07-16T00:24:09.000,SICK - 26D1 NOT ALERT,2026-07-16 00:24:09
39.0969510000598,-84.510278,2026-07-16T00:38:39.000,SICK - 26A10 UNWELL,2026-07-16 00:38:39
39.1073980000598,-84.518875,2026-07-16T00:43:35.000,DIABETIC - 13C1 NOT ALERT,2026-07-16 00:43:35
39.1426090000597,-84.519826,2026-07-16T00:48:11.000,PREG - 24C2 POSS MISCARRIAGE,2026-07-16 00:48:11
39.1114090000598,-84.568645,2026-07-16T01:01:41.000,BREATH - 6D2E EMPHYSEMA,2026-07-16 01:01:41
39.1841900000597,-84.561723,2026-07-16T01:02:51.000,DOMINJ - (C)(W) =,2026-07-16 01:02:51
39.1134540000598,-84.526773,2026-07-16T01:03:20.000,BLEED - 21D5 ABNORMAL BREATH,2026-07-16 01:03:20
39.1408200000598,-84.493866,2026-07-16T02:30:33.000,SICK - 26A8 PAIN,2026-07-16 02:30:33
39.1375360000597,-84.542765,2026-07-16T02:31:00.000,OD - (C) 23C2A ACCIDENTAL,2026-07-16 02:31:00
39.0940640000598,-84.383792,2026-07-16T03:04:22.000,OD - (C) 23D2 UNCONSIOUS,2026-07-16 03:04:22
39.1298330000597,-84.556396,2026-07-16T03:04:56.000,CHESTPN - 10D4 CLAMMY,2026-07-16 03:04:56
39.1923090000597,-84.459021,2026-07-16T03:36:18.000,FALL - 17B4,2026-07-16 03:36:18
39.1418160000598,-84.619452,2026-07-16T03:46:22.000,BREATH - 6D2E EMPHYSEMA,2026-07-16 03:46:22
39.1189730000598,-84.698286,2026-07-16T04:13:45.000,=ASSLTI - (C),2026-07-16 04:13:45
39.1113070000598,-84.516641,2026-07-16T04:21:50.000,BREATH - 6C1,2026-07-16 04:21:50
39.1209570000598,-84.573465,2026-07-16T04:48:18.000,DOMINJ - (C) =,2026-07-16 04:48:18
39.2149900000597,-84.488344,2026-07-16T04:50:01.000,SICK - 26A1,2026-07-16 04:50:01
39.1272680000597,-84.48519,2026-07-16T05:28:36.000,ABDOM - 1C5,2026-07-16 05:28:36
39.1466030000597,-84.498475,2026-07-16T05:43:01.000,HEARTPRB - 19C4 CARDIAC HX,2026-07-16 05:43:01
39.1468920000597,-84.56704,2026-07-16T05:46:47.000,ABDOM - 1C6,2026-07-16 05:46:47
39.1884680000597,-84.475568,2026-07-16T05:53:57.000,=EMS1 - ALS1 RESPONSE,2026-07-16 05:53:57
39.1051230000598,-84.512195,2026-07-16T05:54:42.000,SICK - 26A8 PAIN,2026-07-16 05:54:42
39.1298590000597,-84.555771,2026-07-16T06:01:22.000,SICK - 26A8 PAIN,2026-07-16 06:01:22
39.1113100000598,-84.584019,2026-07-16T06:04:16.000,SICK - 26A11 VOMITING,2026-07-16 06:04:16
39.1574250000597,-84.503864,2026-07-16T06:36:59.000,FAINT - 31D2 ABNORMAL BREATH,2026-07-16 06:36:59
39.1262880000597,-84.489811,2026-07-16T06:53:36.000,PERDWN - 32B2 MEDICAL ALARM,2026-07-16 06:53:36
39.1584750000597,-84.50538,2026-07-16T07:00:40.000,PERDWN - 32D1 UNKNOWN,2026-07-16 07:00:40
39.1386060000598,-84.574025,2026-07-16T07:02:35.000,PERDWN - 32B1 PT MOV/TALK,2026-07-16 07:02:35
39.1423890000597,-84.535871,2026-07-16T07:08:13.000,SEIZURE - 12D2 MULTIPLE,2026-07-16 07:08:13
39.1416690000597,-84.536971,2026-07-16T07:09:54.000,EMS,2026-07-16 07:09:54
39.1247670000598,-84.580903,2026-07-16T07:13:33.000,SICK - 26C1 ALTERED LOC,2026-07-16 07:13:33
39.1757870000597,-84.477781,2026-07-16T07:17:08.000,SICK - 26A8 PAIN,2026-07-16 07:17:08
39.0988940000598,-84.376328,2026-07-16T07:21:46.000,SEIZURE - 12A1,2026-07-16 07:21:46
39.1043000000598,-84.509971,2026-07-16T07:41:01.000,PERDWN - 32D1 UNKNOWN,2026-07-16 07:41:01
39.1051880000598,-84.520637,2026-07-16T07:44:12.000,SICK - 26C1 ALTERED LOC,2026-07-16 07:44:12
39.1570140000597,-84.560592,2026-07-16T07:44:27.000,BURN - 7A5 NON RECENT,2026-07-16 07:44:27
39.1073810000597,-84.516399,2026-07-16T07:56:32.000,SEIZURE - 12A2,2026-07-16 07:56:32
39.1324180000598,-84.517746,2026-07-16T07:58:43.000,FAINT - 31C1 ABNORMAL BREATH,2026-07-16 07:58:43
39.1552160000597,-84.553981,2026-07-16T08:02:22.000,SICK - 26C2 ABNORMAL BREATH,2026-07-16 08:02:22
39.1430080000597,-84.495369,2026-07-16T08:02:24.000,LIFT - 17A4,2026-07-16 08:02:24
39.1529840000597,-84.535085,2026-07-16T08:09:05.000,BREATH - 6D4 CLAMMY,2026-07-16 08:09:05
39.1461550000597,-84.493435,2026-07-16T08:32:47.000,BREATH - 6D2,2026-07-16 08:32:47
39.1315810000598,-84.46596,2026-07-16T08:40:26.000,ARREST - 9E1 NOT BREATHING,2026-07-16 08:40:26
39.1914340000597,-84.472597,2026-07-16T08:47:11.000,STROKE - 28C6 LOSS OF BALANCE,2026-07-16 08:47:11
39.1466540000597,-84.489362,2026-07-16T09:00:52.000,ABDOM - 1A1,2026-07-16 09:00:52
39.1143570000598,-84.520167,2026-07-16T09:30:42.000,PERDWN - 32D1 UNKNOWN,2026-07-16 09:30:42
39.1496080000598,-84.487497,2026-07-16T09:40:28.000,SICK - 26A8 PAIN,2026-07-16 09:40:28
39.1162040000598,-84.514761,2026-07-16T09:54:19.000,CHESTPN - 10C3,2026-07-16 09:54:19
39.1263680000597,-84.548389,2026-07-16T09:55:18.000,EMS,2026-07-16 09:55:18
39.1573680000597,-84.496237,2026-07-16T10:04:38.000,SICK - 26A2 ABNORMAL BP,2026-07-16 10:04:38
39.1373310000597,-84.505622,2026-07-16T10:07:49.000,BREATH - 6C1,2026-07-16 10:07:49
39.1746980000597,-84.433109,2026-07-16T10:08:11.000,SICK - 26A7 IMMOBILE,2026-07-16 10:08:11
39.1296500000597,-84.477026,2026-07-16T10:30:38.000,PERDWN - 32D1 UNKNOWN,2026-07-16 10:30:38
39.1111800000598,-84.530271,2026-07-16T10:32:59.000,ASSLTI - (C) =,2026-07-16 10:32:59
39.0922270000598,-84.515484,2026-07-16T10:33:23.000,FAINT - 31D3,2026-07-16 10:33:23
39.1488790000597,-84.572207,2026-07-16T10:35:39.000,FALL - 17A2,2026-07-16 10:35:39
39.1268020000598,-84.502597,2026-07-16T10:37:26.000,PERDWN - 32D1 UNKNOWN,2026-07-16 10:37:26
39.1306860000598,-84.599643,2026-07-16T10:39:23.000,CHESTPN - 10D5 CARDIAC HX,2026-07-16 10:39:23
39.1141820000598,-84.517131,2026-07-16T10:45:51.000,BREATH - 33C2 ABNORMAL,2026-07-16 10:45:51
39.1232140000597,-84.596511,2026-07-16T10:51:07.000,SICK - 26C1 ALTERED LOC,2026-07-16 10:51:07
39.1458420000597,-84.583295,2026-07-16T10:51:32.000,BREATH - 6D2E EMPHYSEMA,2026-07-16 10:51:32
39.1181560000597,-84.516777,2026-07-16T10:58:08.000,BREATH - 6C1,2026-07-16 10:58:08
39.1228970000597,-84.570941,2026-07-16T11:00:45.000,SICK - 26A11 VOMITING,2026-07-16 11:00:45
39.1070100000598,-84.50842,2026-07-16T11:01:48.000,OD - 23C8A ACCIDENTAL,2026-07-16 11:01:48
39.2006440000597,-84.548608,2026-07-16T11:21:23.000,SICK - 26O20 OBJECT STUCK,2026-07-16 11:21:23
39.1441150000597,-84.620003,2026-07-16T11:37:44.000,EMS,2026-07-16 11:37:44
39.1059970000598,-84.565907,2026-07-16T11:50:02.000,SICK - 26A3 VERTIGO,2026-07-16 11:50:02
39.1324510000598,-84.46527,2026-07-16T11:53:46.000,SICK - 26D1 NOT ALERT,2026-07-16 11:53:46
39.1332700000598,-84.571423,2026-07-16T12:06:23.000,SICK - 33A2 NURSING HOME,2026-07-16 12:06:23
39.0985380000598,-84.52711,2026-07-16T12:15:10.000,ABDOM - 1C2 AORTIC ANEURYSM,2026-07-16 12:15:10
39.1257970000598,-84.602283,2026-07-16T12:22:51.000,=EMS3 - ALS3 RESPONSE,2026-07-16 12:22:51
39.1046690000598,-84.561017,2026-07-16T12:27:15.000,SICK - 26O11 DIARRHEA,2026-07-16 12:27:15
39.2001260000597,-84.457557,2026-07-16T12:33:26.000,SICK - 26C1 ALTERED LOC,2026-07-16 12:33:26
39.1137940000598,-84.51528,2026-07-16T12:36:34.000,PERDWN - 32D1 UNKNOWN,2026-07-16 12:36:34
39.2042010000597,-84.574965,2026-07-16T12:45:37.000,FALL - 17D3 UNCONSIOUS,2026-07-16 12:45:37
39.1756610000597,-84.465321,2026-07-16T12:46:00.000,SICK - 26D1 NOT ALERT,2026-07-16 12:46:00
39.1422440000597,-84.515832,2026-07-16T12:56:03.000,FAINT - 31D2 ABNORMAL BREATH,2026-07-16 12:56:03
39.1130380000598,-84.513382,2026-07-16T13:04:06.000,STROKE - 28C12,2026-07-16 13:04:06
39.1654160000597,-84.540855,2026-07-16T13:31:48.000,SICK - 26D1 NOT ALERT,2026-07-16 13:31:48
39.1247310000598,-84.484445,2026-07-16T13:32:15.000,FAINT - 31D4 NOT ALERT,2026-07-16 13:32:15
39.1442800000597,-84.519453,2026-07-16T13:43:14.000,EMS - (C) =,2026-07-16 13:43:14
39.1690610000597,-84.465738,2026-07-16T13:49:18.000,SICK - 26A11 VOMITING,2026-07-16 13:49:18
39.1078400000598,-84.50963,2026-07-16T13:55:13.000,SICK - 26O28 INFECTION,2026-07-16 13:55:13
39.1439600000597,-84.519373,2026-07-16T13:57:47.000,EMS,2026-07-16 13:57:47
39.1245190000598,-84.50896,2026-07-16T14:00:54.000,=EMS1 - ALS1 RESPONSE,2026-07-16 14:00:54
39.1104130000597,-84.584585,2026-07-16T14:01:26.000,=EMS1 - ALS1 RESPONSE,2026-07-16 14:01:26
39.1063180000598,-84.507688,2026-07-16T14:03:07.000,PERDWN - 32D1 UNKNOWN,2026-07-16 14:03:07
39.1058110000598,-84.56779,2026-07-16T14:05:52.000,BLEED - 21D4 DANGEROUS BLEED,2026-07-16 14:05:52
39.1763810000597,-84.438295,2026-07-16T14:06:21.000,FAINT - 31D4 NOT ALERT,2026-07-16 14:06:21
39.1373310000597,-84.501106,2026-07-16T14:21:44.000,FALL - 17B1,2026-07-16 14:21:44
39.1606330000597,-84.408216,2026-07-16T14:21:50.000,SICK - 26A8 PAIN,2026-07-16 14:21:50
39.1560810000597,-84.484752,2026-07-16T14:22:04.000,SEIZURE - 12D2 MULTIPLE,2026-07-16 14:22:04
39.1636380000597,-84.526874,2026-07-16T14:26:46.000,SICK - 26C2 ABNORMAL BREATH,2026-07-16 14:26:46
39.2145610000597,-84.471231,2026-07-16T14:36:12.000,SICK - 26A7 IMMOBILE,2026-07-16 14:36:12
39.1136190000597,-84.566893,2026-07-16T14:37:54.000,FAINT - 31A1,2026-07-16 14:37:54
39.1480170000598,-84.601099,2026-07-16T14:54:25.000,BURN - 7A3 MINOR,2026-07-16 14:54:25
39.0974690000598,-84.510854,2026-07-16T14:58:13.000,=EMS1 - ALS1 RESPONSE,2026-07-16 14:58:13
39.1054920000598,-84.513677,2026-07-16T14:58:45.000,SICK - 26A11 VOMITING,2026-07-16 14:58:45
39.1340940000597,-84.49764,2026-07-16T14:59:35.000,PERDWN - 32D1 UNKNOWN,2026-07-16 14:59:35
39.1271020000598,-84.498383,2026-07-16T15:00:13.000,CHESTPN - 10D5 CARDIAC HX,2026-07-16 15:00:13
39.1967520000597,-84.48829,2026-07-16T15:03:19.000,BREATH - 6D2,2026-07-16 15:03:19
39.1756990000597,-84.45913,2026-07-16T15:04:40.000,SICK - 26A8 PAIN,2026-07-16 15:04:40
39.1127000000598,-84.5971,2026-07-16T15:06:08.000,HEARTPRB - 19C2 ABNORM BREATH,2026-07-16 15:06:08
39.1464620000597,-84.423227,2026-07-16T15:26:35.000,PERDWN - 32B2 MEDICAL ALARM,2026-07-16 15:26:35
39.1606900000597,-84.402642,2026-07-16T15:31:28.000,PERDWN - 32D1 UNKNOWN,2026-07-16 15:31:28
39.1458420000597,-84.423667,2026-07-16T15:35:21.000,PERDWN - 32B2 MEDICAL ALARM,2026-07-16 15:35:21
39.1927200000597,-84.53764,2026-07-16T15:44:07.000,PERDWN - 32B2 MEDICAL ALARM,2026-07-16 15:44:07
39.1537930000597,-84.559861,2026-07-16T15:49:21.000,BREATH - 6D2,2026-07-16 15:49:21
39.1121590000597,-84.589191,2026-07-16T16:01:23.000,BREATH - 6D2E EMPHYSEMA,2026-07-16 16:01:23
39.1178750000598,-84.692376,2026-07-16T16:07:16.000,LIFT - 17A4,2026-07-16 16:07:16
39.1593530000597,-84.39878,2026-07-16T16:11:23.000,"BLEED - 21B2T SERIOUS, TRAUMA",2026-07-16 16:11:23
39.1503750000597,-84.489168,2026-07-16T16:29:41.000,EMS,2026-07-16 16:29:41
39.1149570000598,-84.515473,2026-07-16T16:30:35.000,BREATH - 6C1,2026-07-16 16:30:35
39.1470020000597,-84.582699,2026-07-16T16:31:41.000,CHESTPN - 10D2 DIFF SPEAKING,2026-07-16 16:31:41
39.1183220000598,-84.597392,2026-07-16T16:40:28.000,BREATH - 6C1E EMPHYSEMA,2026-07-16 16:40:28
39.1578790000597,-84.52475,2026-07-16T16:41:32.000,BREATH - 6C1E EMPHYSEMA,2026-07-16 16:41:32
39.0999120000598,-84.510999,2026-07-16T16:41:40.000,PERDWN - 32D1 UNKNOWN,2026-07-16 16:41:40
39.1095760000597,-84.600598,2026-07-16T16:47:53.000,PERDWN - 32D1 UNKNOWN,2026-07-16 16:47:53
39.1458720000597,-84.484552,2026-07-16T16:50:19.000,SICK - 26A2 ABNORMAL BP,2026-07-16 16:50:19
39.1562180000597,-84.548716,2026-07-16T16:52:21.000,SICK - 26A7 IMMOBILE,2026-07-16 16:52:21
39.1504330000598,-84.486391,2026-07-16T16:52:31.000,EMS,2026-07-16 16:52:31
39.1404660000597,-84.497265,2026-07-16T16:55:05.000,DOMINJ - (C) =,2026-07-16 16:55:05
39.1914840000597,-84.512044,2026-07-16T16:57:17.000,SICK - 26A8 PAIN,2026-07-16 16:57:17
39.1470730000597,-84.479942,2026-07-16T17:15:59.000,EMS,2026-07-16 17:15:59
39.1474990000597,-84.596151,2026-07-16T17:16:28.000,EMS,2026-07-16 17:16:28
39.1485580000597,-84.605267,2026-07-16T17:18:48.000,=EMS1 - ALS1 RESPONSE,2026-07-16 17:18:48
39.1874400000597,-84.40453,2026-07-16T17:25:56.000,SEIZURE - 12C4,2026-07-16 17:25:56
39.0975410000598,-84.521531,2026-07-16T17:29:16.000,PERDWN - 32D1 UNKNOWN,2026-07-16 17:29:16
39.1468650000597,-84.48676,2026-07-16T17:30:54.000,SICK - 26A11 VOMITING,2026-07-16 17:30:54
39.1412690000597,-84.47661,2026-07-16T17:31:32.000,FAINT - 31A2,2026-07-16 17:31:32
39.1617420000597,-84.410498,2026-07-16T17:32:31.000,CHESTPN - 10D2 DIFF SPEAKING,2026-07-16 17:32:31
39.1189860000597,-84.517747,2026-07-16T17:37:58.000,BREATH - 6D2E EMPHYSEMA,2026-07-16 17:37:58
39.1385220000597,-84.610971,2026-07-16T17:40:10.000,STROKE - 28C1F CLEAR EVIDENCE,2026-07-16 17:40:10
39.1382570000597,-84.599712,2026-07-16T17:52:01.000,=EMS1 - ALS1 RESPONSE,2026-07-16 17:52:01
39.1122740000597,-84.516557,2026-07-16T18:08:18.000,OD - 23C8A ACCIDENTAL,2026-07-16 18:08:18
39.2044220000597,-84.460705,2026-07-16T18:13:49.000,=EMS1 - ALS1 RESPONSE,2026-07-16 18:13:49
39.1091820000597,-84.521349,2026-07-16T18:15:14.000,=DOMINJ - (C),2026-07-16 18:15:14
39.2172630000597,-84.487935,2026-07-16T18:33:25.000,BREATH - 6D2,2026-07-16 18:33:25
39.1144490000597,-84.505019,2026-07-16T18:33:27.000,=EMS2 - ALS2 RESPONSE,2026-07-16 18:33:27
39.1438600000597,-84.459788,2026-07-16T18:44:28.000,ASSLTI - (C) =,2026-07-16 18:44:28
39.1655000000597,-84.552656,2026-07-16T18:49:33.000,CHESTPN - 10D2 DIFF SPEAKING,2026-07-16 18:49:33
39.2026310000597,-84.57546,2026-07-16T19:01:13.000,CHESTPN - 10C3,2026-07-16 19:01:13
39.1272930000598,-84.561816,2026-07-16T19:04:56.000,SICK - 26C1 ALTERED LOC,2026-07-16 19:04:56
39.1445300000597,-84.459658,2026-07-16T19:19:28.000,=ASSLTI - (C),2026-07-16 19:19:28
39.1945510000597,-84.548123,2026-07-16T19:32:13.000,BREATH - 6D4E EMPHYSEMA,2026-07-16 19:32:13
39.1111060000598,-84.60461,2026-07-16T19:39:22.000,ABDOM - 1A2,2026-07-16 19:39:22
39.1927140000597,-84.571621,2026-07-16T20:03:31.000,CHESTPN - 10C1 ABNORMAL BREATH,2026-07-16 20:03:31
39.0985540000598,-84.558442,2026-07-16T20:06:57.000,STROKE - 28C1 NOT ALERT,2026-07-16 20:06:57
39.1075970000597,-84.56974,2026-07-16T20:09:28.000,EMS,2026-07-16 20:09:28
39.1392850000598,-84.554193,2026-07-16T20:31:50.000,PERDWN - 32B2 MEDICAL ALARM,2026-07-16 20:31:50
39.1252000000597,-84.487185,2026-07-16T20:33:24.000,DIABETIC - 13C2,2026-07-16 20:33:24
39.0973810000598,-84.510068,2026-07-16T20:37:46.000,=EMS - (C),2026-07-16 20:37:46
39.1460380000597,-84.602972,2026-07-16T20:43:25.000,ALRGY - 2C1 DIFF BREATHING,2026-07-16 20:43:25
39.1479230000597,-84.612716,2026-07-16T21:03:45.000,BREATH - 6D2A ASTHMA,2026-07-16 21:03:45
39.1402050000597,-84.466902,2026-07-16T21:06:50.000,PERDWN - 32D1 UNKNOWN,2026-07-16 21:06:50
39.1120150000598,-84.516091,2026-07-16T21:07:35.000,PERDWN - 32D1 UNKNOWN,2026-07-16 21:07:35
39.1335670000597,-84.552985,2026-07-16T21:17:42.000,FALL - 17B4,2026-07-16 21:17:42
39.1197720000598,-84.566678,2026-07-16T21:19:39.000,=EMS - (C),2026-07-16 21:19:39
39.1308660000598,-84.598173,2026-07-16T21:21:21.000,ABDOM - 1C6,2026-07-16 21:21:21
39.1974790000597,-84.547418,2026-07-16T21:24:58.000,EMS,2026-07-16 21:24:58
39.1205610000597,-84.602387,2026-07-16T21:26:46.000,FALL - 17B1,2026-07-16 21:26:46
39.1633350000597,-84.472588,2026-07-16T22:05:56.000,EMS,2026-07-16 22:05:56
39.1602080000597,-84.426963,2026-07-16T22:06:15.000,SICK - 26C1 ALTERED LOC,2026-07-16 22:06:15
39.2029940000597,-84.577069,2026-07-16T22:07:00.000,CHESTPN - 10A1,2026-07-16 22:07:00
39.1153250000598,-84.523818,2026-07-16T22:12:22.000,PERDWN - 32D1 UNKNOWN,2026-07-16 22:12:22
39.1140260000597,-84.523473,2026-07-16T22:12:38.000,FAINT - 31D2 ABNORMAL BREATH,2026-07-16 22:12:38
39.1242900000598,-84.500672,2026-07-16T22:40:16.000,SICK - 26D1 NOT ALERT,2026-07-16 22:40:16
39.1458550000598,-84.578598,2026-07-16T22:42:51.000,CHESTPN - 10D5 CARDIAC HX,2026-07-16 22:42:51
39.1746410000597,-84.444033,2026-07-16T22:54:50.000,=ASSLTI - (C),2026-07-16 22:54:50
39.1438900000597,-84.519133,2026-07-16T22:58:25.000,SICK - 26C1 ALTERED LOC,2026-07-16 22:58:25
39.1217000000598,-84.48433,2026-07-16T22:59:11.000,PERDWN - 32D1 UNKNOWN,2026-07-16 22:59:11
39.1801970000597,-84.431269,2026-07-16T22:59:46.000,PERDWN - 32D1 UNKNOWN,2026-07-16 22:59:46
39.1253130000597,-84.549094,2026-07-16T23:11:02.000,FALL - 17B1,2026-07-16 23:11:02
39.1018730000598,-84.512635,2026-07-16T23:14:17.000,=EMS - (C),2026-07-16 23:14:17
39.1529400000598,-84.487232,2026-07-16T23:24:17.000,BREATH - 6D2A ASTHMA,2026-07-16 23:24:17
39.1006870000597,-84.509171,2026-07-17T00:09:57.000,FAINT - 31D3,2026-07-17 00:09:57
39.1271270000597,-84.520524,2026-07-17T00:11:22.000,PERDWN - 32D1 UNKNOWN,2026-07-17 00:11:22
39.1132250000598,-84.517024,2026-07-17T00:14:05.000,ASSLTI - (C) =,2026-07-17 00:14:05
39.1407720000597,-84.492617,2026-07-17T00:23:11.000,DOMINJ - (C) =,2026-07-17 00:23:11
39.1632180000597,-84.504012,2026-07-17T01:05:16.000,SICK - 26C2 ABNORMAL BREATH,2026-07-17 01:05:16
39.1073720000598,-84.513452,2026-07-17T01:15:14.000,PERDWN - 32D1 UNKNOWN,2026-07-17 01:15:14
39.1380660000598,-84.573715,2026-07-17T01:24:09.000,PERDWN - 32B2 MEDICAL ALARM,2026-07-17 01:24:09
39.1893880000597,-84.459725,2026-07-17T01:25:00.000,SICK - 26C2 ABNORMAL BREATH,2026-07-17 01:25:00
39.0968810000598,-84.508711,2026-07-17T01:26:14.000,FAINT - 31A2,2026-07-17 01:26:14
39.1446380000597,-84.555667,2026-07-17T01:27:48.000,BREATH - 6C1A ASTHMA,2026-07-17 01:27:48
39.1239840000598,-84.503794,2026-07-17T02:05:24.000,=EMS - (C),2026-07-17 02:05:24
39.1291340000598,-84.590003,2026-07-17T02:06:41.000,BURN - 7A3 MINOR,2026-07-17 02:06:41
39.1191520000597,-84.596776,2026-07-17T02:30:30.000,BREATH - 6D4E EMPHYSEMA,2026-07-17 02:30:30
39.2053390000597,-84.453938,2026-07-17T02:40:50.000,HEADACHE - 18C2C POSS STROKE,2026-07-17 02:40:50
39.1553270000597,-84.379351,2026-07-17T02:56:10.000,CHESTPN - 10D4 CLAMMY,2026-07-17 02:56:10
39.1224620000598,-84.571551,2026-07-17T03:04:56.000,FAINT - 31C1 ABNORMAL BREATH,2026-07-17 03:04:56
39.1236220000598,-84.570991,2026-07-17T03:29:27.000,FAINT - 31C1 ABNORMAL BREATH,2026-07-17 03:29:27
39.1151500000598,-84.527628,2026-07-17T03:31:31.000,ABDOM - 1C5,2026-07-17 03:31:31
39.1481640000597,-84.501993,2026-07-17T03:40:24.000,BLEED - 21D5 ABNORMAL BREATH,2026-07-17 03:40:24
39.1338500000597,-84.545506,2026-07-17T04:03:34.000,ABDOM - 1C4,2026-07-17 04:03:34
39.1234580000598,-84.526541,2026-07-17T04:10:56.000,EMS - (C) =,2026-07-17 04:10:56
39.1114460000598,-84.560341,2026-07-17T04:33:09.000,FALL - 17D5 SOB,2026-07-17 04:33:09
39.1334600000598,-84.572523,2026-07-17T04:47:22.000,SICK - 26A1,2026-07-17 04:47:22
39.1684330000597,-84.469631,2026-07-17T05:19:06.000,DOMINJ - (C) =,2026-07-17 05:19:06
39.1742250000597,-84.472734,2026-07-17T05:19:44.000,SICK - 26A8 PAIN,2026-07-17 05:19:44
39.1615600000598,-84.505756,2026-07-17T05:23:13.000,BREATH - 6C1A ASTHMA,2026-07-17 05:23:13
39.1025540000598,-84.566325,2026-07-17T05:29:11.000,CHESTPN - 10D4 CLAMMY,2026-07-17 05:29:11
39.1942730000597,-84.513001,2026-07-17T05:49:17.000,BREATH - 6D2A ASTHMA,2026-07-17 05:49:17
39.1498630000598,-84.485661,2026-07-17T06:35:20.000,ABDOM - 1A1,2026-07-17 06:35:20
39.2055280000597,-84.45721,2026-07-17T06:51:14.000,SEIZURE - 12C4,2026-07-17 06:51:14
39.1020710000598,-84.392892,2026-07-17T06:59:36.000,SEIZURE - 12A1,2026-07-17 06:59:36
39.1102780000598,-84.516253,2026-07-17T07:12:41.000,BLEED - 21B1 DANGEROUS,2026-07-17 07:12:41
39.1007060000598,-84.515106,2026-07-17T07:13:25.000,OD - (C) 23D2A ACCIDENTAL,2026-07-17 07:13:25
39.1351100000597,-84.501485,2026-07-17T07:17:44.000,FAINT - 31D2 ABNORMAL BREATH,2026-07-17 07:17:44
39.1335760000597,-84.571413,2026-07-17T07:28:55.000,CHESTPN - 10D2 DIFF SPEAKING,2026-07-17 07:28:55
39.1900610000597,-84.469115,2026-07-17T07:41:05.000,BREATH - 6C1A ASTHMA,2026-07-17 07:41:05
39.1525160000598,-84.39254,2026-07-17T07:46:33.000,FAINT - 31D3,2026-07-17 07:46:33
39.1070860000598,-84.547563,2026-07-17T07:51:27.000,SEIZURE - 12D2 MULTIPLE,2026-07-17 07:51:27
39.1932220000597,-84.479448,2026-07-17T07:52:07.000,BREATH - 6D1 NOT ALERT,2026-07-17 07:52:07
39.1135620000597,-84.518557,2026-07-17T07:53:02.000,SICK - 26D1 NOT ALERT,2026-07-17 07:53:02
39.1000010000598,-84.42689,2026-07-17T07:58:02.000,BREATH - 6D4 CLAMMY,2026-07-17 07:58:02
39.1029250000598,-84.515298,2026-07-17T08:12:58.000,PERDWN - 32D1 UNKNOWN,2026-07-17 08:12:58
39.1751980000597,-84.432591,2026-07-17T08:23:17.000,ARREST - 9E1 NOT BREATHING,2026-07-17 08:23:17
39.0779120000598,-84.601696,2026-07-17T08:23:36.000,CHESTPN - 10D2 DIFF SPEAKING,2026-07-17 08:23:36
39.0831530000598,-84.618909,2026-07-17T08:30:06.000,STROKE - 28C2F CLEAR EVIDENCE,2026-07-17 08:30:06
39.1093790000598,-84.578348,2026-07-17T08:42:47.000,DIABETIC - 13D1 UNCONSCIOUS,2026-07-17 08:42:47
39.1928390000597,-84.460091,2026-07-17T08:43:43.000,FALL - 17B4,2026-07-17 08:43:43
39.1446700000597,-84.458208,2026-07-17T08:57:09.000,BREATH - 6D2,2026-07-17 08:57:09
39.1794010000597,-84.51232,2026-07-17T09:03:18.000,SICK - 26A11 VOMITING,2026-07-17 09:03:18
39.2166560000597,-84.485267,2026-07-17T09:05:33.000,LIFT - 17A4,2026-07-17 09:05:33
39.2005180000597,-84.517413,2026-07-17T09:14:45.000,=EMS1 - ALS1 RESPONSE,2026-07-17 09:14:45
39.0820640000598,-84.390435,2026-07-17T09:15:31.000,FAINT - 31D3,2026-07-17 09:15:31
39.1112960000597,-84.525306,2026-07-17T09:24:21.000,FALL - 17B4,2026-07-17 09:24:21
39.1731310000597,-84.430571,2026-07-17T09:25:21.000,EMS,2026-07-17 09:25:21
39.1656800000597,-84.552846,2026-07-17T09:25:45.000,CHESTPN - 10D2 DIFF SPEAKING,2026-07-17 09:25:45
39.1144600000598,-84.518984,2026-07-17T09:34:41.000,FALL - 17D3 UNCONSIOUS,2026-07-17 09:34:41
39.1442750000597,-84.429096,2026-07-17T09:38:44.000,=EMS2 - ALS2 RESPONSE,2026-07-17 09:38:44
39.1781270000597,-84.437765,2026-07-17T09:42:54.000,PERDWN - 32D1 UNKNOWN,2026-07-17 09:42:54
39.0939120000598,-84.426609,2026-07-17T09:49:02.000,PERDWN - 32B1 PT MOV/TALK,2026-07-17 09:49:02
39.1610630000597,-84.38485,2026-07-17T09:59:40.000,PERDWN - 32D1 UNKNOWN,2026-07-17 09:59:40
39.1190110000597,-84.600521,2026-07-17T09:59:57.000,ARREST - 9E1 NOT BREATHING,2026-07-17 09:59:57
39.0987880000598,-84.52626,2026-07-17T10:09:32.000,EMS,2026-07-17 10:09:32
39.1191760000597,-84.517347,2026-07-17T10:18:37.000,BREATH - 6C1,2026-07-17 10:18:37
39.2010070000597,-84.523092,2026-07-17T10:19:34.000,SICK - 26C1 ALTERED LOC,2026-07-17 10:19:34
39.1393360000597,-84.475589,2026-07-17T10:20:00.000,FALL - 17D5 SOB,2026-07-17 10:20:00
39.1176640000598,-84.598865,2026-07-17T10:30:03.000,FAINT - 31D4 NOT ALERT,2026-07-17 10:30:03
39.1992960000597,-84.456117,2026-07-17T10:35:02.000,SICK - 26C3 SICKLE CELL,2026-07-17 10:35:02
39.1192050000598,-84.599504,2026-07-17T10:44:12.000,PERDWN - 32D1 UNKNOWN,2026-07-17 10:44:12
39.1525590000597,-84.532528,2026-07-17T10:52:59.000,SICK - 26A8 PAIN,2026-07-17 10:52:59
39.1491140000597,-84.442272,2026-07-17T10:55:11.000,SICK - 26A8 PAIN,2026-07-17 10:55:11
39.1085810000597,-84.516162,2026-07-17T10:58:47.000,EMS,2026-07-17 10:58:47
39.0913910000598,-84.387234,2026-07-17T10:59:08.000,FALL - 17B4,2026-07-17 10:59:08
39.1910290000597,-84.574707,2026-07-17T11:05:09.000,STROKE - 28C4 SIDE WEAKNESS,2026-07-17 11:05:09
39.1406680000597,-84.439692,2026-07-17T11:15:54.000,SICK - 26A8 PAIN,2026-07-17 11:15:54
39.2021240000597,-84.578646,2026-07-17T11:26:51.000,PERDWN - 32B3 UNKNOWN,2026-07-17 11:26:51
39.1356430000598,-84.460815,2026-07-17T11:27:38.000,BREATH - 6D2E EMPHYSEMA,2026-07-17 11:27:38
39.1770280000597,-84.436476,2026-07-17T11:30:15.000,SICK - 26A8 PAIN,2026-07-17 11:30:15
39.1668520000597,-84.394267,2026-07-17T11:39:13.000,SICK - 26A5 GEN WEAKNESS,2026-07-17 11:39:13
39.1386730000598,-84.508551,2026-07-17T11:41:29.000,PERDWN - 32B2 MEDICAL ALARM,2026-07-17 11:41:29
39.1316260000597,-84.600756,2026-07-17T12:00:10.000,FALL - 17B4,2026-07-17 12:00:10
39.1299360000598,-84.598443,2026-07-17T12:04:19.000,BREATH - 33C2 ABNORMAL,2026-07-17 12:04:19
39.1148380000598,-84.529672,2026-07-17T12:06:07.000,EMS,2026-07-17 12:06:07
39.1730230000597,-84.545529,2026-07-17T12:08:39.000,ARREST - 9E1 NOT BREATHING,2026-07-17 12:08:39
39.1107650000598,-84.503826,2026-07-17T12:14:48.000,SICK - 26D1 NOT ALERT,2026-07-17 12:14:48
39.2123980000597,-84.481782,2026-07-17T12:17:17.000,ABDOM - 1C3,2026-07-17 12:17:17
39.1455550000597,-84.618803,2026-07-17T12:43:31.000,PERDWN - 32D1 UNKNOWN,2026-07-17 12:43:31
39.2165770000597,-84.486299,2026-07-17T12:52:24.000,SICK - 26C1 ALTERED LOC,2026-07-17 12:52:24
39.1599230000597,-84.39949,2026-07-17T12:54:05.000,SICK - 26A2 ABNORMAL BP,2026-07-17 12:54:05
39.1369720000598,-84.536473,2026-07-17T12:54:44.000,PERDWN - 32D1 UNKNOWN,2026-07-17 12:54:44
39.1547180000597,-84.504788,2026-07-17T12:54:49.000,FAINT - 31D3,2026-07-17 12:54:49
39.1317810000598,-84.46563,2026-07-17T13:12:18.000,SICK - 33C1 NOT ALERT,2026-07-17 13:12:18
39.1444950000597,-84.436922,2026-07-17T13:18:22.000,FALL - 17B3 STAIRS,2026-07-17 13:18:22
39.1563560000597,-84.558509,2026-07-17T13:20:47.000,SICK - 26A2 ABNORMAL BP,2026-07-17 13:20:47
39.1545510000597,-84.429391,2026-07-17T13:22:39.000,CHESTPN - 10D1 NOT ALERT,2026-07-17 13:22:39
39.1336030000598,-84.593816,2026-07-17T13:44:11.000,FALL - 17B4,2026-07-17 13:44:11
39.1327850000597,-84.497067,2026-07-17T13:46:45.000,"OD - (C) 23E1A ARREST, ACC",2026-07-17 13:46:45
39.1336700000597,-84.528164,2026-07-17T13:50:42.000,SICK - 26A2 ABNORMAL BP,2026-07-17 13:50:42
39.1086340000597,-84.515572,2026-07-17T14:06:33.000,FALL - 17B1,2026-07-17 14:06:33
39.1411170000598,-84.591228,2026-07-17T14:06:51.000,PERDWN - 32B3 UNKNOWN,2026-07-17 14:06:51
39.2030960000597,-84.459247,2026-07-17T14:10:29.000,LIFT - 17A4,2026-07-17 14:10:29
39.1296360000598,-84.599373,2026-07-17T14:11:46.000,PERDWN - 32B2 MEDICAL ALARM,2026-07-17 14:11:46
39.1052020000598,-84.513777,2026-07-17T14:11:58.000,CHESTPN - 10D4 CLAMMY,2026-07-17 14:11:58
39.1670350000597,-84.388855,2026-07-17T14:25:39.000,LIFT - 17A4,2026-07-17 14:25:39
39.1325930000597,-84.589934,2026-07-17T14:27:33.000,CHESTPN - 10D5 CARDIAC HX,2026-07-17 14:27:33
39.1006740000598,-84.565373,2026-07-17T14:35:27.000,FALL - 17C1 FAINTING,2026-07-17 14:35:27
39.1058710000598,-84.520554,2026-07-17T14:37:31.000,"OD - (C) 23C1A NOT ALERT, ACC",2026-07-17 14:37:31
39.1468390000597,-84.57328,2026-07-17T14:37:57.000,FAINT - 31C1 ABNORMAL BREATH,2026-07-17 14:37:57
39.1086720000597,-84.515619,2026-07-17T14:38:18.000,FALL - 17B1,2026-07-17 14:38:18
39.1086510000598,-84.516169,2026-07-17T14:39:51.000,BLEED - 21B1 DANGEROUS,2026-07-17 14:39:51
39.0807520000598,-84.587599,2026-07-17T14:47:04.000,BLEED - 21C1 THRU TUBES,2026-07-17 14:47:04
39.0809920000598,-84.588629,2026-07-17T14:48:59.000,BLEED - 21D5 ABNORMAL BREATH,2026-07-17 14:48:59
39.1574790000597,-84.52473,2026-07-17T14:51:50.000,SICK - 33A2 NURSING HOME,2026-07-17 14:51:50
39.1264580000598,-84.475465,2026-07-17T14:54:31.000,SICK - 26A8 PAIN,2026-07-17 14:54:31
39.1520390000597,-84.546495,2026-07-17T14:56:40.000,DOMINJ - (C) =,2026-07-17 14:56:40
39.1060650000598,-84.560312,2026-07-17T15:05:37.000,LIFT - 17A4,2026-07-17 15:05:37
39.0979020000598,-84.510616,2026-07-17T15:19:40.000,SICK - 26A7 IMMOBILE,2026-07-17 15:19:40
39.0960420000598,-84.511136,2026-07-17T15:20:59.000,EMS,2026-07-17 15:20:59
39.1445700000598,-84.453537,2026-07-17T15:31:45.000,SICK - 26D1 NOT ALERT,2026-07-17 15:31:45
39.1360190000597,-84.504078,2026-07-17T15:42:33.000,OD - 23C8A ACCIDENTAL,2026-07-17 15:42:33
39.1154340000597,-84.53121,2026-07-17T15:54:17.000,SEIZURE - 12D2 MULTIPLE,2026-07-17 15:54:17
39.1438670000597,-84.558363,2026-07-17T16:02:59.000,CHESTPN - 10C1 ABNORMAL BREATH,2026-07-17 16:02:59
39.1412500000597,-84.49407,2026-07-17T16:07:30.000,ABDOM - 1A1,2026-07-17 16:07:30
39.1284250000597,-84.597356,2026-07-17T16:41:23.000,SEIZURE - 12C4,2026-07-17 16:41:23
39.1274970000598,-84.531005,2026-07-17T16:49:59.000,CHESTPN - 10C1 ABNORMAL BREATH,2026-07-17 16:49:59
39.1362440000597,-84.465418,2026-07-17T16:53:20.000,SICK - 26A8 PAIN,2026-07-17 16:53:20
39.1142800000598,-84.510757,2026-07-17T17:00:23.000,DOMINJ - (C) =,2026-07-17 17:00:23
39.0985380000598,-84.52603,2026-07-17T17:11:43.000,SEIZURE - 12D4,2026-07-17 17:11:43
39.1427000000597,-84.584429,2026-07-17T17:12:17.000,OD - (C) 23C1I INTENTIONAL,2026-07-17 17:12:17
39.1588930000597,-84.501,2026-07-17T17:12:30.000,BREATH - 6D4E EMPHYSEMA,2026-07-17 17:12:30
39.2162570000597,-84.486969,2026-07-17T17:12:38.000,FALL - 17A2,2026-07-17 17:12:38
39.1656530000597,-84.549354,2026-07-17T17:25:27.000,STROKE - 28C2 ABNORMAL BREATH,2026-07-17 17:25:27
39.1284410000598,-84.489124,2026-07-17T17:36:15.000,ABDOM - 1D1 NOT ALERT,2026-07-17 17:36:15
39.0997650000597,-84.380589,2026-07-17T17:37:48.000,PERDWN - 32B2 MEDICAL ALARM,2026-07-17 17:37:48
39.1898550000597,-84.467177,2026-07-17T17:46:06.000,RIVER - (C) 81E2 VEH IN FLOOD,2026-07-17 17:46:06
39.1663800000597,-84.432689,2026-07-17T17:46:47.000,RIVER - (C) 81E2 VEH IN FLOOD,2026-07-17 17:46:47
39.1610070000597,-84.417523,2026-07-17T17:47:57.000,RIVER - (C) 81E2 VEH IN FLOOD,2026-07-17 17:47:57
39.1599670000597,-84.415613,2026-07-17T17:48:21.000,RIVER - (C) 81E2 VEH IN FLOOD,2026-07-17 17:48:21
39.1672370000597,-84.554531,2026-07-17T17:53:58.000,BREATH - 6C1A ASTHMA,2026-07-17 17:53:58
39.1482750000597,-84.431971,2026-07-17T17:56:20.000,INVEST - 69D6O ODOR OF SMOKE,2026-07-17 17:56:20
39.1519100000597,-84.422529,2026-07-17T17:56:59.000,WATERR - (C) 81C1 VEH IN FLOOD,2026-07-17 17:56:59
39.1368950000597,-84.449745,2026-07-17T18:02:39.000,WATERR - (C) 81C2 VEH IN FLOOD,2026-07-17 18:02:39
39.1614650000597,-84.46642,2026-07-17T18:03:43.000,ABDOM - 1C6,2026-07-17 18:03:43
39.1575870000598,-84.406321,2026-07-17T18:05:16.000,WATERR - (C) 81C1 VEH IN FLOOD,2026-07-17 18:05:16
39.1853190000597,-84.407406,2026-07-17T18:08:16.000,WATERR - (C) 81C2 VEH IN FLOOD,2026-07-17 18:08:16
39.1070200000598,-84.50785,2026-07-17T18:09:26.000,SICK - 26A8 PAIN,2026-07-17 18:09:26
39.1843400000597,-84.407833,2026-07-17T18:10:03.000,WATERR - (C) 81C2 VEH IN FLOOD,2026-07-17 18:10:03
39.1486530000597,-84.432104,2026-07-17T18:14:10.000,INVEST - 69D6O ODOR OF SMOKE,2026-07-17 18:14:10
39.1347780000598,-84.475087,2026-07-17T18:14:21.000,WATERR - (C) 81C2 VEH IN FLOOD,2026-07-17 18:14:21
39.1007630000598,-84.512925,2026-07-17T18:16:55.000,=PERDWN,2026-07-17 18:16:55
39.1366760000598,-84.439192,2026-07-17T18:18:59.000,WATERR - (C) 81C2 VEH IN FLOOD,2026-07-17 18:18:59
39.1239400000597,-84.59776,2026-07-17T18:21:32.000,ASSLTI - (C)(W) =,2026-07-17 18:21:32
39.1351990000597,-84.499517,2026-07-17T18:25:02.000,"OD - (C) 23E1A ARREST, ACC",2026-07-17 18:25:02
39.1348200000597,-84.527564,2026-07-17T18:30:14.000,FALL - 17D5 SOB,2026-07-17 18:30:14
39.1380770000597,-84.537609,2026-07-17T18:33:00.000,ASSLTI - (C) =,2026-07-17 18:33:00
39.1239030000597,-84.597979,2026-07-17T18:36:42.000,=EMS1 - ALS1 RESPONSE,2026-07-17 18:36:42
39.1292460000598,-84.407005,2026-07-17T18:39:48.000,RIVER - (C) 81E2 VEH IN FLOOD,2026-07-17 18:39:48
39.1529840000597,-84.412969,2026-07-17T18:41:02.000,LIFT - 53A2,2026-07-17 18:41:02
39.1247850000598,-84.410006,2026-07-17T18:46:19.000,RIVER - (C) 81E2 VEH IN FLOOD,2026-07-17 18:46:19
39.1597880000597,-84.401118,2026-07-17T18:47:19.000,RIVER - (C) 81E2 VEH IN FLOOD,2026-07-17 18:47:19
39.1086250000598,-84.497706,2026-07-17T18:50:56.000,SICK - 26D1 NOT ALERT,2026-07-17 18:50:56
39.1549570000597,-84.4331,2026-07-17T18:53:44.000,WATERR - (C) 81C2 VEH IN FLOOD,2026-07-17 18:53:44
39.1420120000597,-84.468951,2026-07-17T18:55:54.000,RIVER - (C) 81E2 VEH IN FLOOD,2026-07-17 18:55:54
39.1534240000597,-84.410435,2026-07-17T19:11:12.000,INVEST - 69D6O ODOR OF SMOKE,2026-07-17 19:11:12
39.1447680000597,-84.466895,2026-07-17T19:21:56.000,PERDWN - 32B2 MEDICAL ALARM,2026-07-17 19:21:56
39.1482690000597,-84.496798,2026-07-17T19:23:55.000,SICK - 26A3 VERTIGO,2026-07-17 19:23:55
39.1086730000598,-84.572557,2026-07-17T19:40:42.000,"OD - (C) 23C1A NOT ALERT, ACC",2026-07-17 19:40:42
39.1518640000597,-84.413919,2026-07-17T19:49:11.000,RIVER - (C) 81E2 VEH IN FLOOD,2026-07-17 19:49:11
39.1415490000597,-84.537521,2026-07-17T19:51:05.000,SEIZURE - 12D2 MULTIPLE,2026-07-17 19:51:05
39.1139530000598,-84.585736,2026-07-17T19:52:21.000,ASSLTI - (C)(W) =,2026-07-17 19:52:21
39.1011450000598,-84.499727,2026-07-17T20:09:03.000,BLEED - 21A1,2026-07-17 20:09:03
39.1047290000598,-84.560947,2026-07-17T20:15:21.000,FAINT - 31D3,2026-07-17 20:15:21
39.1360760000598,-84.509098,2026-07-17T20:20:21.000,=PERDWN,2026-07-17 20:20:21
39.1450460000598,-84.526378,2026-07-17T20:36:51.000,LIFT - 17A4,2026-07-17 20:36:51
39.1274820000597,-84.707971,2026-07-17T20:48:32.000,FAINT - 31C1 ABNORMAL BREATH,2026-07-17 20:48:32
39.1028650000598,-84.553006,2026-07-17T20:59:59.000,BLEED - 21A1,2026-07-17 20:59:59
39.1412520000597,-84.45448,2026-07-17T21:04:33.000,FALL - 17B4,2026-07-17 21:04:33
39.1010630000598,-84.512395,2026-07-17T21:11:57.000,=ASSLTI - (C),2026-07-17 21:11:57
39.0794010000598,-84.58738,2026-07-17T21:25:42.000,BLEED - 21D3 NOT ALERT,2026-07-17 21:25:42
39.1222590000598,-84.51423,2026-07-17T21:27:51.000,CHESTPN - 10D5 CARDIAC HX,2026-07-17 21:27:51
39.1402010000597,-84.612325,2026-07-17T21:48:35.000,SICK - 26C2 ABNORMAL BREATH,2026-07-17 21:48:35
39.1794160000597,-84.440883,2026-07-17T21:51:21.000,FALL - 17A2,2026-07-17 21:51:21
39.1520680000597,-84.37766,2026-07-17T22:02:36.000,ASSLTI - (C) =,2026-07-17 22:02:36
39.1586870000598,-84.39589,2026-07-17T22:17:52.000,DOMINJ - (C) =,2026-07-17 22:17:52
39.1465670000597,-84.619657,2026-07-17T22:20:30.000,BLEED - 21A1,2026-07-17 22:20:30
39.1102520000597,-84.521669,2026-07-17T22:22:25.000,EMS,2026-07-17 22:22:25
39.1522190000597,-84.385758,2026-07-17T22:25:07.000,SICK - 26A8 PAIN,2026-07-17 22:25:07
39.1798930000597,-84.566811,2026-07-17T22:25:27.000,=ASSLTI - (C),2026-07-17 22:25:27
39.1808730000597,-84.565951,2026-07-17T22:25:51.000,=ASSLTI - (C),2026-07-17 22:25:51
39.0983580000598,-84.58036,2026-07-17T22:45:44.000,BREATH - 6C1,2026-07-17 22:45:44
39.1117010000598,-84.576913,2026-07-17T22:57:38.000,"SEIZURE - 12C1 FOCAL, NOT AERT",2026-07-17 22:57:38
39.1814100000597,-84.519639,2026-07-17T23:09:34.000,CHESTPN - 10D4 CLAMMY,2026-07-17 23:09:34
39.1390220000598,-84.469132,2026-07-17T23:10:04.000,ALRGY - 2C1 DIFF BREATHING,2026-07-17 23:10:04
39.0970720000598,-84.509606,2026-07-17T23:14:55.000,"BLEED - 21B2T SERIOUS, TRAUMA",2026-07-17 23:14:55
39.1572780000597,-84.503924,2026-07-17T23:19:19.000,ABDOM - 1C2 AORTIC ANEURYSM,2026-07-17 23:19:19
39.1976090000597,-84.550676,2026-07-17T23:31:26.000,LIFT - 17A4,2026-07-17 23:31:26
39.1942720000597,-84.479988,2026-07-18T00:26:01.000,FAINT - 31E1 INEFF BREATHING,2026-07-18 00:26:01
39.0961560000597,-84.508475,2026-07-18T00:50:35.000,=EMS1 - ALS1 RESPONSE,2026-07-18 00:50:35
39.1958700000597,-84.464513,2026-07-18T00:56:20.000,ABDOM - 1C4,2026-07-18 00:56:20
39.1515830000598,-84.409681,2026-07-18T00:59:42.000,SICK - 26A8 PAIN,2026-07-18 00:59:42
39.1532030000598,-84.409421,2026-07-18T01:05:14.000,BLEED - 21B2 SERIOUS,2026-07-18 01:05:14
39.1261380000597,-84.4853,2026-07-18T01:29:55.000,CHESTPN - 10C1 ABNORMAL BREATH,2026-07-18 01:29:55
39.1920080000597,-84.537265,2026-07-18T01:38:39.000,ASSLTI - (C)(W) =,2026-07-18 01:38:39
39.1477750000598,-84.559028,2026-07-18T01:50:50.000,BREATH - 6D4E EMPHYSEMA,2026-07-18 01:50:50
39.1151490000598,-84.421435,2026-07-18T01:54:16.000,=EMS2 - ALS2 RESPONSE,2026-07-18 01:54:16
39.2064910000597,-84.451559,2026-07-18T02:01:43.000,DOMINJ - (C) =,2026-07-18 02:01:43
39.1796110000597,-84.51113,2026-07-18T02:17:37.000,SICK - 26A11 VOMITING,2026-07-18 02:17:37
39.1612130000597,-84.407496,2026-07-18T02:41:42.000,BREATH - 6D1E NOT ALERT,2026-07-18 02:41:42
39.1376120000597,-84.584643,2026-07-18T02:43:09.000,CHESTPN - 10D5 CARDIAC HX,2026-07-18 02:43:09
39.1279490000597,-84.521126,2026-07-18T02:55:22.000,FAINT - 31D3,2026-07-18 02:55:22
39.1051530000598,-84.512095,2026-07-18T02:55:51.000,CHESTPN - 10D5 CARDIAC HX,2026-07-18 02:55:51
39.1046430000598,-84.512085,2026-07-18T03:15:29.000,EMS,2026-07-18 03:15:29
39.0997510000598,-84.508359,2026-07-18T03:15:45.000,FALL - 17B4,2026-07-18 03:15:45
39.1087360000598,-84.512548,2026-07-18T03:16:42.000,=PERDWN,2026-07-18 03:16:42
39.0960020000598,-84.511076,2026-07-18T03:54:34.000,ASSLTI - (C) =,2026-07-18 03:54:34
39.1063050000597,-84.587459,2026-07-18T04:16:04.000,DOMINJ - (C) =,2026-07-18 04:16:04
39.1325480000597,-84.601319,2026-07-18T04:21:40.000,CHESTPN - 10C3,2026-07-18 04:21:40
39.1131190000598,-84.566823,2026-07-18T04:36:18.000,BREATH - 6D2A ASTHMA,2026-07-18 04:36:18
39.1057830000598,-84.567014,2026-07-18T04:47:03.000,ASSLTI - (C)(W) =,2026-07-18 04:47:03
39.1813710000597,-84.450559,2026-07-18T05:00:25.000,SICK - 26C2 ABNORMAL BREATH,2026-07-18 05:00:25
39.1970290000597,-84.47786,2026-07-18T05:29:51.000,SICK - 26C2 ABNORMAL BREATH,2026-07-18 05:29:51
39.1752000000597,-84.461431,2026-07-18T05:30:59.000,=EMS2 - ALS2 RESPONSE,2026-07-18 05:30:59
39.1459510000597,-84.489963,2026-07-18T05:40:52.000,FALL - 17A2,2026-07-18 05:40:52
39.1174010000597,-84.526717,2026-07-18T05:48:46.000,FALL - 17B1,2026-07-18 05:48:46
39.1228950000598,-84.503346,2026-07-18T05:52:36.000,BREATH - 6D2,2026-07-18 05:52:36
39.1390060000598,-84.573675,2026-07-18T06:01:20.000,PERDWN - 32B1 PT MOV/TALK,2026-07-18 06:01:20
39.1158020000598,-84.530538,2026-07-18T06:21:54.000,FALL - 17B4,2026-07-18 06:21:54
39.0833130000598,-84.617329,2026-07-18T06:23:32.000,FALL - 17B1,2026-07-18 06:23:32
39.1226690000597,-84.506195,2026-07-18T06:24:46.000,BREATH - 6D2A ASTHMA,2026-07-18 06:24:46
39.0822440000598,-84.61915,2026-07-18T06:32:22.000,FALL - 17D4 NOT ALERT,2026-07-18 06:32:22
39.1975250000597,-84.464061,2026-07-18T06:33:18.000,SICK - 26A1,2026-07-18 06:33:18
39.1515050000597,-84.485606,2026-07-18T06:49:11.000,FALL - 17B4,2026-07-18 06:49:11
39.1228670000598,-84.583764,2026-07-18T06:55:24.000,PERDWN - 32D1 UNKNOWN,2026-07-18 06:55:24
39.1190770000597,-84.547766,2026-07-18T07:00:11.000,RIVER - (C) 81E2 VEH IN FLOOD,2026-07-18 07:00:11
39.1288520000597,-84.494695,2026-07-18T07:03:08.000,SEIZURE - 12C3 DIABETIC,2026-07-18 07:03:08
39.1269660000597,-84.414979,2026-07-18T07:04:38.000,BLEED - 21B3 BLEEDING DISORDER,2026-07-18 07:04:38
39.1154620000598,-84.531918,2026-07-18T07:13:11.000,PERDWN - 32B2 MEDICAL ALARM,2026-07-18 07:13:11
39.1817570000597,-84.461381,2026-07-18T07:31:06.000,BREATH - 6D2E EMPHYSEMA,2026-07-18 07:31:06
39.2163490000597,-84.486895,2026-07-18T07:42:47.000,FALL - 17B1,2026-07-18 07:42:47
39.1783560000597,-84.510312,2026-07-18T07:46:22.000,PREG - 24O1 WATER BROKE,2026-07-18 07:46:22
39.1345540000597,-84.537103,2026-07-18T07:58:16.000,PERDWN - 32B1 PT MOV/TALK,2026-07-18 07:58:16
39.1645780000597,-84.470965,2026-07-18T08:56:19.000,ABDOM - 1C5,2026-07-18 08:56:19
39.1064300000598,-84.50974,2026-07-18T09:53:22.000,SICK - 26A8 PAIN,2026-07-18 09:53:22
39.1861700000597,-84.51258,2026-07-18T09:55:03.000,BLEED - 21D4 DANGEROUS BLEED,2026-07-18 09:55:03
39.2196420000597,-84.483498,2026-07-18T10:04:41.000,SICK - 26D1 NOT ALERT,2026-07-18 10:04:41
39.1435710000597,-84.445764,2026-07-18T10:05:18.000,EMS - (C) =,2026-07-18 10:05:18
39.1511870000597,-84.607325,2026-07-18T10:07:06.000,STROKE - 28C1F CLEAR EVIDENCE,2026-07-18 10:07:06
39.1404060000598,-84.579443,2026-07-18T10:15:10.000,SICK - 26D1 NOT ALERT,2026-07-18 10:15:10
39.1909250000597,-84.455664,2026-07-18T10:17:27.000,ABDOM - 1A1,2026-07-18 10:17:27
39.1088980000597,-84.51341,2026-07-18T10:27:43.000,"BLEED - 21B2T SERIOUS, TRAUMA",2026-07-18 10:27:43
39.1743700000597,-84.512821,2026-07-18T10:35:43.000,PERDWN - 32B2 MEDICAL ALARM,2026-07-18 10:35:43
39.2009700000597,-84.462692,2026-07-18T10:36:38.000,SICK - 26C2 ABNORMAL BREATH,2026-07-18 10:36:38
39.1070800000598,-84.512101,2026-07-18T10:49:32.000,CHESTPN - 10D4 CLAMMY,2026-07-18 10:49:32
39.1889130000597,-84.469036,2026-07-18T10:51:55.000,BREATH - 6C1E EMPHYSEMA,2026-07-18 10:51:55
39.1436280000597,-84.505678,2026-07-18T10:56:12.000,BREATH - 6D1A NOT ALERT,2026-07-18 10:56:12
39.1990600000597,-84.457784,2026-07-18T11:00:01.000,ABDOM - 1C3,2026-07-18 11:00:01
39.1153050000598,-84.517625,2026-07-18T11:06:39.000,DIABETIC - 13A1,2026-07-18 11:06:39
39.1426440000597,-84.622318,2026-07-18T11:24:54.000,FAINT - 31D4 NOT ALERT,2026-07-18 11:24:54
39.1903440000597,-84.547803,2026-07-18T11:33:12.000,EMS,2026-07-18 11:33:12
39.1406990000597,-84.502822,2026-07-18T12:00:07.000,SICK - 26B1,2026-07-18 12:00:07
39.1020070000597,-84.510421,2026-07-18T12:07:11.000,FAINT - 31D4 NOT ALERT,2026-07-18 12:07:11
39.1432910000597,-84.469246,2026-07-18T12:15:42.000,FAINT - 31D2 ABNORMAL BREATH,2026-07-18 12:15:42
39.0823630000598,-84.617319,2026-07-18T12:29:27.000,FALL - 17B2 SERIOUS BLEEDING,2026-07-18 12:29:27
39.0801600000598,-84.38173,2026-07-18T12:44:30.000,DIABETIC - (C)(V) 13C1C COMBAT,2026-07-18 12:44:30
39.1960200000597,-84.569191,2026-07-18T13:08:59.000,DOMINJ - (C) =,2026-07-18 13:08:59
39.1020940000598,-84.513329,2026-07-18T13:14:30.000,CHESTPN - 10D1 NOT ALERT,2026-07-18 13:14:30
39.1452320000597,-84.424952,2026-07-18T13:17:53.000,PERDWN - 32B2 MEDICAL ALARM,2026-07-18 13:17:53
39.1311920000597,-84.610562,2026-07-18T13:22:11.000,PERDWN - 32B1 PT MOV/TALK,2026-07-18 13:22:11
39.1164100000598,-84.519271,2026-07-18T13:26:39.000,FAINT - 31A1,2026-07-18 13:26:39
39.1314260000598,-84.609689,2026-07-18T13:38:28.000,FAINT - 31D4 NOT ALERT,2026-07-18 13:38:28
39.1150860000597,-84.573963,2026-07-18T13:44:52.000,BLEED - 21D3 NOT ALERT,2026-07-18 13:44:52
39.1463030000598,-84.494324,2026-07-18T13:46:52.000,ASSLTI - (C) =,2026-07-18 13:46:52
39.1864200000597,-84.437296,2026-07-18T13:54:55.000,SUIC - (C)(V)(W) 25B2B BLEED,2026-07-18 13:54:55
39.1887890000597,-84.486084,2026-07-18T13:58:41.000,SICK - 26D1 NOT ALERT,2026-07-18 13:58:41
39.1500960000598,-84.49195,2026-07-18T14:06:57.000,EMS,2026-07-18 14:06:57
39.1264380000597,-84.488791,2026-07-18T14:13:34.000,SICK - 26A8 PAIN,2026-07-18 14:13:34
39.1433470000597,-84.55317,2026-07-18T14:17:16.000,DOMINJ - (C) =,2026-07-18 14:17:16
39.2007970000597,-84.456803,2026-07-18T14:23:32.000,FAINT - 31D4 NOT ALERT,2026-07-18 14:23:32
39.1158700000597,-84.580157,2026-07-18T14:25:48.000,FALL - 17A2,2026-07-18 14:25:48
39.2026590000597,-84.545353,2026-07-18T14:27:09.000,DIABETIC - 13A1,2026-07-18 14:27:09
39.1402490000597,-84.515517,2026-07-18T14:29:57.000,=EMS1 - ALS1 RESPONSE,2026-07-18 14:29:57
39.1107240000598,-84.526926,2026-07-18T14:30:36.000,CHESTPN - 10C3,2026-07-18 14:30:36
39.1468620000597,-84.582199,2026-07-18T14:31:16.000,"BLEED - 21D4T DANGEROUS, TRAUM",2026-07-18 14:31:16
39.1339680000597,-84.531121,2026-07-18T14:39:41.000,=PERDWN,2026-07-18 14:39:41
39.1046820000598,-84.513577,2026-07-18T14:47:01.000,SICK - 26A8 PAIN,2026-07-18 14:47:01
39.1123670000598,-84.528884,2026-07-18T14:47:55.000,FALL - 17A2,2026-07-18 14:47:55
39.1092140000598,-84.576137,2026-07-18T14:50:30.000,FALL - 17B1,2026-07-18 14:50:30
39.1795620000597,-84.464755,2026-07-18T15:05:04.000,FALL - 17B4,2026-07-18 15:05:04
39.1604630000597,-84.504469,2026-07-18T15:18:55.000,BREATH - 6D2,2026-07-18 15:18:55
39.1772250000597,-84.437402,2026-07-18T15:19:41.000,LIFT - 53A2,2026-07-18 15:19:41
39.1260810000597,-84.500997,2026-07-18T15:24:49.000,SICK - 26A8 PAIN,2026-07-18 15:24:49
39.1614540000597,-84.498011,2026-07-18T15:26:51.000,CHESTPN - 10D4 CLAMMY,2026-07-18 15:26:51
39.1447510000597,-84.568497,2026-07-18T15:28:55.000,BLEED - 21B1 DANGEROUS,2026-07-18 15:28:55
39.0954900000598,-84.50978,2026-07-18T15:40:32.000,PERDWN - 32D1 UNKNOWN,2026-07-18 15:40:32
39.1344100000597,-84.505078,2026-07-18T15:41:12.000,BREATH - 6D2A ASTHMA,2026-07-18 15:41:12
39.1259730000598,-84.502797,2026-07-18T15:45:28.000,FALL - 17B1,2026-07-18 15:45:28
39.1086480000598,-84.508126,2026-07-18T15:52:23.000,FALL - 17B1,2026-07-18 15:52:23
39.1336570000597,-84.500968,2026-07-18T15:52:33.000,EYEPRB - 16A1 MODERATE,2026-07-18 15:52:33
39.1605180000597,-84.426693,2026-07-18T16:01:21.000,BREATH - 6D2,2026-07-18 16:01:21
39.1426430000598,-84.406679,2026-07-18T16:03:40.000,STROKE - 28C1 NOT ALERT,2026-07-18 16:03:40
39.0994350000598,-84.510042,2026-07-18T16:32:08.000,=EMS1 - ALS1 RESPONSE,2026-07-18 16:32:08
39.1563780000598,-84.602328,2026-07-18T16:36:52.000,FALL - 17D5 SOB,2026-07-18 16:36:52
39.1308750000597,-84.594778,2026-07-18T16:55:00.000,HEARTPRB - 19C2 ABNORM BREATH,2026-07-18 16:55:00
39.1318900000597,-84.586888,2026-07-18T17:12:09.000,CHESTPN - 10C1 ABNORMAL BREATH,2026-07-18 17:12:09
39.1404600000598,-84.493986,2026-07-18T17:17:35.000,CHESTPN - 10C3,2026-07-18 17:17:35
39.2158310000597,-84.481226,2026-07-18T17:21:26.000,FAINT - 31A2,2026-07-18 17:21:26
39.1330050000598,-84.56983,2026-07-18T17:25:47.000,LIFT - 17A4,2026-07-18 17:25:47
39.1615050000597,-84.412691,2026-07-18T17:27:54.000,EMS,2026-07-18 17:27:54
39.1944300000597,-84.47008,2026-07-18T17:27:56.000,SEIZURE - 12B1,2026-07-18 17:27:56
39.1954800000597,-84.46996,2026-07-18T17:30:52.000,FAINT - 31D3,2026-07-18 17:30:52
39.1206680000598,-84.486009,2026-07-18T17:36:29.000,FALL - 17C2 FAINTING,2026-07-18 17:36:29
39.1091430000598,-84.688483,2026-07-18T17:39:19.000,FALL - 17B3 STAIRS,2026-07-18 17:39:19
39.1474050000598,-84.558928,2026-07-18T17:50:38.000,CHESTPN - 10D2 DIFF SPEAKING,2026-07-18 17:50:38
39.1783900000597,-84.462271,2026-07-18T17:51:10.000,BLEED - 21B1 DANGEROUS,2026-07-18 17:51:10
39.1809230000597,-84.510559,2026-07-18T17:52:43.000,BREATH - 6D4A ASTHMA,2026-07-18 17:52:43
39.1978850000597,-84.480292,2026-07-18T17:59:46.000,ARREST - 9E1 NOT BREATHING,2026-07-18 17:59:46
39.1078300000598,-84.50792,2026-07-18T18:10:42.000,=EMS2 - ALS2 RESPONSE,2026-07-18 18:10:42
39.0988880000598,-84.52601,2026-07-18T18:14:44.000,FAINT - 31A3,2026-07-18 18:14:44
39.1723390000597,-84.437876,2026-07-18T18:18:32.000,SICK - 26C2 ABNORMAL BREATH,2026-07-18 18:18:32
39.1453520000597,-84.423702,2026-07-18T18:23:32.000,FALL - 17A2,2026-07-18 18:23:32
39.2025580000597,-84.461364,2026-07-18T18:50:47.000,SICK - 26C1 ALTERED LOC,2026-07-18 18:50:47
39.1942730000597,-84.456306,2026-07-18T18:57:10.000,CHESTPN - 10C1 ABNORMAL BREATH,2026-07-18 18:57:10
39.1113260000598,-84.512423,2026-07-18T19:03:15.000,FALL - 17D4 NOT ALERT,2026-07-18 19:03:15
39.1451360000598,-84.413908,2026-07-18T19:13:46.000,FAINT - 31A1,2026-07-18 19:13:46
39.1201980000598,-84.491055,2026-07-18T19:23:21.000,FAINT - 31C3 ABDOMINAL PAIN,2026-07-18 19:23:21
39.1438160000598,-84.464039,2026-07-18T19:25:32.000,ARREST - 9E1 NOT BREATHING,2026-07-18 19:25:32
39.1750910000597,-84.511971,2026-07-18T19:26:50.000,SEIZURE - 12D2 MULTIPLE,2026-07-18 19:26:50
39.1015770000598,-84.509648,2026-07-18T19:27:51.000,EMS,2026-07-18 19:27:51
39.1160750000598,-84.515063,2026-07-18T19:29:20.000,BLEED - 21D4 DANGEROUS BLEED,2026-07-18 19:29:20
39.1607150000597,-84.422864,2026-07-18T19:30:04.000,PERDWN - 32B4 LANGUAGE BARRIER,2026-07-18 19:30:04
39.1778830000597,-84.478611,2026-07-18T19:32:12.000,ALRGY - 2C1 DIFF BREATHING,2026-07-18 19:32:12
39.1676590000597,-84.470752,2026-07-18T19:32:39.000,EMS,2026-07-18 19:32:39
39.1519140000597,-84.429981,2026-07-18T19:35:32.000,EMS,2026-07-18 19:35:32
39.1139050000598,-84.572846,2026-07-18T19:38:22.000,SICK - 26A1,2026-07-18 19:38:22
39.1152480000597,-84.529259,2026-07-18T19:50:15.000,BREATH - 6D1E NOT ALERT,2026-07-18 19:50:15
39.1296160000597,-84.594218,2026-07-18T20:00:06.000,BREATH - 6D2E EMPHYSEMA,2026-07-18 20:00:06
39.1591120000597,-84.557719,2026-07-18T20:00:13.000,FAINT - 31A3,2026-07-18 20:00:13
39.1918560000597,-84.457929,2026-07-18T20:09:35.000,LIFT - 17A4,2026-07-18 20:09:35
39.1722240000597,-84.543448,2026-07-18T20:21:28.000,FAINT - 31D3,2026-07-18 20:21:28
39.1725440000597,-84.542408,2026-07-18T20:21:52.000,FAINT - 31D2 ABNORMAL BREATH,2026-07-18 20:21:52
39.1072530000598,-84.531047,2026-07-18T20:25:11.000,BREATH - 6D2A ASTHMA,2026-07-18 20:25:11
39.1047910000598,-84.520685,2026-07-18T20:26:50.000,CHESTPN - 10D4 CLAMMY,2026-07-18 20:26:50
39.1479490000598,-84.42747,2026-07-18T20:29:23.000,CHESTPN - 10C1 ABNORMAL BREATH,2026-07-18 20:29:23
39.1205720000598,-84.527445,2026-07-18T20:33:42.000,OD - (C) 23D2A ACCIDENTAL,2026-07-18 20:33:42
39.2040770000597,-84.454929,2026-07-18T20:40:12.000,FALL - 17D4 NOT ALERT,2026-07-18 20:40:12
39.1940420000597,-84.576114,2026-07-18T20:42:15.000,SICK - 26A10 UNWELL,2026-07-18 20:42:15
39.1942520000597,-84.577494,2026-07-18T20:42:43.000,BLEED - 21B1 DANGEROUS,2026-07-18 20:42:43
39.1099260000598,-84.564696,2026-07-18T20:48:55.000,PERDWN - 32D1 UNKNOWN,2026-07-18 20:48:55
39.1294740000598,-84.429784,2026-07-18T21:04:17.000,FALL - 17D4 NOT ALERT,2026-07-18 21:04:17
39.1818190000597,-84.545195,2026-07-18T21:09:22.000,FALL - 17D4 NOT ALERT,2026-07-18 21:09:22
39.1342070000597,-84.496027,2026-07-18T21:17:41.000,FAINT - 31E1 INEFF BREATHING,2026-07-18 21:17:41
39.0891230000598,-84.569575,2026-07-18T21:38:09.000,SICK - 26C2 ABNORMAL BREATH,2026-07-18 21:38:09
39.0994080000598,-84.507868,2026-07-18T21:45:57.000,PERDWN - 32D1 UNKNOWN,2026-07-18 21:45:57
39.2010830000597,-84.541377,2026-07-18T21:58:39.000,PERDWN - 32B1 PT MOV/TALK,2026-07-18 21:58:39
39.1012380000598,-84.510992,2026-07-18T21:59:57.000,EMS,2026-07-18 21:59:57
39.0997880000598,-84.52697,2026-07-18T22:03:48.000,OD - (C) 23C2,2026-07-18 22:03:48
39.1282850000598,-84.591295,2026-07-18T22:10:43.000,EMS,2026-07-18 22:10:43
39.1552060000597,-84.553781,2026-07-18T22:16:59.000,FALL - 17B1,2026-07-18 22:16:59
39.1135080000597,-84.573968,2026-07-18T22:25:45.000,BURN - 7A5 NON RECENT,2026-07-18 22:25:45
39.1342400000598,-84.570843,2026-07-18T22:50:38.000,BREATH - 6D1 NOT ALERT,2026-07-18 22:50:38
39.1037490000597,-84.514325,2026-07-18T23:08:41.000,"BLEED - 21B2T SERIOUS, TRAUMA",2026-07-18 23:08:41
39.1132740000598,-84.531601,2026-07-18T23:11:43.000,EMS,2026-07-18 23:11:43
39.1185800000598,-84.52185,2026-07-18T23:12:52.000,SEIZURE - 12A2,2026-07-18 23:12:52
39.0970740000598,-84.508206,2026-07-18T23:14:33.000,FAINT - 31A3,2026-07-18 23:14:33
39.0979410000598,-84.50914,2026-07-18T23:21:19.000,EMS,2026-07-18 23:21:19
39.1088490000597,-84.597309,2026-07-18T23:34:22.000,BREATH - 6C1,2026-07-18 23:34:22
39.1162520000597,-84.513483,2026-07-18T23:45:55.000,PERDWN - 32B3 UNKNOWN,2026-07-18 23:45:55
39.1151420000597,-84.514933,2026-07-18T23:45:57.000,SEIZURE - 12A1,2026-07-18 23:45:57
39.1378420000597,-84.547497,2026-07-18T23:46:30.000,PERDWN - 32D1 UNKNOWN,2026-07-18 23:46:30
39.1822430000597,-84.510752,2026-07-18T23:51:10.000,BREATH - 6C1,2026-07-18 23:51:10
39.1832680000597,-84.559797,2026-07-18T23:56:26.000,=EMS - (C),2026-07-18 23:56:26
39.1222500000598,-84.58377,2026-07-18T23:58:46.000,EMS,2026-07-18 23:58:46
39.1425050000598,-84.462877,2026-07-19T00:18:48.000,=EMS1 - ALS1 RESPONSE,2026-07-19 00:18:48
39.1345110000597,-84.574173,2026-07-19T00:24:28.000,SEIZURE - 12D4,2026-07-19 00:24:28
39.1372740000597,-84.522882,2026-07-19T00:24:49.000,BREATH - 6D2E EMPHYSEMA,2026-07-19 00:24:49
39.1428750000597,-84.581716,2026-07-19T00:25:21.000,FAINT - 31D2 ABNORMAL BREATH,2026-07-19 00:25:21
39.1212430000598,-84.584023,2026-07-19T00:32:46.000,DOMINJ - (C) =,2026-07-19 00:32:46
39.1618830000597,-84.406846,2026-07-19T00:49:15.000,BREATH - 6D2,2026-07-19 00:49:15
39.1160390000598,-84.518115,2026-07-19T01:28:22.000,SICK - 26D1 NOT ALERT,2026-07-19 01:28:22
39.1083730000598,-84.530007,2026-07-19T01:29:39.000,BREATH - 6D2A ASTHMA,2026-07-19 01:29:39
39.1601930000597,-84.39954,2026-07-19T01:32:07.000,CHESTPN - 10C3,2026-07-19 01:32:07
39.1817600000597,-84.54546,2026-07-19T01:32:16.000,FALL - 17A2,2026-07-19 01:32:16
39.0988250000598,-84.502422,2026-07-19T01:33:48.000,ABDOM - 1C5,2026-07-19 01:33:48
39.1521630000598,-84.409141,2026-07-19T01:44:02.000,LIFT - 17A4,2026-07-19 01:44:02
39.1226350000597,-84.520969,2026-07-19T01:45:11.000,CHESTPN - 10D4 CLAMMY,2026-07-19 01:45:11
39.1381180000597,-84.457011,2026-07-19T02:11:48.000,SICK - 26C2 ABNORMAL BREATH,2026-07-19 02:11:48
39.1064450000598,-84.509765,2026-07-19T02:15:04.000,BLEED - 21B1 DANGEROUS,2026-07-19 02:15:04
39.1497700000597,-84.490843,2026-07-19T02:16:23.000,PREG - 24D3 IMMINENT,2026-07-19 02:16:23
39.0986340000598,-84.525217,2026-07-19T02:25:43.000,ASSLTI - (C) =,2026-07-19 02:25:43
39.1285700000597,-84.518613,2026-07-19T02:26:54.000,EMS,2026-07-19 02:26:54
39.1000450000598,-84.515579,2026-07-19T02:27:44.000,BREATH - 6D1 NOT ALERT,2026-07-19 02:27:44
39.2171330000597,-84.484242,2026-07-19T02:28:31.000,SICK - 26A10 UNWELL,2026-07-19 02:28:31
39.1463730000597,-84.467446,2026-07-19T02:29:11.000,BREATH - 6C1,2026-07-19 02:29:11
39.1447800000597,-84.55176,2026-07-19T02:58:09.000,FALL - 17D6 LONG,2026-07-19 02:58:09
39.1323550000597,-84.586454,2026-07-19T03:03:04.000,CHESTPN - 10C3,2026-07-19 03:03:04
39.2162320000597,-84.484221,2026-07-19T03:04:49.000,ASSLTI - (C) =,2026-07-19 03:04:49
39.1617250000597,-84.408904,2026-07-19T03:19:10.000,SICK - 26A8 PAIN,2026-07-19 03:19:10
39.1009860000598,-84.500211,2026-07-19T03:19:31.000,BREATH - 6D1 NOT ALERT,2026-07-19 03:19:31
39.1607950000597,-84.473866,2026-07-19T03:20:28.000,LIFT - 17A4,2026-07-19 03:20:28
39.1300090000597,-84.430576,2026-07-19T03:46:37.000,=EMS - (C),2026-07-19 03:46:37
39.1546850000597,-84.598238,2026-07-19T04:26:19.000,FAINT - 31D4 NOT ALERT,2026-07-19 04:26:19
39.1801700000597,-84.4192,2026-07-19T04:31:59.000,HEAT/COLD - 20C1 CARDIAC HX,2026-07-19 04:31:59
39.1466880000597,-84.497093,2026-07-19T04:57:32.000,PERDWN - 32B2 MEDICAL ALARM,2026-07-19 04:57:32
39.1948900000597,-84.481238,2026-07-19T04:58:16.000,STROKE - 28C4 SIDE WEAKNESS,2026-07-19 04:58:16
39.1578300000597,-84.479009,2026-07-19T05:07:34.000,PERDWN - 32D1 UNKNOWN,2026-07-19 05:07:34
39.1284120000597,-84.518152,2026-07-19T05:10:30.000,EMS,2026-07-19 05:10:30
39.1413880000597,-84.421873,2026-07-19T05:17:59.000,PERDWN - 32B3 UNKNOWN,2026-07-19 05:17:59
39.1271050000597,-84.57526,2026-07-19T05:41:49.000,CHESTPN - 10C3,2026-07-19 05:41:49
39.1476290000597,-84.567568,2026-07-19T06:04:45.000,CHESTPN - 10D4 CLAMMY,2026-07-19 06:04:45
39.1091750000598,-84.508789,2026-07-19T06:07:00.000,=ASSLTI - (C),2026-07-19 06:07:00
39.1917680000597,-84.512474,2026-07-19T06:23:42.000,SICK - 26D1 NOT ALERT,2026-07-19 06:23:42
39.1300060000598,-84.598983,2026-07-19T06:26:51.000,BREATH - 6E1 INEFFECT BREATH,2026-07-19 06:26:51
39.1178140000598,-84.497663,2026-07-19T06:40:47.000,ASSLTI - (C) =,2026-07-19 06:40:47
39.2159820000597,-84.484244,2026-07-19T06:41:10.000,LIFT - 17A4,2026-07-19 06:41:10
39.1729110000597,-84.430221,2026-07-19T06:55:40.000,FALL - 17C2 FAINTING,2026-07-19 06:55:40
39.1134360000598,-84.586463,2026-07-19T07:04:06.000,PERDWN - 32D1 UNKNOWN,2026-07-19 07:04:06
39.1081780000598,-84.527413,2026-07-19T07:17:52.000,SICK - 26D1 NOT ALERT,2026-07-19 07:17:52
39.1709680000597,-84.540219,2026-07-19T07:38:48.000,ARREST - 9E1 NOT BREATHING,2026-07-19 07:38:48
39.1539840000597,-84.534075,2026-07-19T07:44:39.000,LIFT - 17A4,2026-07-19 07:44:39
39.1993010000597,-84.455836,2026-07-19T07:59:27.000,LIFT - 17A4,2026-07-19 07:59:27
39.1009740000597,-84.509987,2026-07-19T08:03:45.000,CHESTPN - 10C1 ABNORMAL BREATH,2026-07-19 08:03:45
39.1000630000598,-84.511353,2026-07-19T08:05:31.000,=EMS - (C),2026-07-19 08:05:31
39.1421310000598,-84.520716,2026-07-19T08:10:28.000,SICK - 26A11 VOMITING,2026-07-19 08:10:28
39.1125340000597,-84.526905,2026-07-19T08:13:55.000,BREATH - 6D2,2026-07-19 08:13:55
39.1773200000597,-84.54686,2026-07-19T08:20:16.000,SEIZURE - 12A2,2026-07-19 08:20:16
39.1606930000597,-84.407446,2026-07-19T08:26:43.000,SICK - 26C1 ALTERED LOC,2026-07-19 08:26:43
39.1497470000597,-84.507045,2026-07-19T08:30:59.000,SEIZURE - 12D2 MULTIPLE,2026-07-19 08:30:59
39.1731980000597,-84.461319,2026-07-19T08:38:03.000,ABDOM - 1C6,2026-07-19 08:38:03
39.1058990000598,-84.560617,2026-07-19T08:41:57.000,FALL - 17B4,2026-07-19 08:41:57
39.1021000000598,-84.431425,2026-07-19T08:44:53.000,PERDWN - 32D1 UNKNOWN,2026-07-19 08:44:53
39.1048990000598,-84.560507,2026-07-19T08:52:33.000,FALL - 17B1,2026-07-19 08:52:33
39.1930850000597,-84.423745,2026-07-19T08:56:08.000,BREATH - 6C1,2026-07-19 08:56:08
39.1176680000598,-84.53616,2026-07-19T09:16:21.000,CHESTPN - 10C1 ABNORMAL BREATH,2026-07-19 09:16:21
39.1525300000597,-84.535356,2026-07-19T09:21:35.000,DOMINJ - (C) =,2026-07-19 09:21:35
39.1985910000597,-84.456756,2026-07-19T09:31:48.000,SICK - 26A8 PAIN,2026-07-19 09:31:48
39.1605100000597,-84.403242,2026-07-19T09:51:41.000,PERDWN - 32D1 UNKNOWN,2026-07-19 09:51:41
39.1530490000598,-84.589089,2026-07-19T09:54:45.000,SICK - 26C2 ABNORMAL BREATH,2026-07-19 09:54:45
39.0984120000598,-84.503151,2026-07-19T09:57:00.000,PERDWN - 32D1 UNKNOWN,2026-07-19 09:57:00
39.1015840000598,-84.553469,2026-07-19T10:03:13.000,SICK - 26A7 IMMOBILE,2026-07-19 10:03:13
39.1151120000598,-84.439206,2026-07-19T10:21:23.000,STROKE - 28C1F CLEAR EVIDENCE,2026-07-19 10:21:23
39.0847180000598,-84.387955,2026-07-19T10:36:53.000,FAINT - 31C1 ABNORMAL BREATH,2026-07-19 10:36:53
39.1060810000598,-84.552347,2026-07-19T10:53:18.000,PERDWN - 32B1 PT MOV/TALK,2026-07-19 10:53:18
39.1668150000597,-84.388795,2026-07-19T10:56:32.000,SICK - 26C1 ALTERED LOC,2026-07-19 10:56:32
39.1259850000597,-84.501777,2026-07-19T11:18:53.000,BLEED - 21A1,2026-07-19 11:18:53
39.1823100000597,-84.566101,2026-07-19T11:23:07.000,ABDOM - 1A1,2026-07-19 11:23:07
39.1486990000597,-84.572257,2026-07-19T11:23:53.000,SICK - 26C1 ALTERED LOC,2026-07-19 11:23:53
39.1504140000597,-84.485561,2026-07-19T11:35:53.000,FAINT - 31D1 AGONAL BREATHING,2026-07-19 11:35:53
39.1603960000597,-84.424092,2026-07-19T11:36:10.000,EMS,2026-07-19 11:36:10
39.1473380000598,-84.56762,2026-07-19T11:38:23.000,FAINT - 31D4 NOT ALERT,2026-07-19 11:38:23
39.1547400000597,-84.403111,2026-07-19T11:40:57.000,BREATH - 6D1 NOT ALERT,2026-07-19 11:40:57
39.1322990000597,-84.488118,2026-07-19T11:46:16.000,SICK - 26C1 ALTERED LOC,2026-07-19 11:46:16
39.1913940000597,-84.458663,2026-07-19T11:57:27.000,FALL - 17D4 NOT ALERT,2026-07-19 11:57:27
39.1548070000597,-84.562422,2026-07-19T11:58:02.000,SICK - 26O9 CUT RING,2026-07-19 11:58:02
39.1213550000597,-84.529446,2026-07-19T12:13:18.000,DOMINJ - (C) =,2026-07-19 12:13:18
39.1173040000598,-84.599755,2026-07-19T12:15:18.000,EMS,2026-07-19 12:15:18
39.1040460000597,-84.515016,2026-07-19T12:29:09.000,DIABETIC - 13C3,2026-07-19 12:29:09
39.1370300000598,-84.476973,2026-07-19T12:43:31.000,FAINT - 31D4 NOT ALERT,2026-07-19 12:43:31
39.1210490000598,-84.413912,2026-07-19T12:43:59.000,CHESTPN - 10D1 NOT ALERT,2026-07-19 12:43:59
39.1366500000598,-84.469991,2026-07-19T12:50:23.000,SICK - 26A8 PAIN,2026-07-19 12:50:23
39.1489440000597,-84.571395,2026-07-19T13:01:09.000,BREATH - 6D2,2026-07-19 13:01:09
39.1471230000597,-84.43273,2026-07-19T13:02:19.000,SICK - 26C1 ALTERED LOC,2026-07-19 13:02:19
39.1941760000597,-84.475023,2026-07-19T13:09:21.000,EMS - (C) =,2026-07-19 13:09:21
39.1059190000598,-84.561427,2026-07-19T13:20:29.000,ABDOM - 1A1,2026-07-19 13:20:29
39.1714880000597,-84.468412,2026-07-19T13:25:52.000,PERDWN - 32D1 UNKNOWN,2026-07-19 13:25:52
39.1436160000598,-84.520324,2026-07-19T13:32:52.000,PERDWN - 32D1 UNKNOWN,2026-07-19 13:32:52
39.1416670000597,-84.551534,2026-07-19T13:37:12.000,ABDOM - 1A1,2026-07-19 13:37:12
39.1647500000597,-84.553196,2026-07-19T13:47:32.000,CHESTPN - 10D1 NOT ALERT,2026-07-19 13:47:32
39.1271670000598,-84.491484,2026-07-19T13:56:09.000,CHESTPN - 10D1 NOT ALERT,2026-07-19 13:56:09
39.1403400000597,-84.571845,2026-07-19T13:56:11.000,SICK - 26A11 VOMITING,2026-07-19 13:56:11
39.1940280000597,-84.540257,2026-07-19T14:01:15.000,CHESTPN - 10C1 ABNORMAL BREATH,2026-07-19 14:01:15
39.1529130000598,-84.409041,2026-07-19T14:09:26.000,BREATH - 6D4A ASTHMA,2026-07-19 14:09:26
39.1012830000598,-84.512268,2026-07-19T14:09:30.000,=EMS2 - ALS2 RESPONSE,2026-07-19 14:09:30
39.1008230000598,-84.512245,2026-07-19T14:10:59.000,FALL - 17C2 FAINTING,2026-07-19 14:10:59
39.1885820000597,-84.514339,2026-07-19T14:19:29.000,PERDWN - 32D1 UNKNOWN,2026-07-19 14:19:29
39.1016530000598,-84.513518,2026-07-19T14:23:03.000,=EMS2 - ALS2 RESPONSE,2026-07-19 14:23:03
39.1345980000597,-84.531741,2026-07-19T14:23:46.000,=EMS2 - ALS2 RESPONSE,2026-07-19 14:23:46
39.1901500000597,-84.510172,2026-07-19T14:25:27.000,DOMINJ - (C) =,2026-07-19 14:25:27
39.1069400000598,-84.50945,2026-07-19T14:27:47.000,SICK - 26A1,2026-07-19 14:27:47
39.1651030000597,-84.541576,2026-07-19T14:43:24.000,PREG - 24C4 ABDOMINAL PAIN,2026-07-19 14:43:24
39.1791470000597,-84.478117,2026-07-19T14:55:41.000,FAINT - 31D4 NOT ALERT,2026-07-19 14:55:41
39.1430020000597,-84.519037,2026-07-19T15:04:51.000,SICK - 26A11 VOMITING,2026-07-19 15:04:51
39.1441620000597,-84.52071,2026-07-19T15:04:59.000,PERDWN - 32B1 PT MOV/TALK,2026-07-19 15:04:59
39.1434820000597,-84.52033,2026-07-19T15:06:27.000,PERDWN - 32B1 PT MOV/TALK,2026-07-19 15:06:27
39.1475010000597,-84.532363,2026-07-19T15:17:58.000,PERDWN - 32D1 UNKNOWN,2026-07-19 15:17:58
39.1439740000597,-84.518458,2026-07-19T15:27:54.000,=EMS1 - ALS1 RESPONSE,2026-07-19 15:27:54
39.1486980000598,-84.552318,2026-07-19T15:32:52.000,PERDWN - 32B2 MEDICAL ALARM,2026-07-19 15:32:52
39.1321710000597,-84.460293,2026-07-19T15:54:38.000,ALRGY - 2C1 DIFF BREATHING,2026-07-19 15:54:38
39.1406710000598,-84.513494,2026-07-19T15:57:47.000,LIFT - 17A4,2026-07-19 15:57:47
39.1979900000597,-84.563496,2026-07-19T16:00:08.000,BREATH - 6E1A ASTHMA,2026-07-19 16:00:08
39.1485970000597,-84.50893,2026-07-19T16:03:34.000,=EMS1 - ALS1 RESPONSE,2026-07-19 16:03:34
39.1793120000597,-84.559885,2026-07-19T16:17:00.000,BLEED - 21D3 NOT ALERT,2026-07-19 16:17:00
39.1225080000598,-84.501437,2026-07-19T16:33:56.000,LIFT - 17A4,2026-07-19 16:33:56
39.1150970000598,-84.575075,2026-07-19T16:42:19.000,DOMINJ - (C) =,2026-07-19 16:42:19
39.1283620000597,-84.597921,2026-07-19T16:47:57.000,FAINT - 31C1 ABNORMAL BREATH,2026-07-19 16:47:57
39.0903750000598,-84.390569,2026-07-19T17:33:44.000,=PERDWN,2026-07-19 17:33:44
39.1033570000597,-84.562203,2026-07-19T17:41:30.000,BLEED - 21D4 DANGEROUS BLEED,2026-07-19 17:41:30
39.1372480000598,-84.538164,2026-07-19T17:46:49.000,BREATH - 6D2,2026-07-19 17:46:49
39.1184190000598,-84.697454,2026-07-19T17:53:09.000,SICK - 26C2 ABNORMAL BREATH,2026-07-19 17:53:09
39.1153970000598,-84.575055,2026-07-19T17:55:12.000,=ASSLTI - (C),2026-07-19 17:55:12
39.1341690000597,-84.425481,2026-07-19T17:56:57.000,DIABETIC - 13C1 NOT ALERT,2026-07-19 17:56:57
39.1609880000597,-84.504868,2026-07-19T17:58:49.000,PERDWN - 32B1 PT MOV/TALK,2026-07-19 17:58:49
39.1847450000597,-84.410025,2026-07-19T17:59:58.000,SICK - 26A8 PAIN,2026-07-19 17:59:58
39.1385830000597,-84.496233,2026-07-19T18:02:24.000,PERDWN - 32D1 UNKNOWN,2026-07-19 18:02:24
39.1298600000597,-84.476376,2026-07-19T18:11:05.000,SICK - 26C2 ABNORMAL BREATH,2026-07-19 18:11:05
39.1103260000598,-84.51581,2026-07-19T18:11:13.000,EMS,2026-07-19 18:11:13
39.1144640000598,-84.517656,2026-07-19T18:12:16.000,EMS,2026-07-19 18:12:16
39.1435680000597,-84.520526,2026-07-19T18:13:05.000,FAINT - 31D4 NOT ALERT,2026-07-19 18:13:05
39.0970130000598,-84.563605,2026-07-19T18:15:41.000,SICK - 26C2 ABNORMAL BREATH,2026-07-19 18:15:41
39.1325400000598,-84.571673,2026-07-19T18:37:32.000,SEIZURE - 12D4,2026-07-19 18:37:32
39.1520090000597,-84.533858,2026-07-19T18:38:42.000,SICK - 26A8 PAIN,2026-07-19 18:38:42
39.1649510000597,-84.552959,2026-07-19T18:44:02.000,SICK - 26A11 VOMITING,2026-07-19 18:44:02
39.1316900000598,-84.593854,2026-07-19T18:44:43.000,DIABETIC - 13A1,2026-07-19 18:44:43
39.1582580000597,-84.432016,2026-07-19T18:46:20.000,ASSLTI - (C) =,2026-07-19 18:46:20
39.1487170000598,-84.490135,2026-07-19T18:52:13.000,OD - (C) 23C2A ACCIDENTAL,2026-07-19 18:52:13
39.1312500000597,-84.530689,2026-07-19T18:59:42.000,"FUMES - 66C4 SICK, OUTSIDE",2026-07-19 18:59:42
39.1446420000597,-84.485312,2026-07-19T19:04:04.000,"PREG - 24D3C IMMINENT, PRETERM",2026-07-19 19:04:04
39.1301410000598,-84.615229,2026-07-19T19:06:31.000,PERDWN - 32D1 UNKNOWN,2026-07-19 19:06:31
39.1093680000597,-84.51461,2026-07-19T19:07:07.000,PERDWN - 32D1 UNKNOWN,2026-07-19 19:07:07
39.1614690000597,-84.381663,2026-07-19T19:22:51.000,FALL - 17B1,2026-07-19 19:22:51
39.1307060000598,-84.598273,2026-07-19T19:37:59.000,BLEED - 21C2 DIALYSIS FISTULA,2026-07-19 19:37:59
39.1363840000597,-84.529291,2026-07-19T19:38:36.000,FALL - 17A2,2026-07-19 19:38:36
39.1261320000597,-84.707671,2026-07-19T19:51:37.000,FAINT - 31D4 NOT ALERT,2026-07-19 19:51:37
39.1372570000597,-84.471593,2026-07-19T19:56:13.000,INJF - 30D4 DIFF BREATHING,2026-07-19 19:56:13
39.1168220000597,-84.432092,2026-07-19T19:58:44.000,EMS,2026-07-19 19:58:44
39.1134500000598,-84.576918,2026-07-19T19:58:53.000,PERDWN - 32D1 UNKNOWN,2026-07-19 19:58:53
39.1050780000598,-84.519038,2026-07-19T20:15:44.000,SICK - 26A8 PAIN,2026-07-19 20:15:44
39.1834560000597,-84.566815,2026-07-19T20:15:51.000,BREATH - 6D2O,2026-07-19 20:15:51
39.1334150000597,-84.485691,2026-07-19T20:16:46.000,BLEED - 21A1,2026-07-19 20:16:46
39.1241470000597,-84.575157,2026-07-19T20:18:47.000,ASSLTI - (C) =,2026-07-19 20:18:47
39.1340600000597,-84.527534,2026-07-19T20:27:22.000,SICK - 26A6 NAUSEA,2026-07-19 20:27:22
39.1577490000597,-84.52543,2026-07-19T20:28:47.000,CHESTPN - 10C3,2026-07-19 20:28:47
39.1350310000598,-84.487831,2026-07-19T20:31:28.000,ABDOM - 1D1 NOT ALERT,2026-07-19 20:31:28
39.1512330000598,-84.409201,2026-07-19T21:19:49.000,SICK - 26A2 ABNORMAL BP,2026-07-19 21:19:49
39.1229400000598,-84.500462,2026-07-19T21:19:52.000,OD - (C) 23C2A ACCIDENTAL,2026-07-19 21:19:52
39.1513890000597,-84.408622,2026-07-19T21:24:12.000,BREATH - 6D2O,2026-07-19 21:24:12
39.1717390000597,-84.51142,2026-07-19T21:46:25.000,PERDWN - 32D1 UNKNOWN,2026-07-19 21:46:25
39.1251810000598,-84.491234,2026-07-19T21:49:10.000,DOMINJ - (C) =,2026-07-19 21:49:10
39.1082880000597,-84.513702,2026-07-19T21:51:24.000,ABDOM - 1D1 NOT ALERT,2026-07-19 21:51:24
39.1905030000597,-84.462183,2026-07-19T21:51:53.000,BREATH - 6D2,2026-07-19 21:51:53
39.1513880000597,-84.386241,2026-07-19T21:54:22.000,BLEED - 21D5 ABNORMAL BREATH,2026-07-19 21:54:22
39.1464120000597,-84.423812,2026-07-19T21:57:31.000,BREATH - 6D4E EMPHYSEMA,2026-07-19 21:57:31
39.1485620000598,-84.407302,2026-07-19T21:57:54.000,FALL - 17B1,2026-07-19 21:57:54
39.1463950000597,-84.424864,2026-07-19T22:00:13.000,=EMS2 - ALS2 RESPONSE,2026-07-19 22:00:13
39.1152600000598,-84.527408,2026-07-19T22:00:24.000,SICK - 26A11 VOMITING,2026-07-19 22:00:24
39.1080540000598,-84.509705,2026-07-19T22:03:42.000,EMS,2026-07-19 22:03:42
39.1197850000598,-84.501925,2026-07-19T22:04:21.000,PERDWN - 32B1 PT MOV/TALK,2026-07-19 22:04:21
39.1514600000597,-84.394646,2026-07-19T22:24:34.000,CHESTPN - 10D5 CARDIAC HX,2026-07-19 22:24:34
39.1891560000597,-84.577482,2026-07-19T22:45:35.000,BREATH - 6D2A ASTHMA,2026-07-19 22:45:35
39.1728710000597,-84.429931,2026-07-19T22:52:11.000,ABDOM - 1A1,2026-07-19 22:52:11
39.1148490000598,-84.574858,2026-07-19T22:52:45.000,DOMINJ - (C) =,2026-07-19 22:52:45
39.1533710000597,-84.586259,2026-07-19T22:59:02.000,BREATH - 6D1 NOT ALERT,2026-07-19 22:59:02
39.1548040000598,-84.423469,2026-07-19T23:00:32.000,FAINT - 31A3,2026-07-19 23:00:32
39.1151690000598,-84.573778,2026-07-19T23:10:50.000,DOMINJ - (C) =,2026-07-19 23:10:50
39.1416200000597,-84.538502,2026-07-19T23:17:36.000,BREATH - 6D2A ASTHMA,2026-07-19 23:17:36
39.2138930000597,-84.531123,2026-07-19T23:18:50.000,ABDOM - 1A1,2026-07-19 23:18:50
39.2164670000597,-84.485739,2026-07-19T23:26:57.000,LIFT - 53A2,2026-07-19 23:26:57
39.1051380000597,-84.513956,2026-07-19T23:41:12.000,=EMS2 - ALS2 RESPONSE,2026-07-19 23:41:12
39.0829700000598,-84.375758,2026-07-19T23:59:00.000,ASSLTI - (C) =,2026-07-19 23:59:00
39.1940470000597,-84.459097,2026-07-20T00:05:18.000,BREATH - 6C1,2026-07-20 00:05:18
39.1152300000598,-84.520949,2026-07-20T00:06:27.000,ARREST - 9E1 NOT BREATHING,2026-07-20 00:06:27
39.1154070000598,-84.51631,2026-07-20T00:21:31.000,=DOMINJ - (C),2026-07-20 00:21:31
39.1287420000598,-84.523952,2026-07-20T00:27:10.000,SICK - 26O23 PENIS PAIN,2026-07-20 00:27:10
39.1543660000598,-84.49163,2026-07-20T00:33:45.000,SICK - 26C2 ABNORMAL BREATH,2026-07-20 00:33:45
39.1139200000598,-84.519979,2026-07-20T00:37:11.000,ABDOM - 1C6,2026-07-20 00:37:11
39.1106100000597,-84.514856,2026-07-20T00:41:23.000,=EMS1 - ALS1 RESPONSE,2026-07-20 00:41:23
39.1184020000598,-84.441179,2026-07-20T01:00:53.000,LIFT - 17A4,2026-07-20 01:00:53
39.1032720000598,-84.511879,2026-07-20T01:01:11.000,=EMS2 - ALS2 RESPONSE,2026-07-20 01:01:11
39.1039600000598,-84.512167,2026-07-20T01:03:19.000,FAINT - 31A1,2026-07-20 01:03:19
39.1512080000597,-84.554676,2026-07-20T01:33:46.000,ABDOM - 1C6,2026-07-20 01:33:46
39.1901940000597,-84.4879,2026-07-20T01:42:08.000,DOMINJ - (C) =,2026-07-20 01:42:08
39.1178860000597,-84.518077,2026-07-20T02:07:27.000,BREATH - 6C1E EMPHYSEMA,2026-07-20 02:07:27
39.2157490000597,-84.532383,2026-07-20T02:50:34.000,PERDWN - 32D1 UNKNOWN,2026-07-20 02:50:34
39.1195010000598,-84.578516,2026-07-20T02:59:22.000,ABDOM - 1A1,2026-07-20 02:59:22
39.1778270000597,-84.42803,2026-07-20T03:02:07.000,FALL - 17D6 LONG,2026-07-20 03:02:07
39.2157350000597,-84.53113,2026-07-20T03:04:25.000,PERDWN - 32B1 PT MOV/TALK,2026-07-20 03:04:25
39.1553680000597,-84.548616,2026-07-20T03:11:42.000,SICK - 26A3 VERTIGO,2026-07-20 03:11:42
39.1771600000597,-84.461501,2026-07-20T03:13:54.000,LIFT - 17A4,2026-07-20 03:13:54
39.2127030000597,-84.472609,2026-07-20T03:14:00.000,SICK - 26A1,2026-07-20 03:14:00
39.1524070000597,-84.434173,2026-07-20T03:14:12.000,EMS,2026-07-20 03:14:12
39.1274830000597,-84.502181,2026-07-20T04:18:30.000,ALRGY - 2C1 DIFF BREATHING,2026-07-20 04:18:30
39.1610090000597,-84.382672,2026-07-20T04:32:27.000,ABDOM - 1A1,2026-07-20 04:32:27
39.1040240000598,-84.569911,2026-07-20T04:49:27.000,FALL - 17A2,2026-07-20 04:49:27
39.1772670000597,-84.5482,2026-07-20T05:01:40.000,ABDOM - 1D1 NOT ALERT,2026-07-20 05:01:40
39.1274880000597,-84.48513,2026-07-20T05:47:07.000,CHESTPN - 10C3,2026-07-20 05:47:07
39.1338380000597,-84.532371,2026-07-20T06:16:34.000,CHESTPN - 10D2 DIFF SPEAKING,2026-07-20 06:16:34
39.1541380000597,-84.603678,2026-07-20T06:50:34.000,EMS - (C) =,2026-07-20 06:50:34
39.1610230000597,-84.406956,2026-07-20T07:10:38.000,SICK - 26A10 UNWELL,2026-07-20 07:10:38
39.1142500000598,-84.527348,2026-07-20T07:21:52.000,SICK - 26B1,2026-07-20 07:21:52
39.1168650000597,-84.521525,2026-07-20T07:26:34.000,PERDWN - 32D1 UNKNOWN,2026-07-20 07:26:34
39.1123550000598,-84.558739,2026-07-20T07:46:13.000,CHESTPN - 10D2 DIFF SPEAKING,2026-07-20 07:46:13
39.1271020000598,-84.497693,2026-07-20T07:46:42.000,SICK - 33A3 DIALYSIS CENTER,2026-07-20 07:46:42
39.2172660000597,-84.485457,2026-07-20T07:51:15.000,LIFT - 17A4,2026-07-20 07:51:15
39.1065860000598,-84.548643,2026-07-20T08:15:42.000,BLEED - 21D5 ABNORMAL BREATH,2026-07-20 08:15:42
39.1220030000597,-84.510159,2026-07-20T08:18:18.000,EMS - (C) =,2026-07-20 08:18:18
39.1791440000597,-84.512384,2026-07-20T08:25:15.000,BLEED - 21D4 DANGEROUS BLEED,2026-07-20 08:25:15
39.1655590000598,-84.54874,2026-07-20T08:29:34.000,=EMS1 - ALS1 RESPONSE,2026-07-20 08:29:34
39.1642130000597,-84.3977,2026-07-20T08:48:28.000,FALL - 17D4 NOT ALERT,2026-07-20 08:48:28
39.1341310000597,-84.573623,2026-07-20T08:58:29.000,SEIZURE - 12A2,2026-07-20 08:58:29
39.1164010000598,-84.573905,2026-07-20T09:06:58.000,FAINT - 31D1 AGONAL BREATHING,2026-07-20 09:06:58
39.1829560000597,-84.565105,2026-07-20T09:14:50.000,BREATH - 6D2A ASTHMA,2026-07-20 09:14:50
39.1415820000597,-84.42522,2026-07-20T09:31:14.000,EMS,2026-07-20 09:31:14
39.1147200000598,-84.518794,2026-07-20T09:35:39.000,ASSLTI - (C)(W) =,2026-07-20 09:35:39
39.1794860000597,-84.548406,2026-07-20T09:36:49.000,SICK - 26C2 ABNORMAL BREATH,2026-07-20 09:36:49
39.1443900000598,-84.557928,2026-07-20T09:37:50.000,SICK - 26A8 PAIN,2026-07-20 09:37:50
39.1158300000598,-84.518104,2026-07-20T09:38:25.000,CHESTPN - 10C3,2026-07-20 09:38:25
39.1108200000598,-84.514603,2026-07-20T09:44:52.000,PERDWN - 32D1 UNKNOWN,2026-07-20 09:44:52
39.1157500000598,-84.517424,2026-07-20T09:49:52.000,ASSLTI - (C) =,2026-07-20 09:49:52
39.1903080000597,-84.45737,2026-07-20T09:53:30.000,BREATH - 6D2,2026-07-20 09:53:30
39.1156600000598,-84.518934,2026-07-20T09:59:07.000,ASSLTI - (C) =,2026-07-20 09:59:07
39.1366840000597,-84.614146,2026-07-20T10:18:01.000,CHESTPN - 10D2 DIFF SPEAKING,2026-07-20 10:18:01
39.1769420000597,-84.46305,2026-07-20T10:19:15.000,INJF - 30D4 DIFF BREATHING,2026-07-20 10:19:15
39.1948460000597,-84.45618,2026-07-20T10:42:24.000,SUIC - (C)(W) 25B2W BLEEDING,2026-07-20 10:42:24
39.2152970000597,-84.487029,2026-07-20T10:47:47.000,LIFT - 53A2,2026-07-20 10:47:47
39.1268080000598,-84.475769,2026-07-20T10:55:47.000,BREATH - 6D2,2026-07-20 10:55:47
39.1565350000597,-84.424234,2026-07-20T10:57:27.000,INVEST - 69D3O ODOR OF SMOKE,2026-07-20 10:57:27
39.1340300000597,-84.527324,2026-07-20T11:06:57.000,BLEED - 21A1,2026-07-20 11:06:57
39.1300360000598,-84.598243,2026-07-20T11:13:58.000,ABDOM - 1C3,2026-07-20 11:13:58
39.1197210000597,-84.603808,2026-07-20T11:14:24.000,CHESTPN - 10D4 CLAMMY,2026-07-20 11:14:24
39.1124560000598,-84.530145,2026-07-20T11:16:02.000,BLEED - 21B2 SERIOUS,2026-07-20 11:16:02
39.1359050000598,-84.457025,2026-07-20T11:24:09.000,BREATH - 6D4 CLAMMY,2026-07-20 11:24:09
39.1322770000597,-84.499168,2026-07-20T11:30:17.000,CHESTPN - 10D4 CLAMMY,2026-07-20 11:30:17
39.1468280000597,-84.496843,2026-07-20T11:32:08.000,PERDWN - 32B2 MEDICAL ALARM,2026-07-20 11:32:08
39.1062110000597,-84.581653,2026-07-20T11:41:41.000,SICK - 26C2 ABNORMAL BREATH,2026-07-20 11:41:41
39.1013030000598,-84.513435,2026-07-20T11:44:59.000,SICK - 26A10 UNWELL,2026-07-20 11:44:59
39.1064700000598,-84.50898,2026-07-20T11:46:14.000,SICK - 26B1,2026-07-20 11:46:14
39.1464410000597,-84.495173,2026-07-20T11:46:39.000,SICK - 26C2 ABNORMAL BREATH,2026-07-20 11:46:39
39.1454760000597,-84.618221,2026-07-20T11:46:45.000,OD - (C) 23B1I INTENTIONAL,2026-07-20 11:46:45
39.1680540000597,-84.479155,2026-07-20T11:49:07.000,PERDWN - 32B3 UNKNOWN,2026-07-20 11:49:07
39.1271820000598,-84.497923,2026-07-20T11:59:09.000,BREATH - 33C2 ABNORMAL,2026-07-20 11:59:09
39.1833980000597,-84.40855,2026-07-20T12:04:47.000,BLEED - 21D4 DANGEROUS BLEED,2026-07-20 12:04:47
39.1453900000597,-84.458518,2026-07-20T12:05:13.000,BREATH - 33C2 ABNORMAL,2026-07-20 12:05:13
39.1170970000597,-84.514753,2026-07-20T12:05:47.000,ABDOM - 1A1,2026-07-20 12:05:47
39.1823440000597,-84.560838,2026-07-20T12:14:54.000,SICK - 26A2 ABNORMAL BP,2026-07-20 12:14:54
39.1432210000597,-84.622486,2026-07-20T12:17:18.000,PERDWN - 32B1 PT MOV/TALK,2026-07-20 12:17:18
39.1147000000598,-84.535216,2026-07-20T12:18:19.000,SICK - 26A3 VERTIGO,2026-07-20 12:18:19
39.1223090000598,-84.604502,2026-07-20T12:25:23.000,ARREST - 9E1 NOT BREATHING,2026-07-20 12:25:23
39.1630940000597,-84.538918,2026-07-20T12:30:00.000,"OD - (C) 23C1A NOT ALERT, ACC",2026-07-20 12:30:00
39.1551060000597,-84.502604,2026-07-20T12:30:35.000,BREATH - 6C1A ASTHMA,2026-07-20 12:30:35
39.1142150000598,-84.572777,2026-07-20T12:38:30.000,BLEED - 21B4 BLOOD THINNERS,2026-07-20 12:38:30
39.1723870000597,-84.466069,2026-07-20T12:41:26.000,BREATH - 6D1O NOT ALERT,2026-07-20 12:41:26
39.1540370000597,-84.604503,2026-07-20T12:43:48.000,FAINT - 31D2 ABNORMAL BREATH,2026-07-20 12:43:48
39.1551420000597,-84.54355,2026-07-20T12:45:55.000,SICK - 26D1 NOT ALERT,2026-07-20 12:45:55
39.1849180000597,-84.521923,2026-07-20T12:46:43.000,SICK - 26A2 ABNORMAL BP,2026-07-20 12:46:43
39.1295510000597,-84.612092,2026-07-20T12:50:45.000,FALL - 17B1,2026-07-20 12:50:45
39.0828910000598,-84.375091,2026-07-20T12:51:51.000,PERDWN - 32B1 PT MOV/TALK,2026-07-20 12:51:51
39.1939560000597,-84.466045,2026-07-20T12:59:35.000,FAINT - 31D4 NOT ALERT,2026-07-20 12:59:35
39.1032140000598,-84.503057,2026-07-20T13:16:43.000,ABDOM - 1A1,2026-07-20 13:16:43
39.1226700000598,-84.500392,2026-07-20T13:23:10.000,ALRGY - 2C1 DIFF BREATHING,2026-07-20 13:23:10
39.2079310000597,-84.553737,2026-07-20T13:25:30.000,CHESTPN - 10D4 CLAMMY,2026-07-20 13:25:30
39.1971530000597,-84.549599,2026-07-20T13:45:30.000,SICK - 33C1 NOT ALERT,2026-07-20 13:45:30
39.1554740000598,-84.423229,2026-07-20T13:47:12.000,SICK - 26C1 ALTERED LOC,2026-07-20 13:47:12
39.1053020000598,-84.513997,2026-07-20T13:53:45.000,PERDWN - 32B1 PT MOV/TALK,2026-07-20 13:53:45
39.1246000000598,-84.511272,2026-07-20T14:10:13.000,BLEED - 21D2 UNCONSIOUS,2026-07-20 14:10:13
39.2035470000597,-84.540073,2026-07-20T14:14:40.000,=EMS1 - ALS1 RESPONSE,2026-07-20 14:14:40
39.1873950000597,-84.415658,2026-07-20T14:20:12.000,BREATH - 6D2,2026-07-20 14:20:12
39.1636480000597,-84.514477,2026-07-20T14:22:50.000,SEIZURE - 12C3 DIABETIC,2026-07-20 14:22:50
39.1093940000598,-84.529466,2026-07-20T14:23:05.000,SEIZURE - 12A1,2026-07-20 14:23:05
39.1542180000597,-84.576303,2026-07-20T14:35:37.000,BREATH - 6C1A ASTHMA,2026-07-20 14:35:37
39.1359490000597,-84.615468,2026-07-20T14:35:42.000,FALL - 17A3 NON RECENT,2026-07-20 14:35:42
39.1301340000597,-84.431397,2026-07-20T14:50:12.000,STROKE - 28C1 NOT ALERT,2026-07-20 14:50:12
39.1963030000597,-84.549739,2026-07-20T14:53:08.000,BLEED - 33C3 SERIOUS,2026-07-20 14:53:08
39.1532250000597,-84.59778,2026-07-20T14:53:45.000,OUTDR - 67A2 ILLEGAL BURN,2026-07-20 14:53:45
39.1108830000598,-84.511625,2026-07-20T14:57:16.000,PERDWN - 32D1 UNKNOWN,2026-07-20 14:57:16
39.1469340000597,-84.502053,2026-07-20T15:05:34.000,FALL - 17B5 NON-RECENT,2026-07-20 15:05:34
39.1214450000597,-84.529937,2026-07-20T15:06:22.000,BREATH - 6D2O,2026-07-20 15:06:22
39.2030720000597,-84.544944,2026-07-20T15:07:48.000,FALL - 17D4 NOT ALERT,2026-07-20 15:07:48
39.1612830000598,-84.421537,2026-07-20T15:12:15.000,BREATH - 6E1A ASTHMA,2026-07-20 15:12:15
39.1583640000597,-84.389149,2026-07-20T15:17:39.000,FALL - 17A2,2026-07-20 15:17:39
39.1245170000597,-84.503682,2026-07-20T15:33:19.000,BREATH - 6D2A ASTHMA,2026-07-20 15:33:19
39.1921700000597,-84.45764,2026-07-20T15:38:30.000,SICK - 26A8 PAIN,2026-07-20 15:38:30
39.1242200000598,-84.499942,2026-07-20T15:41:55.000,SEIZURE - 12D2 MULTIPLE,2026-07-20 15:41:55
39.1387090000598,-84.589203,2026-07-20T15:52:21.000,EMS,2026-07-20 15:52:21
39.1377490000598,-84.590863,2026-07-20T15:54:24.000,FALL - 17B4,2026-07-20 15:54:24
39.1495080000597,-84.508693,2026-07-20T16:00:54.000,BREATH - 6C1E EMPHYSEMA,2026-07-20 16:00:54
39.2015900000597,-84.454069,2026-07-20T16:05:25.000,PERDWN - 32D1 UNKNOWN,2026-07-20 16:05:25
39.1143500000598,-84.520579,2026-07-20T16:06:53.000,BREATH - 6D1O NOT ALERT,2026-07-20 16:06:53
39.2029480000597,-84.454824,2026-07-20T16:07:25.000,PERDWN - 32D1 UNKNOWN,2026-07-20 16:07:25
39.1296510000598,-84.488544,2026-07-20T16:08:21.000,CHESTPN - 10D4 CLAMMY,2026-07-20 16:08:21
39.1301050000598,-84.512282,2026-07-20T16:17:25.000,=EMS - (C),2026-07-20 16:17:25
39.1076500000598,-84.565621,2026-07-20T16:18:28.000,BLEED - 21D5 ABNORMAL BREATH,2026-07-20 16:18:28
39.2005760000597,-84.457853,2026-07-20T16:20:52.000,OD - 23C8A ACCIDENTAL,2026-07-20 16:20:52
39.2024970000597,-84.542135,2026-07-20T16:22:07.000,EMS - (C) =,2026-07-20 16:22:07
39.1073300000598,-84.50793,2026-07-20T16:30:18.000,"PREG - 24D8 MC, SIGNS OF LIFE",2026-07-20 16:30:18
39.1074070000598,-84.588679,2026-07-20T16:46:56.000,ASSLTI - (C) =,2026-07-20 16:46:56
39.1467930000597,-84.502469,2026-07-20T16:47:50.000,FAINT - 31D2 ABNORMAL BREATH,2026-07-20 16:47:50
39.0968130000598,-84.563991,2026-07-20T16:48:04.000,FAINT - 31C1 ABNORMAL BREATH,2026-07-20 16:48:04
39.1021620000598,-84.50915,2026-07-20T16:49:52.000,=PERDWN,2026-07-20 16:49:52
39.0991040000598,-84.56746,2026-07-20T17:09:18.000,PERDWN - 32D1 UNKNOWN,2026-07-20 17:09:18
39.1169480000598,-84.489324,2026-07-20T17:13:16.000,CHESTPN - 10D1 NOT ALERT,2026-07-20 17:13:16
39.1197930000597,-84.524197,2026-07-20T17:24:14.000,EMS,2026-07-20 17:24:14
39.1123580000598,-84.518514,2026-07-20T17:27:13.000,BREATH - 6D2A ASTHMA,2026-07-20 17:27:13
39.1087620000597,-84.521039,2026-07-20T17:28:49.000,EMS,2026-07-20 17:28:49
39.0964490000598,-84.5676,2026-07-20T17:35:35.000,PERDWN - 32D1 UNKNOWN,2026-07-20 17:35:35
39.2007880000597,-84.462794,2026-07-20T17:42:25.000,CHESTPN - 10D1 NOT ALERT,2026-07-20 17:42:25
39.1679450000597,-84.388285,2026-07-20T17:43:43.000,ALRGY - 2C1 DIFF BREATHING,2026-07-20 17:43:43
39.1100140000598,-84.515801,2026-07-20T17:46:04.000,FAINT - 31D4 NOT ALERT,2026-07-20 17:46:04
39.1146850000598,-84.587466,2026-07-20T17:52:59.000,BREATH - 6D2O,2026-07-20 17:52:59
39.1142200000598,-84.528768,2026-07-20T17:54:07.000,EMS,2026-07-20 17:54:07
39.1143640000598,-84.516566,2026-07-20T18:02:19.000,=PERDWN,2026-07-20 18:02:19
39.1377380000597,-84.567713,2026-07-20T18:25:40.000,FAINT - 31C1 ABNORMAL BREATH,2026-07-20 18:25:40
39.1840860000597,-84.565965,2026-07-20T18:39:56.000,BREATH - 6D1E NOT ALERT,2026-07-20 18:39:56
39.2015730000597,-84.528199,2026-07-20T18:40:51.000,SICK - 26A1,2026-07-20 18:40:51
39.1136790000597,-84.594368,2026-07-20T18:42:05.000,FALL - 17B1,2026-07-20 18:42:05
39.1961200000597,-84.570118,2026-07-20T18:45:22.000,SICK - 26A1,2026-07-20 18:45:22
39.1240790000598,-84.555043,2026-07-20T18:48:39.000,BREATH - 6C1E EMPHYSEMA,2026-07-20 18:48:39
39.1307370000597,-84.530535,2026-07-20T19:01:46.000,CHESTPN - 10A1,2026-07-20 19:01:46
39.1802270000597,-84.562217,2026-07-20T19:32:59.000,BREATH - 6D2A ASTHMA,2026-07-20 19:32:59
39.1580300000597,-84.424565,2026-07-20T19:48:37.000,BREATH - 6D2A ASTHMA,2026-07-20 19:48:37
39.1353110000597,-84.575243,2026-07-20T19:54:30.000,SEIZURE - 12D2 MULTIPLE,2026-07-20 19:54:30
39.1618270000597,-84.425064,2026-07-20T19:56:18.000,PERDWN - 32D1 UNKNOWN,2026-07-20 19:56:18
39.1098900000598,-84.690771,2026-07-20T19:56:48.000,STROKE - 28C8F CLEAR EVIDENCE,2026-07-20 19:56:48
39.1056960000598,-84.509501,2026-07-20T20:12:03.000,ABDOM - 1A1,2026-07-20 20:12:03
39.1316000000598,-84.478728,2026-07-20T20:18:49.000,OD - (C) 23C8I INTENTIONAL,2026-07-20 20:18:49
39.2004880000597,-84.517003,2026-07-20T20:27:37.000,BREATH - 6C1,2026-07-20 20:27:37
39.1131210000597,-84.515723,2026-07-20T20:37:06.000,=EMS2 - ALS2 RESPONSE,2026-07-20 20:37:06
39.1900280000597,-84.458735,2026-07-20T20:44:13.000,"SEIZURE - 12C1 FOCAL, NOT AERT",2026-07-20 20:44:13
39.1099030000598,-84.57249,2026-07-20T20:54:35.000,CHESTPN - 10D4 CLAMMY,2026-07-20 20:54:35
39.2161720000597,-84.533807,2026-07-20T21:10:36.000,ABDOM - 1A1,2026-07-20 21:10:36
39.1518790000598,-84.552445,2026-07-20T21:18:41.000,EMS,2026-07-20 21:18:41
39.1512990000597,-84.408752,2026-07-20T21:26:56.000,FALL - 17D4 NOT ALERT,2026-07-20 21:26:56
39.1075340000598,-84.571534,2026-07-20T21:31:34.000,CHESTPN - 10D2 DIFF SPEAKING,2026-07-20 21:31:34
39.0976320000598,-84.509586,2026-07-20T21:34:22.000,EMS,2026-07-20 21:34:22
39.1672590000597,-84.429439,2026-07-20T21:41:23.000,PERDWN - 32D1 UNKNOWN,2026-07-20 21:41:23
39.1440850000597,-84.497853,2026-07-20T21:46:01.000,PERDWN - 32D1 UNKNOWN,2026-07-20 21:46:01
39.0968710000598,-84.511058,2026-07-20T21:49:00.000,EMS,2026-07-20 21:49:00
39.1904480000597,-84.459485,2026-07-20T22:03:25.000,FALL - 17B1,2026-07-20 22:03:25
39.1543910000597,-84.582951,2026-07-20T22:09:54.000,CHESTPN - 10D1 NOT ALERT,2026-07-20 22:09:54
39.1314530000598,-84.608876,2026-07-20T22:10:53.000,CHESTPN - 10D1 NOT ALERT,2026-07-20 22:10:53
39.1206690000598,-84.508376,2026-07-20T22:32:19.000,PERDWN - 32D1 UNKNOWN,2026-07-20 22:32:19
39.1425440000597,-84.519669,2026-07-20T22:34:04.000,ABDOM - 1A1,2026-07-20 22:34:04
39.1837370000597,-84.479244,2026-07-20T22:46:47.000,FALL - 17B1,2026-07-20 22:46:47
39.1782610000597,-84.521005,2026-07-20T22:53:53.000,STROKE - 28A1F CLEAR EVIDENCE,2026-07-20 22:53:53
39.1379910000597,-84.553605,2026-07-20T23:01:30.000,BREATH - 6C1A ASTHMA,2026-07-20 23:01:30
39.1010370000598,-84.513118,2026-07-20T23:05:11.000,=EMS - (C),2026-07-20 23:05:11
39.1429640000597,-84.578949,2026-07-20T23:12:16.000,LIFT - 17A4,2026-07-20 23:12:16
39.1442370000597,-84.520871,2026-07-20T23:15:50.000,BLEED - 21B1 DANGEROUS,2026-07-20 23:15:50
39.1087290000598,-84.56794,2026-07-20T23:18:28.000,=EMS1 - ALS1 RESPONSE,2026-07-20 23:18:28
39.1359090000597,-84.537222,2026-07-20T23:19:48.000,=EMS2 - ALS2 RESPONSE,2026-07-20 23:19:48
39.1398430000597,-84.533251,2026-07-20T23:21:42.000,SICK - 26A10 UNWELL,2026-07-20 23:21:42
39.1361510000597,-84.537892,2026-07-20T23:27:40.000,=PERDWN,2026-07-20 23:27:40
39.1458170000597,-84.512635,2026-07-20T23:52:55.000,=EMS - (C),2026-07-20 23:52:55
39.1328150000598,-84.574124,2026-07-20T23:57:08.000,FAINT - 31C1 ABNORMAL BREATH,2026-07-20 23:57:08
39.1502280000597,-84.570637,2026-07-21T00:03:28.000,SICK - 26C2 ABNORMAL BREATH,2026-07-21 00:03:28
39.1176620000598,-84.535054,2026-07-21T00:12:32.000,CHESTPN - 10C3,2026-07-21 00:12:32
39.1464070000597,-84.513515,2026-07-21T00:23:56.000,=EMS1 - ALS1 RESPONSE,2026-07-21 00:23:56
39.1257060000598,-84.549006,2026-07-21T00:24:53.000,SEIZURE - 12A1,2026-07-21 00:24:53
39.1192150000598,-84.532962,2026-07-21T00:42:55.000,=EMS - (C),2026-07-21 00:42:55
39.1074840000597,-84.516522,2026-07-21T01:05:47.000,CHESTPN - 10C1 ABNORMAL BREATH,2026-07-21 01:05:47
39.1504230000598,-84.485421,2026-07-21T01:17:21.000,CHESTPN - 10D4 CLAMMY,2026-07-21 01:17:21
39.1918990000597,-84.459391,2026-07-21T01:20:01.000,CHESTPN - 10C3,2026-07-21 01:20:01
39.1996440000597,-84.548618,2026-07-21T01:33:48.000,PERDWN - 32D1 UNKNOWN,2026-07-21 01:33:48
39.1373470000597,-84.537975,2026-07-21T02:16:24.000,EMS,2026-07-21 02:16:24
39.2036600000597,-84.565305,2026-07-21T02:26:58.000,=EMS2 - ALS2 RESPONSE,2026-07-21 02:26:58
39.1966380000597,-84.455255,2026-07-21T03:02:17.000,CHESTPN - 10D5 CARDIAC HX,2026-07-21 03:02:17
39.1343950000598,-84.550932,2026-07-21T04:07:08.000,EMS,2026-07-21 04:07:08
39.1082380000598,-84.585487,2026-07-21T04:34:06.000,SICK - 26A1,2026-07-21 04:34:06
39.2017830000597,-84.457997,2026-07-21T04:40:08.000,"OD - (C) 23C1A NOT ALERT, ACC",2026-07-21 04:40:08
39.1293210000598,-84.488304,2026-07-21T04:53:36.000,CHESTPN - 10D4 CLAMMY,2026-07-21 04:53:36
39.1823110000597,-84.451099,2026-07-21T05:14:24.000,ABDOM - 1A1,2026-07-21 05:14:24
39.1484780000597,-84.494637,2026-07-21T05:55:47.000,EMS,2026-07-21 05:55:47
39.1732690000597,-84.469117,2026-07-21T05:56:15.000,SICK - 26A8 PAIN,2026-07-21 05:56:15
39.1485980000597,-84.493337,2026-07-21T06:02:04.000,BREATH - 6C1,2026-07-21 06:02:04
39.1048870000598,-84.567057,2026-07-21T06:05:09.000,BLEED - 21B1 DANGEROUS,2026-07-21 06:05:09
39.1035760000598,-84.514554,2026-07-21T06:15:56.000,PERDWN - 32D1 UNKNOWN,2026-07-21 06:15:56
39.1394430000597,-84.595576,2026-07-21T06:24:27.000,EMS,2026-07-21 06:24:27
39.1484750000597,-84.48627,2026-07-21T06:42:07.000,BREATH - 6D2,2026-07-21 06:42:07
39.1105900000598,-84.514623,2026-07-21T06:52:07.000,SICK - 26C1 ALTERED LOC,2026-07-21 06:52:07
39.1370480000597,-84.500079,2026-07-21T06:53:19.000,ABDOM - 1C7,2026-07-21 06:53:19
39.1131250000598,-84.574588,2026-07-21T07:10:35.000,DOMINJ - (C) =,2026-07-21 07:10:35
39.1090240000598,-84.528566,2026-07-21T07:22:48.000,SEIZURE - 12D4,2026-07-21 07:22:48
39.1147450000598,-84.573688,2026-07-21T07:26:16.000,=ASSLTI - (C),2026-07-21 07:26:16
39.1560780000597,-84.561074,2026-07-21T07:31:32.000,ARREST - 9E1 NOT BREATHING,2026-07-21 07:31:32
39.1812180000597,-84.425382,2026-07-21T08:06:30.000,BREATH - 6D2E EMPHYSEMA,2026-07-21 08:06:30
39.1422450000597,-84.581962,2026-07-21T08:20:33.000,FAINT - 31D3,2026-07-21 08:20:33
39.1501200000597,-84.580826,2026-07-21T08:26:53.000,ABDOM - 1C5,2026-07-21 08:26:53
39.1886120000597,-84.565101,2026-07-21T08:39:35.000,BLEED - 21C2 DIALYSIS FISTULA,2026-07-21 08:39:35
39.1369420000598,-84.436969,2026-07-21T08:59:50.000,FALL - 17B1,2026-07-21 08:59:50
39.1078310000597,-84.565627,2026-07-21T09:30:39.000,SICK - 26C2 ABNORMAL BREATH,2026-07-21 09:30:39
39.1177620000598,-84.536574,2026-07-21T09:32:41.000,SICK - 26A11 VOMITING,2026-07-21 09:32:41
39.1183050000598,-84.496266,2026-07-21T09:34:38.000,SEIZURE - 12C3 DIABETIC,2026-07-21 09:34:38
39.1083210000598,-84.529295,2026-07-21T09:37:01.000,DIABETIC - 13C1 NOT ALERT,2026-07-21 09:37:01
39.1096060000598,-84.516518,2026-07-21T09:49:35.000,SEIZURE - 12B1,2026-07-21 09:49:35
39.2052320000597,-84.555555,2026-07-21T09:50:12.000,PERDWN - 32B2 MEDICAL ALARM,2026-07-21 09:50:12
39.1754760000597,-84.517223,2026-07-21T09:51:25.000,SICK - 26D1 NOT ALERT,2026-07-21 09:51:25
39.1683450000597,-84.387945,2026-07-21T10:01:15.000,SICK - 26C1 ALTERED LOC,2026-07-21 10:01:15
39.1304020000597,-84.460695,2026-07-21T10:01:15.000,SICK - 26A7 IMMOBILE,2026-07-21 10:01:15
39.2017310000597,-84.459229,2026-07-21T10:08:56.000,SICK - 26A5 GEN WEAKNESS,2026-07-21 10:08:56
39.1029000000597,-84.512297,2026-07-21T10:11:25.000,BREATH - 6D2A ASTHMA,2026-07-21 10:11:25
39.1027600000597,-84.513387,2026-07-21T10:12:25.000,=EMS - (C),2026-07-21 10:12:25
39.1759370000597,-84.412549,2026-07-21T10:18:07.000,=EMS1 - ALS1 RESPONSE,2026-07-21 10:18:07
39.1108220000598,-84.516325,2026-07-21T10:18:25.000,PERDWN - 32D1 UNKNOWN,2026-07-21 10:18:25
39.1336470000597,-84.502888,2026-07-21T10:29:54.000,BREATH - 6D4 CLAMMY,2026-07-21 10:29:54
39.1868240000597,-84.469544,2026-07-21T10:35:42.000,FALL - 17B1,2026-07-21 10:35:42
39.1390410000597,-84.553985,2026-07-21T10:38:15.000,BREATH - 6D5 TRACHEOSTOMY,2026-07-21 10:38:15
39.1704100000597,-84.519842,2026-07-21T10:48:22.000,SICK - 26O5 URINARY,2026-07-21 10:48:22
39.1365960000597,-84.547197,2026-07-21T10:51:16.000,BREATH - 33C2 ABNORMAL,2026-07-21 10:51:16
39.1523330000598,-84.408861,2026-07-21T10:57:49.000,BLEED - 21A1,2026-07-21 10:57:49
39.1662110000597,-84.480123,2026-07-21T10:58:20.000,SICK - 26A1,2026-07-21 10:58:20
39.1842610000597,-84.478238,2026-07-21T11:01:59.000,BREATH - 6D2,2026-07-21 11:01:59
39.1008240000598,-84.512711,2026-07-21T11:31:16.000,STROKE - 28C7 VISION PROBLEMS,2026-07-21 11:31:16
39.1594510000597,-84.494072,2026-07-21T11:31:44.000,EMS,2026-07-21 11:31:44
39.1080000000598,-84.50838,2026-07-21T11:36:28.000,PERDWN - 32B3 UNKNOWN,2026-07-21 11:36:28
39.1527430000598,-84.408951,2026-07-21T11:40:12.000,SICK - 26A8 PAIN,2026-07-21 11:40:12
39.1563810000597,-84.557691,2026-07-21T11:40:16.000,FALL - 17D4 NOT ALERT,2026-07-21 11:40:16
39.0985640000598,-84.567038,2026-07-21T11:46:15.000,SICK - 26A8 PAIN,2026-07-21 11:46:15
39.1058010000597,-84.581633,2026-07-21T11:46:35.000,CHESTPN - 10D5 CARDIAC HX,2026-07-21 11:46:35
39.1399220000597,-84.505706,2026-07-21T11:52:43.000,SICK - 33C6 SEVERE PAIN,2026-07-21 11:52:43
39.1541980000597,-84.434462,2026-07-21T12:08:08.000,COSICK - 52B1X SINGLE FAMILY,2026-07-21 12:08:08
39.2132500000597,-84.463581,2026-07-21T12:20:36.000,ABDOM - 1D1 NOT ALERT,2026-07-21 12:20:36
39.1460080000598,-84.56731,2026-07-21T12:25:47.000,CHESTPN - 10D2 DIFF SPEAKING,2026-07-21 12:25:47
39.0996160000598,-84.510154,2026-07-21T12:33:20.000,PERDWN - 32D1 UNKNOWN,2026-07-21 12:33:20
39.1903180000597,-84.458075,2026-07-21T12:38:19.000,FALL - 17A3 NON RECENT,2026-07-21 12:38:19
39.1347120000597,-84.49401,2026-07-21T12:39:04.000,"OD - (C) 23C1A NOT ALERT, ACC",2026-07-21 12:39:04
39.1123770000598,-84.575804,2026-07-21T12:53:59.000,OD - (C) 23B1,2026-07-21 12:53:59
39.1493280000598,-84.508233,2026-07-21T13:01:01.000,BREATH - 33C2 ABNORMAL,2026-07-21 13:01:01
39.1125270000598,-84.51401,2026-07-21T13:01:08.000,BLEED - 21B2 SERIOUS,2026-07-21 13:01:08
39.1141270000598,-84.575034,2026-07-21T13:01:45.000,OD - (C) 23B1I INTENTIONAL,2026-07-21 13:01:45
39.2107040000597,-84.531521,2026-07-21T13:15:30.000,SICK - 26C1 ALTERED LOC,2026-07-21 13:15:30
39.1362280000597,-84.475419,2026-07-21T13:19:39.000,EMS,2026-07-21 13:19:39
39.1454710000597,-84.494063,2026-07-21T13:22:51.000,BREATH - 6D2O,2026-07-21 13:22:51
39.1340610000598,-84.50019,2026-07-21T13:40:08.000,EMS,2026-07-21 13:40:08
39.1334170000597,-84.501248,2026-07-21T13:55:33.000,SICK - 26A8 PAIN,2026-07-21 13:55:33
39.1709990000597,-84.542675,2026-07-21T14:05:29.000,ABDOM - 1C4,2026-07-21 14:05:29
39.1729450000597,-84.458342,2026-07-21T14:06:15.000,PERDWN - 32D1 UNKNOWN,2026-07-21 14:06:15
39.1054350000598,-84.552595,2026-07-21T14:09:44.000,SICK - 33A1 MED OFF OR CLINIC,2026-07-21 14:09:44
39.1050990000597,-84.524021,2026-07-21T14:14:49.000,SICK - 26A10 UNWELL,2026-07-21 14:14:49
39.1338530000597,-84.611886,2026-07-21T14:23:38.000,STROKE - 28C1F CLEAR EVIDENCE,2026-07-21 14:23:38
39.1502680000597,-84.562304,2026-07-21T14:25:47.000,CHESTPN - 10C1 ABNORMAL BREATH,2026-07-21 14:25:47
39.1057150000597,-84.5165,2026-07-21T14:39:22.000,PERDWN - 32B2 MEDICAL ALARM,2026-07-21 14:39:22
39.1365910000598,-84.443244,2026-07-21T14:48:00.000,WATERR - (C) 81C2 VEH IN FLOOD,2026-07-21 14:48:00
39.1475650000597,-84.48601,2026-07-21T14:53:09.000,EMS,2026-07-21 14:53:09
39.1310100000597,-84.587158,2026-07-21T14:57:44.000,PERDWN - 32D1 UNKNOWN,2026-07-21 14:57:44
39.1020130000598,-84.513328,2026-07-21T15:12:21.000,PERDWN - 32D1 UNKNOWN,2026-07-21 15:12:21
39.1086920000597,-84.515779,2026-07-21T15:15:53.000,CHESTPN - 10C3,2026-07-21 15:15:53
39.1434140000597,-84.623128,2026-07-21T15:22:31.000,FALL - 17B1,2026-07-21 15:22:31
39.1354420000597,-84.503554,2026-07-21T15:22:45.000,SICK - 26A1,2026-07-21 15:22:45
39.1523300000598,-84.581274,2026-07-21T15:30:28.000,FALL - 17A2,2026-07-21 15:30:28
39.1214100000598,-84.59237,2026-07-21T15:32:05.000,CHESTPN - 10D2 DIFF SPEAKING,2026-07-21 15:32:05
39.1265920000598,-84.49683,2026-07-21T15:42:23.000,PERDWN - 32B1 PT MOV/TALK,2026-07-21 15:42:23
39.0687180000598,-84.327724,2026-07-21T15:44:11.000,EMS,2026-07-21 15:44:11
39.1053910000598,-84.513327,2026-07-21T15:56:06.000,DIABETIC - 13A1,2026-07-21 15:56:06
39.1915460000597,-84.457249,2026-07-21T16:02:57.000,HEARTPRB - 19C4 CARDIAC HX,2026-07-21 16:02:57
39.1045030000598,-84.512075,2026-07-21T16:03:59.000,BREATH - 6C1E EMPHYSEMA,2026-07-21 16:03:59
39.1069310000598,-84.508989,2026-07-21T16:08:09.000,BREATH - 6D1 NOT ALERT,2026-07-21 16:08:09
39.2017490000597,-84.541998,2026-07-21T16:19:02.000,BREATH - 6D2,2026-07-21 16:19:02
39.1094100000598,-84.563477,2026-07-21T16:20:16.000,=ASSLTI - (C),2026-07-21 16:20:16
39.1440470000597,-84.622022,2026-07-21T16:34:23.000,FALL - 17B4,2026-07-21 16:34:23
39.1772070000597,-84.475999,2026-07-21T16:34:47.000,FALL - 17D4 NOT ALERT,2026-07-21 16:34:47
39.1746810000597,-84.412781,2026-07-21T16:51:14.000,SICK - 26A7 IMMOBILE,2026-07-21 16:51:14
39.1037310000598,-84.520995,2026-07-21T17:00:33.000,ABDOM - 1C5,2026-07-21 17:00:33
39.1145800000598,-84.60577,2026-07-21T17:14:37.000,CHESTPN - 10D1 NOT ALERT,2026-07-21 17:14:37
39.1770250000597,-84.459668,2026-07-21T17:17:39.000,ABDOM - 1D1 NOT ALERT,2026-07-21 17:17:39
39.1010140000598,-84.511869,2026-07-21T17:22:14.000,=EMS - (C),2026-07-21 17:22:14
39.1462940000598,-84.614936,2026-07-21T17:36:43.000,BREATH - 6D2,2026-07-21 17:36:43
39.1609730000597,-84.408076,2026-07-21T17:38:01.000,SICK - 33C1 NOT ALERT,2026-07-21 17:38:01
39.1268900000597,-84.601491,2026-07-21T17:41:20.000,FALL - 17D4 NOT ALERT,2026-07-21 17:41:20
39.1797100000597,-84.509431,2026-07-21T17:54:46.000,CHESTPN - 10D5 CARDIAC HX,2026-07-21 17:54:46
39.1005590000597,-84.377277,2026-07-21T18:28:12.000,FAINT - 31D2 ABNORMAL BREATH,2026-07-21 18:28:12
39.1421490000597,-84.593146,2026-07-21T18:29:19.000,BREATH - 6D2A ASTHMA,2026-07-21 18:29:19
39.1481440000597,-84.601881,2026-07-21T18:49:01.000,"FUMES - 60D4V SICK, MULTI-FAM",2026-07-21 18:49:01
39.1729600000597,-84.466803,2026-07-21T18:54:26.000,SICK - 26A5 GEN WEAKNESS,2026-07-21 18:54:26
39.1687320000597,-84.551405,2026-07-21T18:55:23.000,FAINT - 31C1 ABNORMAL BREATH,2026-07-21 18:55:23
39.1019940000598,-84.509265,2026-07-21T18:57:52.000,EMS,2026-07-21 18:57:52
39.1114790000598,-84.596071,2026-07-21T19:20:01.000,ASSLTI - (C) =,2026-07-21 19:20:01
39.1066520000598,-84.527635,2026-07-21T19:26:39.000,LIFT - 53A2,2026-07-21 19:26:39
39.1292850000598,-84.516529,2026-07-21T19:28:31.000,ARREST - 9E1 NOT BREATHING,2026-07-21 19:28:31
39.1094000000598,-84.530461,2026-07-21T19:47:29.000,LIFT - 17A4,2026-07-21 19:47:29
39.1281550000598,-84.517319,2026-07-21T19:58:04.000,ARREST - 9E1 NOT BREATHING,2026-07-21 19:58:04
39.2025180000597,-84.565761,2026-07-21T20:00:17.000,SICK - 26A8 PAIN,2026-07-21 20:00:17
39.1503730000597,-84.582558,2026-07-21T20:11:33.000,FAINT - 31D4 NOT ALERT,2026-07-21 20:11:33
39.1078930000598,-84.566657,2026-07-21T20:22:09.000,SICK - 26A1,2026-07-21 20:22:09
39.1381580000597,-84.605409,2026-07-21T20:22:14.000,PERDWN - 32B3 UNKNOWN,2026-07-21 20:22:14
39.1093300000598,-84.570594,2026-07-21T20:23:35.000,SICK - 26A10 UNWELL,2026-07-21 20:23:35
39.0899610000598,-84.388799,2026-07-21T21:02:15.000,PERDWN - 32B2 MEDICAL ALARM,2026-07-21 21:02:15
39.1230380000598,-84.580437,2026-07-21T21:03:41.000,FALL - 17C1 FAINTING,2026-07-21 21:03:41
39.1362030000598,-84.59293,2026-07-21T21:08:58.000,SICK - 26A3 VERTIGO,2026-07-21 21:08:58
39.1854890000597,-84.51365,2026-07-21T21:15:21.000,EMS,2026-07-21 21:15:21
39.1835430000597,-84.511311,2026-07-21T21:15:41.000,SEIZURE - 12C4,2026-07-21 21:15:41
39.1152040000598,-84.561857,2026-07-21T21:19:33.000,SICK - 26A8 PAIN,2026-07-21 21:19:33
39.1528430000598,-84.408151,2026-07-21T21:23:22.000,LIFT - 53A2,2026-07-21 21:23:22
39.1170740000597,-84.577351,2026-07-21T21:31:46.000,FALL - 17B1,2026-07-21 21:31:46
39.1313380000597,-84.600681,2026-07-21T21:33:32.000,SICK - 26C1 ALTERED LOC,2026-07-21 21:33:32
39.1243500000598,-84.499312,2026-07-21T21:36:06.000,ASSLTI - (C) =,2026-07-21 21:36:06
39.1455780000597,-84.498083,2026-07-21T21:44:13.000,PERDWN - 32B2 MEDICAL ALARM,2026-07-21 21:44:13
39.1076940000597,-84.515022,2026-07-21T21:55:05.000,FAINT - 31D2 ABNORMAL BREATH,2026-07-21 21:55:05
39.2002180000597,-84.517613,2026-07-21T22:06:44.000,BREATH - 6C1,2026-07-21 22:06:44
39.1430680000597,-84.495586,2026-07-21T22:10:00.000,STROKE - 28C2F CLEAR EVIDENCE,2026-07-21 22:10:00
39.1904750000597,-84.511054,2026-07-21T22:11:12.000,HEARTPRB - 19C2 ABNORM BREATH,2026-07-21 22:11:12
39.1655850000597,-84.389644,2026-07-21T22:25:02.000,SICK - 26D1 NOT ALERT,2026-07-21 22:25:02
39.1410990000598,-84.538146,2026-07-21T22:29:37.000,SICK - 26A11 VOMITING,2026-07-21 22:29:37
39.1949250000597,-84.47876,2026-07-21T22:30:31.000,EMS,2026-07-21 22:30:31
39.1409480000597,-84.499099,2026-07-21T22:32:55.000,PERDWN - 32D1 UNKNOWN,2026-07-21 22:32:55
39.1251670000598,-84.561198,2026-07-21T22:37:57.000,ASSLTI - (C) =,2026-07-21 22:37:57
39.1926730000597,-84.458731,2026-07-21T23:00:33.000,PERDWN - 32B1 PT MOV/TALK,2026-07-21 23:00:33
39.1065860000598,-84.561344,2026-07-21T23:31:07.000,ABDOM - 1A1,2026-07-21 23:31:07
39.1266860000598,-84.552431,2026-07-21T23:32:02.000,CHESTPN - 10D4 CLAMMY,2026-07-21 23:32:02
39.1294300000598,-84.509646,2026-07-21T23:32:19.000,ASSLTI - (C) =,2026-07-21 23:32:19
39.1384880000597,-84.605157,2026-07-21T23:48:12.000,BLEED - 21D4 DANGEROUS BLEED,2026-07-21 23:48:12
39.1223650000598,-84.515482,2026-07-22T00:06:28.000,ASSLTI - (C) =,2026-07-22 00:06:28
39.1353540000598,-84.572794,2026-07-22T00:06:53.000,DOMINJ - (C) =,2026-07-22 00:06:53
39.1046610000598,-84.521145,2026-07-22T00:12:55.000,BLEED - 21D3 NOT ALERT,2026-07-22 00:12:55
39.1688690000597,-84.406998,2026-07-22T00:13:14.000,SICK - 26A3 VERTIGO,2026-07-22 00:13:14
39.1271660000598,-84.562015,2026-07-22T00:19:06.000,CHESTPN - 10C3,2026-07-22 00:19:06
39.1498980000597,-84.434641,2026-07-22T01:04:32.000,SICK - 26A8 PAIN,2026-07-22 01:04:32
39.1968870000597,-84.54645,2026-07-22T01:16:20.000,SICK - 26A1,2026-07-22 01:16:20
39.1569280000597,-84.562411,2026-07-22T01:20:21.000,BREATH - 6D4 CLAMMY,2026-07-22 01:20:21
39.1952610000597,-84.549189,2026-07-22T01:20:23.000,SICK - 26A8 PAIN,2026-07-22 01:20:23
39.1951070000597,-84.548437,2026-07-22T01:37:19.000,SICK - 26A8 PAIN,2026-07-22 01:37:19
39.1478870000597,-84.481102,2026-07-22T01:39:45.000,EMS - (C) =,2026-07-22 01:39:45
39.1794840000597,-84.510468,2026-07-22T01:42:48.000,CHESTPN - 10D2 DIFF SPEAKING,2026-07-22 01:42:48
39.1388610000598,-84.594767,2026-07-22T01:52:55.000,CHESTPN - 10C3,2026-07-22 01:52:55
39.1862890000597,-84.458015,2026-07-22T02:08:55.000,SICK - 26A8 PAIN,2026-07-22 02:08:55
39.1578370000597,-84.425871,2026-07-22T02:12:08.000,ASSLTI - (C) =,2026-07-22 02:12:08
39.1567110000597,-84.526912,2026-07-22T02:12:11.000,FALL - 17D4 NOT ALERT,2026-07-22 02:12:11
39.1549680000598,-84.40957,2026-07-22T02:16:25.000,CHESTPN - 10A1,2026-07-22 02:16:25
39.1516490000597,-84.532658,2026-07-22T02:18:18.000,SICK - 26A8 PAIN,2026-07-22 02:18:18
39.1363170000598,-84.484376,2026-07-22T02:55:05.000,BREATH - 6C1O,2026-07-22 02:55:05
39.1369240000597,-84.524372,2026-07-22T03:00:18.000,ABDOM - 1C5,2026-07-22 03:00:18
39.1391080000598,-84.489382,2026-07-22T03:24:13.000,SICK - 26A8 PAIN,2026-07-22 03:24:13
39.2150170000597,-84.485619,2026-07-22T03:30:38.000,BREATH - 6C1E EMPHYSEMA,2026-07-22 03:30:38
39.0990430000597,-84.514421,2026-07-22T03:36:02.000,PERDWN - 32D1 UNKNOWN,2026-07-22 03:36:02
39.1206780000598,-84.525174,2026-07-22T03:57:29.000,PERDWN - 32B1 PT MOV/TALK,2026-07-22 03:57:29
39.1209550000598,-84.524385,2026-07-22T04:07:06.000,=EMS - (C),2026-07-22 04:07:06
39.1556890000597,-84.386923,2026-07-22T04:54:13.000,STROKE - 28C3F CLEAR EVIDENCE,2026-07-22 04:54:13
39.1289640000598,-84.568074,2026-07-22T05:08:13.000,PERDWN - 32D1 UNKNOWN,2026-07-22 05:08:13
39.1665290000597,-84.470312,2026-07-22T05:23:11.000,ASSLTI - (C) 4A1 DEFORMITY,2026-07-22 05:23:11
39.1038520000598,-84.52763,2026-07-22T05:26:37.000,EMS,2026-07-22 05:26:37
39.1822640000597,-84.569258,2026-07-22T05:48:37.000,SICK - 26B1,2026-07-22 05:48:37
39.1783810000597,-84.477739,2026-07-22T05:54:02.000,ABDOM - 1C6,2026-07-22 05:54:02
39.1388270000597,-84.471685,2026-07-22T06:10:20.000,ABDOM - 1C7,2026-07-22 06:10:20
39.1285750000597,-84.567244,2026-07-22T06:23:16.000,PERDWN - 32B3 UNKNOWN,2026-07-22 06:23:16
39.1426820000597,-84.582917,2026-07-22T06:41:06.000,CHESTPN - 10C3,2026-07-22 06:41:06
39.1133190000597,-84.52202,2026-07-22T06:58:05.000,PERDWN - 32D1 UNKNOWN,2026-07-22 06:58:05
39.1452420000597,-84.424552,2026-07-22T07:01:25.000,FALL - 17D5 SOB,2026-07-22 07:01:25
39.1334890000597,-84.488238,2026-07-22T07:02:46.000,PERDWN - 32B2 MEDICAL ALARM,2026-07-22 07:02:46
39.1040140000598,-84.506848,2026-07-22T07:20:16.000,PERDWN - 32D1 UNKNOWN,2026-07-22 07:20:16
39.1893580000597,-84.459115,2026-07-22T07:50:17.000,SICK - 26A7 IMMOBILE,2026-07-22 07:50:17
39.1441830000597,-84.537643,2026-07-22T07:57:08.000,CHESTPN - 10D4 CLAMMY,2026-07-22 07:57:08
39.1317750000598,-84.480955,2026-07-22T08:18:34.000,FAINT - 31D3,2026-07-22 08:18:34
39.1330880000598,-84.487189,2026-07-22T08:31:52.000,PERDWN - 32D1 UNKNOWN,2026-07-22 08:31:52
39.1918190000597,-84.521501,2026-07-22T08:34:02.000,CHESTPN - 10D2 DIFF SPEAKING,2026-07-22 08:34:02
39.1096400000598,-84.530301,2026-07-22T08:46:05.000,STROKE - 28C2 ABNORMAL BREATH,2026-07-22 08:46:05
39.2142100000597,-84.487874,2026-07-22T08:53:03.000,CHESTPN - 10C1 ABNORMAL BREATH,2026-07-22 08:53:03
39.1439040000597,-84.500364,2026-07-22T08:55:22.000,SICK - 33C1 NOT ALERT,2026-07-22 08:55:22
39.1279250000598,-84.491424,2026-07-22T09:04:56.000,STROKE - 28C5F CLEAR EVIDENCE,2026-07-22 09:04:56
39.1964090000597,-84.457916,2026-07-22T09:10:34.000,STROKE - 28A1,2026-07-22 09:10:34
39.1458130000597,-84.467956,2026-07-22T09:13:27.000,BREATH - 6D2A ASTHMA,2026-07-22 09:13:27
39.1100200000598,-84.59595,2026-07-22T09:17:48.000,FALL - 17B4,2026-07-22 09:17:48
39.1155040000598,-84.570649,2026-07-22T09:18:47.000,SEIZURE - 12A5 AURA,2026-07-22 09:18:47
39.1573390000598,-84.405389,2026-07-22T10:03:10.000,SICK - 33A1 MED OFF OR CLINIC,2026-07-22 10:03:10
39.1674110000597,-84.481523,2026-07-22T10:05:42.000,BREATH - 6C1E EMPHYSEMA,2026-07-22 10:05:42
39.2020690000597,-84.455333,2026-07-22T10:15:48.000,PERDWN - 32B1 PT MOV/TALK,2026-07-22 10:15:48
39.1152300000598,-84.517904,2026-07-22T10:16:04.000,BREATH - 6D2,2026-07-22 10:16:04
39.0979480000598,-84.52749,2026-07-22T10:27:21.000,SICK - 26C2 ABNORMAL BREATH,2026-07-22 10:27:21
39.1997240000597,-84.574477,2026-07-22T10:36:04.000,SEIZURE - 12D2 MULTIPLE,2026-07-22 10:36:04
39.1078900000598,-84.5085,2026-07-22T10:40:08.000,SICK - 26A1,2026-07-22 10:40:08
39.1304730000598,-84.479648,2026-07-22T10:40:34.000,=EMS - (C),2026-07-22 10:40:34
39.2068620000597,-84.457912,2026-07-22T10:57:09.000,EMS,2026-07-22 10:57:09
39.1495060000597,-84.536371,2026-07-22T10:59:21.000,EMS,2026-07-22 10:59:21
39.0997180000598,-84.509577,2026-07-22T11:00:40.000,PERDWN - 32D1 UNKNOWN,2026-07-22 11:00:40
39.1371910000597,-84.504382,2026-07-22T11:05:11.000,SICK - 26C2 ABNORMAL BREATH,2026-07-22 11:05:11
39.1453100000597,-84.458778,2026-07-22T11:11:38.000,SICK - 33C6 SEVERE PAIN,2026-07-22 11:11:38
39.1724370000597,-84.543282,2026-07-22T11:29:26.000,ABDOM - 1A1,2026-07-22 11:29:26
39.1909420000597,-84.461029,2026-07-22T11:30:18.000,PERDWN - 32B2 MEDICAL ALARM,2026-07-22 11:30:18
39.1349110000598,-84.55185,2026-07-22T11:32:39.000,FAINT - 31D2 ABNORMAL BREATH,2026-07-22 11:32:39
39.1418120000597,-84.508301,2026-07-22T11:48:06.000,FALL - 17B1,2026-07-22 11:48:06
39.1673510000597,-84.480433,2026-07-22T11:49:27.000,BREATH - 6D2E EMPHYSEMA,2026-07-22 11:49:27
39.1349980000597,-84.430938,2026-07-22T11:51:38.000,PERDWN - 32B1 PT MOV/TALK,2026-07-22 11:51:38
39.1476690000597,-84.572297,2026-07-22T12:13:03.000,LIFT - 53A2,2026-07-22 12:13:03
39.1159920000597,-84.498754,2026-07-22T12:16:09.000,EMS,2026-07-22 12:16:09
39.1176480000598,-84.520357,2026-07-22T12:25:39.000,ABDOM - 1A1,2026-07-22 12:25:39
39.1109540000597,-84.599137,2026-07-22T12:30:31.000,CHESTPN - 10D2 DIFF SPEAKING,2026-07-22 12:30:31
39.1170800000598,-84.52999,2026-07-22T12:56:08.000,BREATH - 6D1 NOT ALERT,2026-07-22 12:56:08
39.1317360000598,-84.482733,2026-07-22T12:56:12.000,ASSLTI - (C) =,2026-07-22 12:56:12
39.1321950000597,-84.600322,2026-07-22T12:56:16.000,SICK - 26C2 ABNORMAL BREATH,2026-07-22 12:56:16
39.1022610000598,-84.51904,2026-07-22T13:02:26.000,PERDWN - 32B2 MEDICAL ALARM,2026-07-22 13:02:26
39.1189100000597,-84.525309,2026-07-22T13:10:33.000,PERDWN - 32D1 UNKNOWN,2026-07-22 13:10:33
39.1524380000597,-84.484324,2026-07-22T13:11:24.000,FALL - 17C1 FAINTING,2026-07-22 13:11:24
39.1318460000598,-84.483353,2026-07-22T13:15:28.000,=ASSLTI - (C),2026-07-22 13:15:28
39.1200310000598,-84.500204,2026-07-22T13:30:26.000,ABDOM - 1A1,2026-07-22 13:30:26
39.1444120000597,-84.52886,2026-07-22T13:38:53.000,FALL - 17D4 NOT ALERT,2026-07-22 13:38:53
39.1064200000598,-84.50938,2026-07-22T13:56:19.000,ASSLTI - (C) 4B1,2026-07-22 13:56:19
39.1893140000597,-84.457442,2026-07-22T14:02:16.000,ARREST - 9E1 NOT BREATHING,2026-07-22 14:02:16
39.1525960000598,-84.411137,2026-07-22T14:02:28.000,LIFT - 17A4,2026-07-22 14:02:28
39.1664340000597,-84.469259,2026-07-22T14:15:39.000,EMS,2026-07-22 14:15:39
39.1431650000598,-84.55759,2026-07-22T14:21:09.000,SICK - 26A1,2026-07-22 14:21:09
39.1069450000598,-84.556101,2026-07-22T14:21:48.000,SICK - 26A11 VOMITING,2026-07-22 14:21:48
39.1495250000597,-84.404385,2026-07-22T14:34:48.000,SICK - 26O9 CUT RING,2026-07-22 14:34:48
39.1349220000598,-84.528209,2026-07-22T14:39:28.000,BREATH - 6D2A ASTHMA,2026-07-22 14:39:28
39.1492890000597,-84.570627,2026-07-22T14:41:23.000,SICK - 26A8 PAIN,2026-07-22 14:41:23
39.1463870000597,-84.485024,2026-07-22T14:43:21.000,PERDWN - 32B2 MEDICAL ALARM,2026-07-22 14:43:21
39.1146070000598,-84.515773,2026-07-22T14:48:17.000,SICK - 26D1 NOT ALERT,2026-07-22 14:48:17
39.1362480000597,-84.499669,2026-07-22T14:50:13.000,BREATH - 6D2,2026-07-22 14:50:13
39.1150550000598,-84.519023,2026-07-22T14:55:23.000,STROKE - 28C5 FACIAL DROOP,2026-07-22 14:55:23
39.1065200000598,-84.50829,2026-07-22T15:00:28.000,SICK - 26A1,2026-07-22 15:00:28
39.1537250000597,-84.601706,2026-07-22T15:00:59.000,FALL - 17B1,2026-07-22 15:00:59
39.2023520000597,-84.522733,2026-07-22T15:07:54.000,=EMS1 - ALS1 RESPONSE,2026-07-22 15:07:54
39.1538140000597,-84.561686,2026-07-22T15:14:33.000,PERDWN - 32B2 MEDICAL ALARM,2026-07-22 15:14:33
39.1792630000597,-84.512611,2026-07-22T15:19:29.000,SICK - 26A6 NAUSEA,2026-07-22 15:19:29
39.1505930000598,-84.48722,2026-07-22T15:23:28.000,PERDWN - 32B2 MEDICAL ALARM,2026-07-22 15:23:28
39.1163270000597,-84.523134,2026-07-22T15:26:52.000,STROKE - 28C5 FACIAL DROOP,2026-07-22 15:26:52
39.1127580000597,-84.574278,2026-07-22T15:33:47.000,OD - (C) 23D2A ACCIDENTAL,2026-07-22 15:33:47
39.1361360000597,-84.529881,2026-07-22T15:34:05.000,PERDWN - 32D1 UNKNOWN,2026-07-22 15:34:05
39.1610430000597,-84.406446,2026-07-22T15:45:27.000,STROKE - 28C4F CLEAR EVIDENCE,2026-07-22 15:45:27
39.1104120000598,-84.571423,2026-07-22T16:05:16.000,FAINT - 31D2 ABNORMAL BREATH,2026-07-22 16:05:16
39.1057100000598,-84.548709,2026-07-22T16:10:25.000,PREG - 24C2 POSS MISCARRIAGE,2026-07-22 16:10:25
39.1051390000598,-84.560507,2026-07-22T16:20:34.000,SICK - 26C1 ALTERED LOC,2026-07-22 16:20:34
39.1299260000598,-84.598503,2026-07-22T16:22:14.000,SICK - 26A7 IMMOBILE,2026-07-22 16:22:14
39.1043280000598,-84.496961,2026-07-22T16:28:26.000,EMS,2026-07-22 16:28:26
39.1042590000598,-84.571178,2026-07-22T16:29:01.000,FALL - 17B1,2026-07-22 16:29:01
39.1041280000598,-84.497241,2026-07-22T16:29:14.000,FAINT - 31C2,2026-07-22 16:29:14
39.1143920000598,-84.517475,2026-07-22T16:36:01.000,PERDWN - 32B1 PT MOV/TALK,2026-07-22 16:36:01
39.1174580000597,-84.598773,2026-07-22T16:51:30.000,PERDWN - 32B1 PT MOV/TALK,2026-07-22 16:51:30
39.2025240000597,-84.548371,2026-07-22T16:54:15.000,EMS,2026-07-22 16:54:15
39.1178770000598,-84.600142,2026-07-22T17:09:44.000,PERDWN - 32D1 UNKNOWN,2026-07-22 17:09:44
39.1351620000597,-84.505174,2026-07-22T17:12:20.000,SICK - 33C6 SEVERE PAIN,2026-07-22 17:12:20
39.1534100000597,-84.48416,2026-07-22T17:14:18.000,PERDWN - 32B3 UNKNOWN,2026-07-22 17:14:18
39.1302590000598,-84.611618,2026-07-22T17:24:15.000,SICK - 26A8 PAIN,2026-07-22 17:24:15
39.1945200000597,-84.46967,2026-07-22T17:45:20.000,SICK - 26A1,2026-07-22 17:45:20
39.0983580000598,-84.5261,2026-07-22T18:18:38.000,FALL - 17D4 NOT ALERT,2026-07-22 18:18:38
39.1589630000597,-84.408058,2026-07-22T18:20:56.000,FALL - 17B1,2026-07-22 18:20:56
39.1298810000598,-84.513258,2026-07-22T18:23:03.000,EMS,2026-07-22 18:23:03
39.1286350000598,-84.583897,2026-07-22T18:31:49.000,PERDWN - 32B1 PT MOV/TALK,2026-07-22 18:31:49
39.1449500000598,-84.558698,2026-07-22T18:33:13.000,ABDOM - 1A1,2026-07-22 18:33:13
39.1861040000597,-84.468594,2026-07-22T18:46:45.000,EMS,2026-07-22 18:46:45
39.1415220000598,-84.493015,2026-07-22T19:04:41.000,SICK - 26A8 PAIN,2026-07-22 19:04:41
39.1083990000597,-84.569155,2026-07-22T19:09:45.000,FALL - 17B1,2026-07-22 19:09:45
39.1483050000597,-84.496778,2026-07-22T19:21:17.000,FALL - 17D6 LONG,2026-07-22 19:21:17
39.2097320000597,-84.474912,2026-07-22T19:28:16.000,EMS,2026-07-22 19:28:16
39.1673480000597,-84.434258,2026-07-22T19:36:21.000,FAINT - 31D4 NOT ALERT,2026-07-22 19:36:21
39.1105570000598,-84.527686,2026-07-22T19:37:42.000,ASSLTI - (C) =,2026-07-22 19:37:42
39.1105360000598,-84.527713,2026-07-22T19:38:00.000,PERDWN - 32B3 UNKNOWN,2026-07-22 19:38:00
39.1136700000598,-84.526838,2026-07-22T19:39:05.000,PREG - 24C2 POSS MISCARRIAGE,2026-07-22 19:39:05
39.1771870000597,-84.5467,2026-07-22T19:50:09.000,DOMINJ - (C) =,2026-07-22 19:50:09
39.1885550000597,-84.547182,2026-07-22T19:59:16.000,SICK - 26A8 PAIN,2026-07-22 19:59:16
39.1382930000598,-84.487982,2026-07-22T20:02:33.000,BREATH - 6D2A ASTHMA,2026-07-22 20:02:33
39.1642690000597,-84.544191,2026-07-22T20:09:25.000,BREATH - 6C1,2026-07-22 20:09:25
39.1763870000597,-84.54836,2026-07-22T20:17:52.000,EMS,2026-07-22 20:17:52
39.1181250000598,-84.579487,2026-07-22T20:31:27.000,CHESTPN - 10D5 CARDIAC HX,2026-07-22 20:31:27
39.1823370000597,-84.458374,2026-07-22T20:44:45.000,DOMINJ - (C)(W) =,2026-07-22 20:44:45
39.1434470000597,-84.521694,2026-07-22T20:45:07.000,FALL - 17A2,2026-07-22 20:45:07
39.1448470000597,-84.520974,2026-07-22T20:45:39.000,FALL - 17D4 NOT ALERT,2026-07-22 20:45:39
39.1062120000598,-84.511623,2026-07-22T20:47:23.000,FALL - 17B4,2026-07-22 20:47:23
39.1851460000597,-84.511843,2026-07-22T20:48:50.000,FAINT - 31D2 ABNORMAL BREATH,2026-07-22 20:48:50
39.1466960000598,-84.61965,2026-07-22T20:55:19.000,INVEST - 69D5O ODOR OF SMOKE,2026-07-22 20:55:19
39.1293950000597,-84.476421,2026-07-22T21:10:37.000,SICK - 26D1 NOT ALERT,2026-07-22 21:10:37
39.1118860000598,-84.513992,2026-07-22T21:11:38.000,FAINT - 31D2 ABNORMAL BREATH,2026-07-22 21:11:38
39.1046310000598,-84.521064,2026-07-22T21:15:46.000,BREATH - 6D2A ASTHMA,2026-07-22 21:15:46
39.1168200000598,-84.530246,2026-07-22T21:16:10.000,ARREST - 9E1 NOT BREATHING,2026-07-22 21:16:10
39.1368830000598,-84.460705,2026-07-22T21:22:50.000,SICK - 26C2 ABNORMAL BREATH,2026-07-22 21:22:50
39.1071830000598,-84.583638,2026-07-22T21:28:24.000,BREATH - 6C1A ASTHMA,2026-07-22 21:28:24
39.1062910000598,-84.508789,2026-07-22T21:40:39.000,=EMS2 - ALS2 RESPONSE,2026-07-22 21:40:39
39.1340180000597,-84.488162,2026-07-22T21:42:54.000,=EMS1 - ALS1 RESPONSE,2026-07-22 21:42:54
39.2102200000597,-84.528729,2026-07-22T22:07:19.000,FALL - 17B1,2026-07-22 22:07:19
39.1907660000597,-84.517359,2026-07-22T22:14:45.000,PREG - 24B2,2026-07-22 22:14:45
39.1349730000598,-84.551462,2026-07-22T22:15:53.000,EMS,2026-07-22 22:15:53
39.1565320000597,-84.549228,2026-07-22T22:31:28.000,FAINT - 31D2 ABNORMAL BREATH,2026-07-22 22:31:28
39.1699780000597,-84.550302,2026-07-22T23:04:17.000,SEIZURE - 12D2 MULTIPLE,2026-07-22 23:04:17
39.1114730000598,-84.51812,2026-07-22T23:15:30.000,ASSLTI - (C) =,2026-07-22 23:15:30
39.1471910000598,-84.613456,2026-07-22T23:19:54.000,SICK - 26A3 VERTIGO,2026-07-22 23:19:54
39.1738860000597,-84.433572,2026-07-22T23:31:49.000,EMS,2026-07-22 23:31:49
39.1972420000597,-84.477123,2026-07-22T23:42:09.000,CHESTPN - 10D4 CLAMMY,2026-07-22 23:42:09
39.1295020000598,-84.513385,2026-07-22T23:51:34.000,=EMS - (C),2026-07-22 23:51:34
39.1362230000597,-84.603593,2026-07-22T23:59:03.000,SICK - 26C1 ALTERED LOC,2026-07-22 23:59:03
39.1060710000598,-84.508569,2026-07-23T00:15:04.000,=EMS - (C),2026-07-23 00:15:04
39.1290120000598,-84.513395,2026-07-23T00:17:35.000,=EMS - (C),2026-07-23 00:17:35
39.1101320000598,-84.564488,2026-07-23T00:21:32.000,BREATH - 6C1A ASTHMA,2026-07-23 00:21:32
39.1372790000597,-84.535744,2026-07-23T00:25:23.000,CHESTPN - 10D2 DIFF SPEAKING,2026-07-23 00:25:23
39.1175900000597,-84.415014,2026-07-23T00:27:56.000,CHESTPN - 10D2 DIFF SPEAKING,2026-07-23 00:27:56
39.1296900000598,-84.493937,2026-07-23T00:33:05.000,BREATH - 6C1,2026-07-23 00:33:05
39.1879800000597,-84.56549,2026-07-23T00:34:21.000,CHESTPN - 10D2 DIFF SPEAKING,2026-07-23 00:34:21
39.1153420000597,-84.694622,2026-07-23T00:46:13.000,CHESTPN - 10D5 CARDIAC HX,2026-07-23 00:46:13
39.1757230000597,-84.475676,2026-07-23T00:47:08.000,CHESTPN - 10D1 NOT ALERT,2026-07-23 00:47:08
39.1562970000597,-84.550422,2026-07-23T01:02:02.000,DOMINJ - (C) =,2026-07-23 01:02:02
39.1287180000597,-84.5373,2026-07-23T01:04:46.000,SICK - 26A6 NAUSEA,2026-07-23 01:04:46
39.1041120000598,-84.512076,2026-07-23T01:06:40.000,FALL - 17D4 NOT ALERT,2026-07-23 01:06:40
39.1040870000598,-84.512259,2026-07-23T01:07:49.000,BREATH - 6D2,2026-07-23 01:07:49
39.1363430000598,-84.487332,2026-07-23T01:22:29.000,CHESTPN - 10D2 DIFF SPEAKING,2026-07-23 01:22:29
39.1898230000597,-84.574073,2026-07-23T01:42:10.000,SICK - 26D1 NOT ALERT,2026-07-23 01:42:10
39.0963180000598,-84.509971,2026-07-23T01:46:54.000,=ASSLTI - (C),2026-07-23 01:46:54
39.1978310000597,-84.457809,2026-07-23T01:55:58.000,FALL - 17B4,2026-07-23 01:55:58
39.1176010000598,-84.559427,2026-07-23T02:05:36.000,PERDWN - 32D1 UNKNOWN,2026-07-23 02:05:36
39.1972560000597,-84.465376,2026-07-23T02:14:02.000,"FUMES - 66C3 SICK, OUTSIDE",2026-07-23 02:14:02
39.1554310000597,-84.596822,2026-07-23T02:28:27.000,LIFT - 53A2,2026-07-23 02:28:27
39.1457650000597,-84.498663,2026-07-23T03:21:20.000,DOMINJ - (C)(W) =,2026-07-23 03:21:20
39.1219430000598,-84.531944,2026-07-23T03:39:00.000,LIFT - 17A4,2026-07-23 03:39:00
39.1247770000598,-84.568713,2026-07-23T03:47:57.000,SICK - 26C3 SICKLE CELL,2026-07-23 03:47:57
39.1929780000597,-84.543936,2026-07-23T03:56:09.000,SICK - 33A1 MED OFF OR CLINIC,2026-07-23 03:56:09
39.2151300000597,-84.487704,2026-07-23T04:02:17.000,FALL - 17B4,2026-07-23 04:02:17
39.1952840000597,-84.565007,2026-07-23T04:04:34.000,CHESTPN - 10D4 CLAMMY,2026-07-23 04:04:34
39.1040070000598,-84.553014,2026-07-23T04:16:16.000,BREATH - 6E1O INEFFECT BREATH,2026-07-23 04:16:16
39.1089790000598,-84.576528,2026-07-23T04:24:18.000,CHESTPN - 10D4 CLAMMY,2026-07-23 04:24:18
39.1053550000598,-84.570198,2026-07-23T04:32:42.000,FALL - 17B3 STAIRS,2026-07-23 04:32:42
39.2102810000597,-84.473733,2026-07-23T04:40:12.000,BREATH - 6D2,2026-07-23 04:40:12
39.1577580000597,-84.421986,2026-07-23T04:47:54.000,FALL - 17A2,2026-07-23 04:47:54
39.2128200000597,-84.47086,2026-07-23T05:13:56.000,SICK - 26C2 ABNORMAL BREATH,2026-07-23 05:13:56
39.1906840000597,-84.457786,2026-07-23T05:17:03.000,SICK - 26A7 IMMOBILE,2026-07-23 05:17:03
39.2009980000597,-84.462194,2026-07-23T05:19:10.000,BREATH - 6D1A NOT ALERT,2026-07-23 05:19:10
39.1342710000598,-84.527387,2026-07-23T05:19:15.000,SEIZURE - 12C4,2026-07-23 05:19:15
39.0994440000598,-84.520264,2026-07-23T05:26:20.000,DOMINJ - (C) =,2026-07-23 05:26:20
39.1919190000597,-84.567372,2026-07-23T05:31:13.000,FALL - 17B4,2026-07-23 05:31:13
39.2164670000597,-84.486229,2026-07-23T06:17:23.000,FALL - 17D4 NOT ALERT,2026-07-23 06:17:23
39.0954250000598,-84.571727,2026-07-23T06:27:40.000,LIFT - 53A2,2026-07-23 06:27:40
39.1341160000598,-84.475328,2026-07-23T06:34:07.000,PERDWN - 32D1 UNKNOWN,2026-07-23 06:34:07
39.1253930000598,-84.501377,2026-07-23T07:06:52.000,"BLEED - 21B2T SERIOUS, TRAUMA",2026-07-23 07:06:52
39.1223850000598,-84.517905,2026-07-23T07:16:23.000,PERDWN - 32D1 UNKNOWN,2026-07-23 07:16:23
39.1997520000597,-84.458819,2026-07-23T07:28:42.000,FALL - 17D5 SOB,2026-07-23 07:28:42
39.1569560000597,-84.545991,2026-07-23T07:30:49.000,=EMS - (C),2026-07-23 07:30:49
39.1801890000597,-84.409515,2026-07-23T07:38:02.000,BLEED - 21B1 DANGEROUS,2026-07-23 07:38:02
39.1036940000597,-84.569732,2026-07-23T08:04:33.000,SICK - 26C2 ABNORMAL BREATH,2026-07-23 08:04:33
39.1945210000597,-84.535705,2026-07-23T08:06:22.000,EMS,2026-07-23 08:06:22
39.1524810000597,-84.603033,2026-07-23T08:21:50.000,PERDWN - 32D1 UNKNOWN,2026-07-23 08:21:50
39.1383540000597,-84.488268,2026-07-23T08:47:37.000,CHESTPN - 10D2 DIFF SPEAKING,2026-07-23 08:47:37
39.1577540000597,-84.419818,2026-07-23T08:50:36.000,BREATH - 6D2,2026-07-23 08:50:36
39.1497440000597,-84.60692,2026-07-23T09:00:19.000,ABDOM - 1C1 AORTIC ANEURYSM,2026-07-23 09:00:19
39.1315660000598,-84.610389,2026-07-23T09:03:25.000,BREATH - 6D2A ASTHMA,2026-07-23 09:03:25
39.1172320000598,-84.536892,2026-07-23T09:08:11.000,SICK - 26A11 VOMITING,2026-07-23 09:08:11
39.1035180000598,-84.497661,2026-07-23T09:36:16.000,FALL - 17B4,2026-07-23 09:36:16
39.2158070000597,-84.471512,2026-07-23T09:47:38.000,OUTDR - 67A2 ILLEGAL BURN,2026-07-23 09:47:38
39.1279690000597,-84.606234,2026-07-23T09:48:17.000,=PERDWN,2026-07-23 09:48:17
39.0829740000598,-84.587197,2026-07-23T09:50:42.000,CHESTPN - 10D2 DIFF SPEAKING,2026-07-23 09:50:42
39.1432130000597,-84.444035,2026-07-23T10:04:06.000,CHESTPN - 10D5 CARDIAC HX,2026-07-23 10:04:06
39.1307680000598,-84.487859,2026-07-23T10:05:01.000,FALL - 17B4,2026-07-23 10:05:01
39.1425520000598,-84.491375,2026-07-23T10:27:16.000,FALL - 17A3 NON RECENT,2026-07-23 10:27:16
39.1876150000597,-84.547182,2026-07-23T10:34:57.000,INJF - 30B2 BLEEDING,2026-07-23 10:34:57
39.1202540000598,-84.558704,2026-07-23T10:39:30.000,DIABETIC - 13C1 NOT ALERT,2026-07-23 10:39:30
39.2079230000597,-84.472401,2026-07-23T10:47:09.000,PERDWN - 32D1 UNKNOWN,2026-07-23 10:47:09
39.1363050000597,-84.47828,2026-07-23T11:00:44.000,CHESTPN - 10C3,2026-07-23 11:00:44
39.1514030000598,-84.408651,2026-07-23T11:03:38.000,SICK - 26A9 TRANSPORT ONLY,2026-07-23 11:03:38
39.1574190000597,-84.5256,2026-07-23T11:06:12.000,SICK - 33A2 NURSING HOME,2026-07-23 11:06:12
39.1556190000597,-84.561798,2026-07-23T11:09:05.000,BLEED - 21B1 DANGEROUS,2026-07-23 11:09:05
39.1130180000598,-84.519214,2026-07-23T11:09:57.000,SICK - 26A8 PAIN,2026-07-23 11:09:57
39.1982530000597,-84.463215,2026-07-23T11:13:02.000,SICK - 26C1 ALTERED LOC,2026-07-23 11:13:02
39.0930300000598,-84.38989,2026-07-23T11:13:58.000,EMS,2026-07-23 11:13:58
39.1321620000598,-84.533862,2026-07-23T11:18:41.000,PREG - 24B2,2026-07-23 11:18:41
39.1321410000598,-84.46596,2026-07-23T11:26:02.000,FALL - 17A3 NON RECENT,2026-07-23 11:26:02
39.2005490000597,-84.576727,2026-07-23T11:32:14.000,FALL - 17B4,2026-07-23 11:32:14
39.1258760000598,-84.549786,2026-07-23T11:34:06.000,SICK - 26C2 ABNORMAL BREATH,2026-07-23 11:34:06
39.1500560000597,-84.441044,2026-07-23T11:39:59.000,SICK - 26A7 IMMOBILE,2026-07-23 11:39:59
39.1360720000597,-84.505334,2026-07-23T11:54:54.000,BREATH - 6C1,2026-07-23 11:54:54
39.1260330000597,-84.427912,2026-07-23T11:54:58.000,CHESTPN - 10D5 CARDIAC HX,2026-07-23 11:54:58
39.1311000000598,-84.58526,2026-07-23T11:57:25.000,FAINT - 31D4 NOT ALERT,2026-07-23 11:57:25
39.1684200000597,-84.468748,2026-07-23T11:58:38.000,BREATH - 6D1 NOT ALERT,2026-07-23 11:58:38
39.1447640000597,-84.488982,2026-07-23T12:05:00.000,INJF - 30D4 DIFF BREATHING,2026-07-23 12:05:00
39.1259000000597,-84.605072,2026-07-23T12:12:10.000,OUTDR - 67A2 ILLEGAL BURN,2026-07-23 12:12:10
39.1918890000597,-84.539452,2026-07-23T12:18:47.000,SICK - 33A1 MED OFF OR CLINIC,2026-07-23 12:18:47
39.1654160000597,-84.513523,2026-07-23T12:19:58.000,OD - 23C8A ACCIDENTAL,2026-07-23 12:19:58
39.1121060000598,-84.563947,2026-07-23T12:23:24.000,CHESTPN - 10D4 CLAMMY,2026-07-23 12:23:24
39.1228180000598,-84.501347,2026-07-23T12:28:09.000,BREATH - 6C1A ASTHMA,2026-07-23 12:28:09
39.0906170000598,-84.391462,2026-07-23T12:31:18.000,SICK - 33A2 NURSING HOME,2026-07-23 12:31:18
39.1377590000597,-84.576035,2026-07-23T12:39:28.000,=EMS - (C),2026-07-23 12:39:28
39.1123780000598,-84.5275,2026-07-23T12:40:53.000,BREATH - 6C1O,2026-07-23 12:40:53
39.1614790000597,-84.380183,2026-07-23T12:54:09.000,STROKE - 28C1 NOT ALERT,2026-07-23 12:54:09
39.1298460000598,-84.598603,2026-07-23T12:58:39.000,SICK - 33C6 SEVERE PAIN,2026-07-23 12:58:39
39.1515180000597,-84.535698,2026-07-23T13:01:27.000,FAINT - 31A3,2026-07-23 13:01:27
39.1793550000597,-84.513413,2026-07-23T13:02:51.000,FALL - 17A2,2026-07-23 13:02:51
39.1354870000597,-84.507806,2026-07-23T13:11:24.000,PERDWN - 32B3 UNKNOWN,2026-07-23 13:11:24
39.1079700000598,-84.50872,2026-07-23T13:14:10.000,SICK - 26A1,2026-07-23 13:14:10
39.1440850000598,-84.55777,2026-07-23T13:33:24.000,DIABETIC - 13C3,2026-07-23 13:33:24
39.1367620000597,-84.504944,2026-07-23T13:35:34.000,SICK - 26A2 ABNORMAL BP,2026-07-23 13:35:34
39.1104680000598,-84.69097,2026-07-23T13:39:09.000,=EMS1 - ALS1 RESPONSE,2026-07-23 13:39:09
39.1250710000598,-84.519337,2026-07-23T13:42:23.000,SICK - 26A7 IMMOBILE,2026-07-23 13:42:23
39.1050120000598,-84.513567,2026-07-23T13:49:49.000,FAINT - 31D4 NOT ALERT,2026-07-23 13:49:49
39.1357600000597,-84.60621,2026-07-23T13:57:24.000,SICK - 33C6 SEVERE PAIN,2026-07-23 13:57:24
39.2036360000597,-84.459066,2026-07-23T14:02:36.000,DIABETIC - 13A1,2026-07-23 14:02:36
39.1481420000598,-84.621353,2026-07-23T14:06:41.000,SICK - 26C2 ABNORMAL BREATH,2026-07-23 14:06:41
39.1793600000597,-84.477807,2026-07-23T14:20:21.000,SICK - 26C2 ABNORMAL BREATH,2026-07-23 14:20:21
39.1423320000598,-84.491985,2026-07-23T14:23:54.000,SICK - 26A8 PAIN,2026-07-23 14:23:54
39.1951320000597,-84.486269,2026-07-23T14:27:44.000,PERDWN - 32D1 UNKNOWN,2026-07-23 14:27:44
39.1186900000598,-84.54581,2026-07-23T14:30:18.000,SEIZURE - 12D2 MULTIPLE,2026-07-23 14:30:18
39.1311770000597,-84.601441,2026-07-23T14:31:37.000,PERDWN - 32D1 UNKNOWN,2026-07-23 14:31:37
39.0837330000598,-84.618379,2026-07-23T14:35:51.000,SICK - 26A7 IMMOBILE,2026-07-23 14:35:51
39.1102490000597,-84.504863,2026-07-23T14:38:37.000,=EMS - (C),2026-07-23 14:38:37
39.0988380000598,-84.52714,2026-07-23T14:47:47.000,ABDOM - 1C2 AORTIC ANEURYSM,2026-07-23 14:47:47
39.1064000000598,-84.50934,2026-07-23T14:49:43.000,SICK - 26C2 ABNORMAL BREATH,2026-07-23 14:49:43
39.1279130000598,-84.510478,2026-07-23T14:50:09.000,PERDWN - 32D1 UNKNOWN,2026-07-23 14:50:09
39.1205780000598,-84.701368,2026-07-23T15:03:58.000,=EMS1 - ALS1 RESPONSE,2026-07-23 15:03:58
39.1056490000598,-84.561007,2026-07-23T15:05:44.000,PERDWN - 32B2 MEDICAL ALARM,2026-07-23 15:05:44
39.1495290000597,-84.53257,2026-07-23T15:07:55.000,CHESTPN - 10D1 NOT ALERT,2026-07-23 15:07:55
39.1344700000598,-84.571833,2026-07-23T15:11:13.000,SEIZURE - 12D2 MULTIPLE,2026-07-23 15:11:13
39.2119540000597,-84.531439,2026-07-23T15:15:53.000,FALL - 17A2,2026-07-23 15:15:53
39.1045410000598,-84.522075,2026-07-23T15:20:00.000,BREATH - 6D2,2026-07-23 15:20:00
39.1810600000597,-84.46256,2026-07-23T15:20:12.000,DOMINJ - (C) =,2026-07-23 15:20:12
39.1467890000597,-84.489091,2026-07-23T15:20:46.000,BREATH - 6D1 NOT ALERT,2026-07-23 15:20:46
39.1972520000597,-84.573497,2026-07-23T15:28:24.000,OD - (C) 23D2I INTENTIONAL,2026-07-23 15:28:24
39.1366530000597,-84.507571,2026-07-23T15:31:48.000,PERDWN - 32D1 UNKNOWN,2026-07-23 15:31:48
39.1139570000598,-84.51457,2026-07-23T15:40:01.000,PERDWN - 32D1 UNKNOWN,2026-07-23 15:40:01
39.1387010000597,-84.554695,2026-07-23T15:46:04.000,SICK - 26D1 NOT ALERT,2026-07-23 15:46:04
39.1130030000598,-84.585076,2026-07-23T15:54:29.000,PERDWN - 32B3 UNKNOWN,2026-07-23 15:54:29
39.1364220000597,-84.504794,2026-07-23T15:55:43.000,ALRGY - 2C1 DIFF BREATHING,2026-07-23 15:55:43
39.1417460000597,-84.619674,2026-07-23T15:58:20.000,ABDOM - 1C6,2026-07-23 15:58:20
39.1428930000597,-84.603022,2026-07-23T16:02:50.000,=EMS - (C),2026-07-23 16:02:50
39.1408360000597,-84.528179,2026-07-23T16:18:40.000,FAINT - 31D3,2026-07-23 16:18:40
39.1073700000598,-84.50932,2026-07-23T16:22:55.000,SICK - 26A2 ABNORMAL BP,2026-07-23 16:22:55
39.2141900000597,-84.487694,2026-07-23T16:36:43.000,BREATH - 6D2,2026-07-23 16:36:43
39.1065310000598,-84.512797,2026-07-23T16:37:27.000,FAINT - 31D4 NOT ALERT,2026-07-23 16:37:27
39.1599280000597,-84.496713,2026-07-23T16:37:30.000,SICK - 26C2 ABNORMAL BREATH,2026-07-23 16:37:30
39.1102000000598,-84.529521,2026-07-23T16:49:17.000,CHESTPN - 10D5 CARDIAC HX,2026-07-23 16:49:17
39.2085100000597,-84.537878,2026-07-23T16:51:35.000,SICK - 26C2 ABNORMAL BREATH,2026-07-23 16:51:35
39.1358410000598,-84.534677,2026-07-23T16:57:06.000,PERDWN - 32D1 UNKNOWN,2026-07-23 16:57:06
39.2133980000597,-84.482402,2026-07-23T16:58:06.000,FALL - 17A2,2026-07-23 16:58:06
39.1820650000597,-84.463616,2026-07-23T16:58:51.000,EMS,2026-07-23 16:58:51
39.1566930000597,-84.551389,2026-07-23T17:06:13.000,CHESTPN - 10D2 DIFF SPEAKING,2026-07-23 17:06:13
39.1249970000597,-84.576097,2026-07-23T17:15:28.000,SICK - 33C1 NOT ALERT,2026-07-23 17:15:28
39.1575220000597,-84.399637,2026-07-23T17:19:08.000,LIFT - 53A2,2026-07-23 17:19:08
39.1636630000597,-84.508583,2026-07-23T17:22:54.000,PERDWN - 32D1 UNKNOWN,2026-07-23 17:22:54
39.1046090000598,-84.559857,2026-07-23T17:29:02.000,SICK - 26C1 ALTERED LOC,2026-07-23 17:29:02
39.1108050000598,-84.57218,2026-07-23T17:36:49.000,EMS,2026-07-23 17:36:49
39.1777150000597,-84.437362,2026-07-23T17:41:48.000,SICK - 26C2 ABNORMAL BREATH,2026-07-23 17:41:48
39.1109970000597,-84.563341,2026-07-23T17:42:34.000,SICK - 26A8 PAIN,2026-07-23 17:42:34
39.1270810000598,-84.494447,2026-07-23T17:48:01.000,EMS,2026-07-23 17:48:01
39.1518290000597,-84.533028,2026-07-23T17:53:03.000,BLEED - 21A1,2026-07-23 17:53:03
39.1313240000597,-84.586437,2026-07-23T17:53:43.000,=ASSLTI - (C),2026-07-23 17:53:43
39.1019420000598,-84.567526,2026-07-23T17:56:22.000,SICK - 26A11 VOMITING,2026-07-23 17:56:22
39.1269830000598,-84.560158,2026-07-23T17:57:24.000,SICK - 26A2 ABNORMAL BP,2026-07-23 17:57:24
39.1058580000597,-84.514476,2026-07-23T17:59:55.000,SICK - 26A10 UNWELL,2026-07-23 17:59:55
39.1837740000597,-84.548572,2026-07-23T18:09:53.000,FALL - 17A2,2026-07-23 18:09:53
39.1801180000597,-84.511632,2026-07-23T18:13:30.000,ASSLTI - (C) =,2026-07-23 18:13:30
39.1638870000597,-84.512201,2026-07-23T18:15:40.000,"OD - (C) 23C3A ANTIDEP, ACC",2026-07-23 18:15:40
39.1029650000598,-84.511109,2026-07-23T18:21:08.000,LIFT - 17A4,2026-07-23 18:21:08
39.1319810000598,-84.46416,2026-07-23T18:21:11.000,BREATH - 6D2E EMPHYSEMA,2026-07-23 18:21:11
39.1026970000597,-84.510316,2026-07-23T18:21:13.000,FALL - 17B4,2026-07-23 18:21:13
39.1787300000597,-84.44355,2026-07-23T18:24:11.000,FALL - 17B4,2026-07-23 18:24:11
39.1481860000597,-84.570732,2026-07-23T18:28:33.000,PERDWN - 32B2 MEDICAL ALARM,2026-07-23 18:28:33
39.1634030000597,-84.537205,2026-07-23T18:31:41.000,PERDWN - 32D1 UNKNOWN,2026-07-23 18:31:41
39.1122270000597,-84.509197,2026-07-23T18:33:56.000,BLEED - 21D3 NOT ALERT,2026-07-23 18:33:56
39.1126580000598,-84.52669,2026-07-23T18:39:33.000,=EMS - (C),2026-07-23 18:39:33
39.1426670000598,-84.616868,2026-07-23T18:51:26.000,SEIZURE - 12C4,2026-07-23 18:51:26
39.1397380000597,-84.529343,2026-07-23T19:02:56.000,FALL - 17B1,2026-07-23 19:02:56
39.1354610000598,-84.485939,2026-07-23T19:26:52.000,ASSLTI - (C) =,2026-07-23 19:26:52
39.1479340000598,-84.611725,2026-07-23T19:30:05.000,HEADACHE - 18C1C POSS STROKE,2026-07-23 19:30:05
39.1068200000598,-84.50865,2026-07-23T19:51:10.000,ABDOM - 1A1,2026-07-23 19:51:10
39.0981080000598,-84.52698,2026-07-23T20:04:37.000,FALL - 17B5 NON-RECENT,2026-07-23 20:04:37
39.1494410000597,-84.603791,2026-07-23T20:05:15.000,SICK - 26C1 ALTERED LOC,2026-07-23 20:05:15
39.1798700000597,-84.412966,2026-07-23T20:07:21.000,=ASSLTI - (C),2026-07-23 20:07:21
39.0980530000598,-84.38301,2026-07-23T20:29:22.000,SEIZURE - 12D2 MULTIPLE,2026-07-23 20:29:22
39.1048770000598,-84.512716,2026-07-23T20:34:15.000,PERDWN - 32B1 PT MOV/TALK,2026-07-23 20:34:15
39.1840450000597,-84.405814,2026-07-23T20:38:33.000,SICK - 26A8 PAIN,2026-07-23 20:38:33
39.1759610000597,-84.462197,2026-07-23T20:45:40.000,SICK - 26D1 NOT ALERT,2026-07-23 20:45:40
39.0865320000598,-84.386227,2026-07-23T21:00:54.000,FALL - 17A2,2026-07-23 21:00:54
39.1250370000597,-84.575997,2026-07-23T21:14:57.000,ASSLTI - (C) =,2026-07-23 21:14:57
39.1144700000598,-84.571996,2026-07-23T21:25:21.000,EYEPRB - 16A1 MODERATE,2026-07-23 21:25:21
39.1508840000597,-84.50848,2026-07-23T21:32:39.000,PERDWN - 32B2 MEDICAL ALARM,2026-07-23 21:32:39
39.1256630000598,-84.502717,2026-07-23T21:34:27.000,CHESTPN - 10D5 CARDIAC HX,2026-07-23 21:34:27
39.1203270000597,-84.549356,2026-07-23T21:35:05.000,EYEPRB - 16A1 MODERATE,2026-07-23 21:35:05
39.1877800000597,-84.511589,2026-07-23T21:44:00.000,DIABETIC - 13A1,2026-07-23 21:44:00
39.1370150000598,-84.485558,2026-07-23T21:50:04.000,BREATH - 6D5 TRACHEOSTOMY,2026-07-23 21:50:04
39.1468140000597,-84.501683,2026-07-23T21:53:51.000,BREATH - 6D2A ASTHMA,2026-07-23 21:53:51
39.1363060000598,-84.476303,2026-07-23T21:56:53.000,SICK - 26C2 ABNORMAL BREATH,2026-07-23 21:56:53
39.1441250000598,-84.55825,2026-07-23T22:01:36.000,BREATH - 6C1,2026-07-23 22:01:36
39.1084200000598,-84.513262,2026-07-23T22:05:44.000,PERDWN - 32B1 PT MOV/TALK,2026-07-23 22:05:44
39.1054590000598,-84.561327,2026-07-23T22:06:09.000,CHESTPN - 10C1 ABNORMAL BREATH,2026-07-23 22:06:09
39.1027170000598,-84.52041,2026-07-23T22:23:16.000,BREATH - 6D2,2026-07-23 22:23:16
39.1425170000597,-84.472738,2026-07-23T22:35:10.000,ABDOM - 1A1,2026-07-23 22:35:10
39.1568550000597,-84.543064,2026-07-23T22:51:27.000,SICK - 26A10 UNWELL,2026-07-23 22:51:27
39.1228680000598,-84.490872,2026-07-23T22:51:45.000,SICK - 26A8 PAIN,2026-07-23 22:51:45
39.1822710000597,-84.449849,2026-07-23T22:53:04.000,SICK - 26D1 NOT ALERT,2026-07-23 22:53:04
39.1063230000598,-84.512905,2026-07-23T23:02:54.000,SICK - 26A8 PAIN,2026-07-23 23:02:54
39.1249010000598,-84.418825,2026-07-23T23:09:06.000,FALL - 17A2,2026-07-23 23:09:06
39.1103200000598,-84.55141,2026-07-23T23:12:28.000,FALL - 17D4 NOT ALERT,2026-07-23 23:12:28
39.1511050000597,-84.394411,2026-07-23T23:21:50.000,FALL - 17B1,2026-07-23 23:21:50
39.1179560000597,-84.516657,2026-07-23T23:37:38.000,BREATH - 6C1E EMPHYSEMA,2026-07-23 23:37:38
39.1041700000598,-84.509651,2026-07-23T23:38:06.000,CHESTPN - 10C3,2026-07-23 23:38:06
39.2017780000597,-84.455074,2026-07-23T23:39:04.000,SICK - 26A8 PAIN,2026-07-23 23:39:04
39.1311450000598,-84.499123,2026-07-23T23:49:53.000,BREATH - 6C1A ASTHMA,2026-07-23 23:49:53
39.0803420000598,-84.588159,2026-07-23T23:50:27.000,BLEED - 21D5 ABNORMAL BREATH,2026-07-23 23:50:27
